customer_id,name,age,gender,city,state,annual_income,skin_type,signup_date
1,Customer_1,59,Female,Jaipur,Rajasthan,599623,Combination,2022-05-23
2,Customer_2,53,Female,Mumbai,Maharashtra,1525965,Sensitive,2023-08-21
3,Customer_3,41,Male,Jaipur,Rajasthan,590102,Normal,2023-05-21
4,Customer_4,21,Male,Hyderabad,Telangana,620531,Oily,2024-03-22
5,Customer_5,56,Male,Jaipur,Rajasthan,1106915,Sensitive,2023-09-03
6,Customer_6,51,Female,Indore,Madhya Pradesh,1460198,Dry,2023-11-28
7,Customer_7,52,Female,Hyderabad,Telangana,1644194,Combination,2022-04-25
8,Customer_8,45,Male,Delhi,Delhi,1251527,Dry,2024-01-10
9,Customer_9,50,Male,Delhi,Delhi,1364685,Dry,2024-06-10
10,Customer_10,58,Male,Delhi,Delhi,620527,Combination,2024-02-20
11,Customer_11,52,Male,Pune,Maharashtra,1556077,Combination,2023-05-16
12,Customer_12,25,Female,Bengaluru,Karnataka,944903,Oily,2022-03-01
13,Customer_13,54,Male,Mumbai,Maharashtra,479628,Sensitive,2024-04-15
14,Customer_14,52,Male,Hyderabad,Telangana,569256,Sensitive,2023-07-17
15,Customer_15,34,Female,Pune,Maharashtra,744173,Normal,2024-02-13
16,Customer_16,37,Female,Mumbai,Maharashtra,1708629,Combination,2023-03-25
17,Customer_17,46,Male,Lucknow,Uttar Pradesh,819895,Oily,2022-03-07
18,Customer_18,19,Male,Ahmedabad,Gujarat,1534048,Oily,2022-01-08
19,Customer_19,58,Male,Hyderabad,Telangana,780125,Dry,2022-02-02
20,Customer_20,22,Male,Ahmedabad,Gujarat,884009,Sensitive,2022-08-08
21,Customer_21,26,Female,Lucknow,Uttar Pradesh,809602,Sensitive,2024-04-06
22,Customer_22,30,Male,Jaipur,Rajasthan,503278,Sensitive,2022-12-29
23,Customer_23,44,Female,Jaipur,Rajasthan,413605,Dry,2022-03-04
24,Customer_24,39,Male,Jaipur,Rajasthan,821470,Oily,2022-07-14
25,Customer_25,46,Male,Lucknow,Uttar Pradesh,1184749,Oily,2022-10-13
26,Customer_26,33,Male,Indore,Madhya Pradesh,1229312,Normal,2022-04-11
27,Customer_27,59,Male,Bengaluru,Karnataka,495586,Oily,2022-06-20
28,Customer_28,49,Female,Jaipur,Rajasthan,748260,Sensitive,2022-03-02
29,Customer_29,42,Male,Pune,Maharashtra,1118773,Combination,2024-03-13
30,Customer_30,36,Female,Indore,Madhya Pradesh,1760858,Normal,2023-11-09
31,Customer_31,27,Male,Indore,Madhya Pradesh,922241,Oily,2022-03-01
32,Customer_32,52,Male,Chandigarh,Chandigarh,957676,Dry,2022-02-21
33,Customer_33,48,Male,Chandigarh,Chandigarh,419285,Normal,2022-03-24
34,Customer_34,22,Male,Pune,Maharashtra,1716023,Oily,2023-02-18
35,Customer_35,54,Male,Hyderabad,Telangana,1514081,Normal,2022-02-10
36,Customer_36,23,Female,Chandigarh,Chandigarh,1678611,Normal,2023-08-02
37,Customer_37,38,Female,Lucknow,Uttar Pradesh,728362,Combination,2022-09-02
38,Customer_38,43,Male,Delhi,Delhi,1708636,Combination,2023-04-14
39,Customer_39,22,Male,Ahmedabad,Gujarat,1261094,Normal,2023-07-31
40,Customer_40,22,Male,Hyderabad,Telangana,1360917,Combination,2022-05-16
41,Customer_41,22,Male,Ahmedabad,Gujarat,1074954,Combination,2022-06-11
42,Customer_42,52,Female,Indore,Madhya Pradesh,1582781,Normal,2022-01-09
43,Customer_43,37,Male,Lucknow,Uttar Pradesh,581628,Combination,2022-04-29
44,Customer_44,53,Male,Hyderabad,Telangana,871155,Combination,2023-09-12
45,Customer_45,39,Male,Mumbai,Maharashtra,1741785,Combination,2023-06-02
46,Customer_46,34,Male,Indore,Madhya Pradesh,493563,Sensitive,2024-04-29
47,Customer_47,20,Male,Delhi,Delhi,999518,Oily,2023-10-15
48,Customer_48,28,Female,Delhi,Delhi,1456957,Sensitive,2023-07-29
49,Customer_49,25,Male,Bengaluru,Karnataka,1749173,Oily,2023-07-13
50,Customer_50,41,Male,Bengaluru,Karnataka,1201328,Oily,2022-02-12
51,Customer_51,41,Male,Delhi,Delhi,1050380,Oily,2023-11-30
52,Customer_52,60,Male,Mumbai,Maharashtra,1041717,Normal,2024-06-14
53,Customer_53,57,Male,Jaipur,Rajasthan,796474,Oily,2024-03-30
54,Customer_54,44,Male,Pune,Maharashtra,676146,Combination,2024-03-12
55,Customer_55,60,Male,Jaipur,Rajasthan,859532,Oily,2024-03-17
56,Customer_56,42,Male,Hyderabad,Telangana,1287108,Oily,2022-07-24
57,Customer_57,40,Female,Indore,Madhya Pradesh,777302,Oily,2022-01-25
58,Customer_58,43,Female,Mumbai,Maharashtra,884272,Dry,2024-03-02
59,Customer_59,40,Female,Delhi,Delhi,1725052,Normal,2022-12-06
60,Customer_60,25,Female,Bengaluru,Karnataka,674483,Normal,2022-09-29
61,Customer_61,24,Female,Bengaluru,Karnataka,1024958,Combination,2023-03-23
62,Customer_62,50,Male,Chandigarh,Chandigarh,1107813,Normal,2022-07-14
63,Customer_63,20,Female,Delhi,Delhi,303546,Normal,2024-04-05
64,Customer_64,60,Male,Lucknow,Uttar Pradesh,1063827,Sensitive,2022-03-13
65,Customer_65,57,Female,Ahmedabad,Gujarat,1691224,Dry,2024-01-08
66,Customer_66,50,Female,Delhi,Delhi,1698575,Sensitive,2022-12-01
67,Customer_67,36,Male,Jaipur,Rajasthan,702317,Sensitive,2023-11-12
68,Customer_68,29,Female,Jaipur,Rajasthan,1151601,Normal,2024-05-03
69,Customer_69,37,Female,Bengaluru,Karnataka,740785,Sensitive,2024-03-15
70,Customer_70,56,Female,Chandigarh,Chandigarh,1275150,Sensitive,2023-03-29
71,Customer_71,50,Female,Mumbai,Maharashtra,655868,Dry,2022-10-18
72,Customer_72,60,Female,Lucknow,Uttar Pradesh,495847,Oily,2023-11-20
73,Customer_73,32,Male,Delhi,Delhi,609023,Dry,2022-02-17
74,Customer_74,48,Male,Mumbai,Maharashtra,1255076,Sensitive,2023-10-07
75,Customer_75,30,Female,Chandigarh,Chandigarh,1336784,Sensitive,2022-09-07
76,Customer_76,59,Male,Pune,Maharashtra,523529,Sensitive,2022-08-13
77,Customer_77,51,Female,Pune,Maharashtra,405315,Normal,2022-09-13
78,Customer_78,47,Male,Hyderabad,Telangana,1274427,Normal,2023-07-27
79,Customer_79,38,Female,Chandigarh,Chandigarh,1584825,Normal,2023-03-13
80,Customer_80,46,Male,Lucknow,Uttar Pradesh,1295464,Sensitive,2022-09-23
81,Customer_81,58,Female,Mumbai,Maharashtra,1393244,Sensitive,2023-10-04
82,Customer_82,35,Female,Mumbai,Maharashtra,462494,Combination,2022-08-29
83,Customer_83,39,Female,Delhi,Delhi,1432781,Dry,2022-05-22
84,Customer_84,32,Female,Pune,Maharashtra,1755318,Oily,2023-12-25
85,Customer_85,22,Female,Mumbai,Maharashtra,1154797,Combination,2023-07-10
86,Customer_86,44,Male,Indore,Madhya Pradesh,733763,Sensitive,2023-02-03
87,Customer_87,19,Female,Chandigarh,Chandigarh,1300299,Dry,2022-12-27
88,Customer_88,42,Female,Delhi,Delhi,1428730,Normal,2024-03-30
89,Customer_89,32,Female,Chandigarh,Chandigarh,760160,Combination,2023-03-23
90,Customer_90,19,Female,Indore,Madhya Pradesh,1004914,Sensitive,2024-01-12
91,Customer_91,47,Male,Pune,Maharashtra,1604967,Normal,2022-01-28
92,Customer_92,55,Male,Jaipur,Rajasthan,476050,Sensitive,2022-05-19
93,Customer_93,29,Male,Indore,Madhya Pradesh,845587,Sensitive,2022-12-02
94,Customer_94,47,Female,Mumbai,Maharashtra,1007789,Sensitive,2022-10-12
95,Customer_95,34,Male,Jaipur,Rajasthan,1286304,Dry,2024-02-07
96,Customer_96,21,Female,Lucknow,Uttar Pradesh,770227,Dry,2024-03-10
97,Customer_97,19,Male,Bengaluru,Karnataka,718089,Dry,2023-09-29
98,Customer_98,33,Male,Pune,Maharashtra,1293129,Dry,2023-08-01
99,Customer_99,47,Female,Mumbai,Maharashtra,1073629,Oily,2023-09-13
100,Customer_100,25,Male,Chandigarh,Chandigarh,952295,Dry,2023-08-16
101,Customer_101,37,Female,Bengaluru,Karnataka,1131844,Oily,2022-03-19
102,Customer_102,58,Male,Chandigarh,Chandigarh,513702,Combination,2024-05-20
103,Customer_103,25,Male,Chandigarh,Chandigarh,1028139,Normal,2023-03-15
104,Customer_104,22,Female,Ahmedabad,Gujarat,326533,Sensitive,2024-04-22
105,Customer_105,24,Female,Indore,Madhya Pradesh,1059563,Sensitive,2023-12-26
106,Customer_106,45,Male,Pune,Maharashtra,1394182,Combination,2023-09-23
107,Customer_107,48,Female,Lucknow,Uttar Pradesh,1213465,Normal,2022-10-02
108,Customer_108,33,Male,Ahmedabad,Gujarat,884954,Sensitive,2022-09-07
109,Customer_109,54,Female,Indore,Madhya Pradesh,1005474,Dry,2023-05-22
110,Customer_110,29,Female,Ahmedabad,Gujarat,744847,Combination,2024-03-27
111,Customer_111,39,Female,Delhi,Delhi,1550227,Combination,2023-07-24
112,Customer_112,51,Male,Bengaluru,Karnataka,479543,Oily,2024-01-08
113,Customer_113,49,Male,Jaipur,Rajasthan,1748312,Sensitive,2023-10-24
114,Customer_114,46,Male,Indore,Madhya Pradesh,495147,Combination,2022-08-15
115,Customer_115,33,Female,Jaipur,Rajasthan,1692425,Normal,2023-01-13
116,Customer_116,53,Female,Indore,Madhya Pradesh,1192346,Normal,2022-12-05
117,Customer_117,47,Female,Ahmedabad,Gujarat,943035,Combination,2022-08-25
118,Customer_118,30,Female,Hyderabad,Telangana,550724,Normal,2024-02-20
119,Customer_119,30,Male,Pune,Maharashtra,1315438,Combination,2024-01-12
120,Customer_120,51,Female,Chandigarh,Chandigarh,510818,Oily,2022-10-31
121,Customer_121,41,Male,Mumbai,Maharashtra,933901,Dry,2023-12-27
122,Customer_122,26,Female,Lucknow,Uttar Pradesh,395453,Dry,2023-07-21
123,Customer_123,26,Female,Delhi,Delhi,515141,Dry,2023-08-11
124,Customer_124,48,Female,Delhi,Delhi,1223730,Combination,2022-07-08
125,Customer_125,34,Female,Bengaluru,Karnataka,539258,Dry,2023-02-15
126,Customer_126,22,Male,Indore,Madhya Pradesh,618194,Oily,2024-04-10
127,Customer_127,37,Male,Chandigarh,Chandigarh,820494,Dry,2023-07-26
128,Customer_128,56,Male,Jaipur,Rajasthan,1395914,Sensitive,2023-04-07
129,Customer_129,37,Female,Indore,Madhya Pradesh,940428,Normal,2023-09-28
130,Customer_130,57,Male,Bengaluru,Karnataka,735762,Oily,2022-09-28
131,Customer_131,28,Male,Hyderabad,Telangana,664513,Normal,2022-03-18
132,Customer_132,18,Female,Pune,Maharashtra,1244774,Normal,2023-04-27
133,Customer_133,20,Male,Delhi,Delhi,904199,Combination,2023-12-21
134,Customer_134,22,Male,Indore,Madhya Pradesh,854811,Normal,2023-11-09
135,Customer_135,45,Male,Mumbai,Maharashtra,1442030,Oily,2023-10-26
136,Customer_136,35,Male,Pune,Maharashtra,449757,Dry,2022-06-19
137,Customer_137,56,Female,Delhi,Delhi,1220971,Dry,2023-04-25
138,Customer_138,43,Female,Delhi,Delhi,1349566,Normal,2023-05-21
139,Customer_139,23,Male,Indore,Madhya Pradesh,1206029,Combination,2023-09-11
140,Customer_140,19,Male,Delhi,Delhi,780089,Normal,2023-08-25
141,Customer_141,35,Male,Bengaluru,Karnataka,667401,Sensitive,2023-06-16
142,Customer_142,35,Male,Indore,Madhya Pradesh,1527525,Sensitive,2023-10-13
143,Customer_143,23,Female,Indore,Madhya Pradesh,1029727,Sensitive,2022-12-08
144,Customer_144,60,Male,Ahmedabad,Gujarat,637274,Combination,2023-02-26
145,Customer_145,36,Female,Indore,Madhya Pradesh,1453636,Dry,2023-04-11
146,Customer_146,38,Female,Hyderabad,Telangana,977954,Dry,2024-03-02
147,Customer_147,50,Male,Jaipur,Rajasthan,1679213,Normal,2023-04-19
148,Customer_148,21,Male,Jaipur,Rajasthan,1387246,Combination,2023-09-30
149,Customer_149,58,Female,Indore,Madhya Pradesh,408237,Oily,2022-10-01
150,Customer_150,26,Female,Lucknow,Uttar Pradesh,1218796,Sensitive,2022-05-05
151,Customer_151,58,Male,Bengaluru,Karnataka,1788522,Oily,2022-11-15
152,Customer_152,18,Female,Lucknow,Uttar Pradesh,495473,Oily,2024-05-11
153,Customer_153,47,Male,Hyderabad,Telangana,1658345,Oily,2023-05-26
154,Customer_154,50,Female,Delhi,Delhi,1171346,Sensitive,2023-04-29
155,Customer_155,47,Male,Mumbai,Maharashtra,1104438,Oily,2023-09-06
156,Customer_156,26,Male,Lucknow,Uttar Pradesh,879332,Sensitive,2022-12-15
157,Customer_157,35,Male,Lucknow,Uttar Pradesh,893156,Combination,2024-05-07
158,Customer_158,55,Female,Chandigarh,Chandigarh,611627,Sensitive,2023-07-06
159,Customer_159,40,Female,Indore,Madhya Pradesh,1457454,Normal,2023-01-22
160,Customer_160,38,Male,Indore,Madhya Pradesh,1762760,Oily,2023-08-09
161,Customer_161,32,Female,Jaipur,Rajasthan,391535,Combination,2024-02-02
162,Customer_162,42,Female,Indore,Madhya Pradesh,1691856,Oily,2023-05-23
163,Customer_163,26,Female,Bengaluru,Karnataka,510479,Sensitive,2022-04-13
164,Customer_164,47,Male,Lucknow,Uttar Pradesh,602315,Sensitive,2024-06-10
165,Customer_165,22,Female,Pune,Maharashtra,855793,Combination,2023-10-01
166,Customer_166,59,Male,Jaipur,Rajasthan,989051,Normal,2023-01-25
167,Customer_167,58,Female,Ahmedabad,Gujarat,1434592,Dry,2023-09-25
168,Customer_168,33,Female,Hyderabad,Telangana,777073,Dry,2023-03-21
169,Customer_169,58,Male,Hyderabad,Telangana,1230461,Oily,2023-12-12
170,Customer_170,19,Male,Delhi,Delhi,980262,Dry,2022-10-28
171,Customer_171,41,Female,Ahmedabad,Gujarat,605281,Oily,2023-06-28
172,Customer_172,54,Male,Jaipur,Rajasthan,656481,Oily,2022-03-22
173,Customer_173,42,Male,Chandigarh,Chandigarh,1343683,Normal,2022-05-27
174,Customer_174,47,Female,Mumbai,Maharashtra,1263789,Combination,2023-11-14
175,Customer_175,47,Female,Bengaluru,Karnataka,1721053,Normal,2022-06-11
176,Customer_176,46,Female,Hyderabad,Telangana,1532227,Combination,2023-10-17
177,Customer_177,34,Female,Jaipur,Rajasthan,933595,Oily,2023-01-29
178,Customer_178,24,Male,Indore,Madhya Pradesh,1099778,Normal,2023-01-03
179,Customer_179,36,Female,Chandigarh,Chandigarh,346010,Sensitive,2022-10-09
180,Customer_180,54,Male,Bengaluru,Karnataka,1571726,Sensitive,2024-05-02
181,Customer_181,32,Female,Delhi,Delhi,759285,Oily,2023-09-28
182,Customer_182,60,Male,Delhi,Delhi,1617531,Dry,2023-10-05
183,Customer_183,37,Female,Bengaluru,Karnataka,369970,Normal,2023-01-09
184,Customer_184,23,Female,Pune,Maharashtra,985179,Sensitive,2022-06-29
185,Customer_185,26,Female,Mumbai,Maharashtra,1413278,Normal,2022-10-07
186,Customer_186,34,Female,Pune,Maharashtra,918956,Combination,2024-04-03
187,Customer_187,47,Male,Hyderabad,Telangana,595188,Oily,2024-05-30
188,Customer_188,53,Female,Jaipur,Rajasthan,489378,Sensitive,2022-01-15
189,Customer_189,52,Male,Delhi,Delhi,1253755,Combination,2023-11-20
190,Customer_190,55,Female,Delhi,Delhi,1639134,Combination,2022-04-21
191,Customer_191,48,Male,Mumbai,Maharashtra,1599283,Normal,2022-12-02
192,Customer_192,32,Male,Chandigarh,Chandigarh,1632538,Sensitive,2023-12-19
193,Customer_193,59,Female,Delhi,Delhi,544687,Oily,2022-02-16
194,Customer_194,37,Female,Bengaluru,Karnataka,543522,Dry,2022-08-29
195,Customer_195,26,Female,Lucknow,Uttar Pradesh,1251359,Combination,2023-11-18
196,Customer_196,44,Male,Lucknow,Uttar Pradesh,1170075,Dry,2024-05-03
197,Customer_197,57,Female,Indore,Madhya Pradesh,886657,Dry,2023-12-08
198,Customer_198,31,Female,Ahmedabad,Gujarat,1232594,Oily,2024-05-25
199,Customer_199,24,Female,Ahmedabad,Gujarat,1441827,Combination,2022-03-04
200,Customer_200,35,Male,Jaipur,Rajasthan,556187,Sensitive,2022-04-04
201,Customer_201,59,Male,Mumbai,Maharashtra,406070,Combination,2022-09-07
202,Customer_202,54,Male,Pune,Maharashtra,443885,Normal,2022-08-01
203,Customer_203,31,Male,Chandigarh,Chandigarh,989039,Oily,2024-03-18
204,Customer_204,18,Female,Chandigarh,Chandigarh,603432,Oily,2023-07-08
205,Customer_205,29,Male,Delhi,Delhi,1686338,Dry,2022-05-15
206,Customer_206,40,Male,Bengaluru,Karnataka,1534914,Combination,2022-01-17
207,Customer_207,34,Male,Pune,Maharashtra,565831,Sensitive,2023-06-23
208,Customer_208,22,Female,Hyderabad,Telangana,1240101,Combination,2023-06-10
209,Customer_209,24,Female,Chandigarh,Chandigarh,1356626,Oily,2023-09-22
210,Customer_210,60,Female,Bengaluru,Karnataka,1260584,Dry,2022-03-04
211,Customer_211,43,Female,Indore,Madhya Pradesh,1738850,Dry,2023-05-18
212,Customer_212,22,Male,Indore,Madhya Pradesh,975517,Normal,2022-06-01
213,Customer_213,26,Female,Hyderabad,Telangana,1609288,Normal,2023-07-16
214,Customer_214,42,Female,Ahmedabad,Gujarat,1251510,Normal,2023-09-12
215,Customer_215,24,Male,Jaipur,Rajasthan,1673032,Normal,2024-01-09
216,Customer_216,45,Female,Mumbai,Maharashtra,779185,Sensitive,2022-12-14
217,Customer_217,43,Female,Indore,Madhya Pradesh,499409,Combination,2023-03-14
218,Customer_218,60,Female,Ahmedabad,Gujarat,1084966,Oily,2023-12-05
219,Customer_219,22,Male,Indore,Madhya Pradesh,479022,Dry,2023-03-19
220,Customer_220,41,Male,Hyderabad,Telangana,1466794,Dry,2023-08-24
221,Customer_221,53,Female,Lucknow,Uttar Pradesh,1705119,Dry,2023-02-25
222,Customer_222,60,Female,Ahmedabad,Gujarat,407890,Combination,2023-09-07
223,Customer_223,40,Male,Delhi,Delhi,1511982,Normal,2022-08-06
224,Customer_224,60,Female,Pune,Maharashtra,770275,Dry,2022-12-25
225,Customer_225,41,Male,Lucknow,Uttar Pradesh,884199,Normal,2022-08-20
226,Customer_226,53,Male,Jaipur,Rajasthan,1577154,Combination,2022-01-30
227,Customer_227,35,Female,Pune,Maharashtra,1012663,Combination,2022-01-07
228,Customer_228,27,Female,Pune,Maharashtra,445931,Oily,2024-01-29
229,Customer_229,23,Male,Bengaluru,Karnataka,1088936,Sensitive,2023-04-10
230,Customer_230,28,Female,Ahmedabad,Gujarat,953550,Combination,2024-03-06
231,Customer_231,56,Male,Chandigarh,Chandigarh,410328,Oily,2022-06-11
232,Customer_232,21,Male,Chandigarh,Chandigarh,870641,Sensitive,2023-11-09
233,Customer_233,49,Female,Jaipur,Rajasthan,1168606,Combination,2022-08-09
234,Customer_234,25,Female,Lucknow,Uttar Pradesh,1201594,Dry,2022-10-18
235,Customer_235,49,Female,Chandigarh,Chandigarh,395247,Oily,2023-02-09
236,Customer_236,21,Male,Chandigarh,Chandigarh,728706,Combination,2022-08-05
237,Customer_237,34,Female,Pune,Maharashtra,988122,Dry,2022-01-08
238,Customer_238,45,Male,Indore,Madhya Pradesh,570922,Sensitive,2023-06-30
239,Customer_239,50,Female,Mumbai,Maharashtra,451153,Sensitive,2024-06-01
240,Customer_240,45,Male,Bengaluru,Karnataka,1264174,Dry,2024-06-01
241,Customer_241,54,Female,Ahmedabad,Gujarat,1502506,Sensitive,2023-12-28
242,Customer_242,36,Male,Jaipur,Rajasthan,1149414,Dry,2022-11-29
243,Customer_243,57,Female,Pune,Maharashtra,1746217,Combination,2022-04-01
244,Customer_244,24,Male,Jaipur,Rajasthan,1213679,Normal,2023-02-15
245,Customer_245,23,Female,Lucknow,Uttar Pradesh,950692,Combination,2022-08-15
246,Customer_246,28,Male,Ahmedabad,Gujarat,1370561,Dry,2023-06-28
247,Customer_247,30,Female,Lucknow,Uttar Pradesh,1036309,Oily,2022-08-30
248,Customer_248,27,Female,Hyderabad,Telangana,713708,Oily,2023-09-09
249,Customer_249,59,Male,Pune,Maharashtra,671502,Sensitive,2023-04-21
250,Customer_250,55,Female,Chandigarh,Chandigarh,1728440,Normal,2023-10-21
251,Customer_251,38,Female,Chandigarh,Chandigarh,616580,Sensitive,2022-03-11
252,Customer_252,46,Female,Indore,Madhya Pradesh,876032,Normal,2022-02-27
253,Customer_253,50,Male,Ahmedabad,Gujarat,950972,Sensitive,2023-04-08
254,Customer_254,21,Female,Bengaluru,Karnataka,902044,Dry,2023-10-23
255,Customer_255,57,Female,Hyderabad,Telangana,1270376,Normal,2023-07-22
256,Customer_256,46,Male,Bengaluru,Karnataka,974290,Normal,2023-05-03
257,Customer_257,27,Male,Lucknow,Uttar Pradesh,1244815,Dry,2024-04-10
258,Customer_258,23,Male,Ahmedabad,Gujarat,382086,Oily,2023-12-26
259,Customer_259,46,Male,Indore,Madhya Pradesh,1063149,Combination,2022-10-17
260,Customer_260,44,Female,Jaipur,Rajasthan,1723751,Normal,2022-02-23
261,Customer_261,22,Female,Ahmedabad,Gujarat,498193,Normal,2023-11-26
262,Customer_262,36,Female,Jaipur,Rajasthan,1676914,Normal,2024-06-13
263,Customer_263,39,Male,Pune,Maharashtra,1522093,Oily,2022-12-25
264,Customer_264,59,Female,Delhi,Delhi,570431,Normal,2023-12-27
265,Customer_265,37,Female,Hyderabad,Telangana,1649503,Combination,2024-04-12
266,Customer_266,60,Male,Pune,Maharashtra,1654812,Sensitive,2023-06-05
267,Customer_267,19,Female,Ahmedabad,Gujarat,947739,Oily,2022-08-08
268,Customer_268,49,Male,Ahmedabad,Gujarat,775095,Oily,2022-06-08
269,Customer_269,36,Male,Hyderabad,Telangana,1364702,Normal,2024-05-05
270,Customer_270,20,Female,Lucknow,Uttar Pradesh,1596105,Oily,2023-09-04
271,Customer_271,27,Male,Jaipur,Rajasthan,679261,Normal,2024-04-08
272,Customer_272,46,Male,Pune,Maharashtra,1161632,Combination,2023-11-24
273,Customer_273,46,Female,Mumbai,Maharashtra,1241470,Oily,2023-07-01
274,Customer_274,37,Female,Mumbai,Maharashtra,706881,Combination,2023-11-26
275,Customer_275,46,Female,Chandigarh,Chandigarh,890918,Sensitive,2023-05-30
276,Customer_276,44,Male,Lucknow,Uttar Pradesh,718796,Normal,2022-05-22
277,Customer_277,21,Female,Delhi,Delhi,1078488,Normal,2022-04-16
278,Customer_278,25,Female,Lucknow,Uttar Pradesh,475898,Oily,2022-10-07
279,Customer_279,50,Male,Indore,Madhya Pradesh,1217446,Dry,2022-08-16
280,Customer_280,40,Male,Indore,Madhya Pradesh,1170101,Dry,2023-02-10
281,Customer_281,41,Male,Lucknow,Uttar Pradesh,1109849,Dry,2023-01-19
282,Customer_282,19,Female,Mumbai,Maharashtra,507792,Combination,2024-03-21
283,Customer_283,26,Male,Pune,Maharashtra,901629,Sensitive,2023-12-14
284,Customer_284,48,Female,Pune,Maharashtra,1590478,Dry,2022-03-23
285,Customer_285,34,Male,Bengaluru,Karnataka,613565,Normal,2024-01-15
286,Customer_286,51,Female,Chandigarh,Chandigarh,533175,Combination,2022-09-01
287,Customer_287,25,Male,Delhi,Delhi,800043,Sensitive,2023-10-17
288,Customer_288,47,Male,Chandigarh,Chandigarh,532485,Sensitive,2023-09-04
289,Customer_289,19,Male,Lucknow,Uttar Pradesh,601102,Combination,2023-03-16
290,Customer_290,57,Female,Bengaluru,Karnataka,804499,Normal,2023-03-03
291,Customer_291,60,Male,Pune,Maharashtra,1397826,Combination,2022-03-11
292,Customer_292,52,Male,Lucknow,Uttar Pradesh,1118840,Sensitive,2022-02-14
293,Customer_293,41,Female,Jaipur,Rajasthan,334062,Combination,2024-03-18
294,Customer_294,40,Male,Hyderabad,Telangana,1678047,Dry,2024-03-01
295,Customer_295,39,Male,Chandigarh,Chandigarh,392978,Combination,2023-07-14
296,Customer_296,59,Male,Ahmedabad,Gujarat,1735883,Sensitive,2023-12-14
297,Customer_297,58,Male,Indore,Madhya Pradesh,582806,Dry,2024-01-04
298,Customer_298,20,Female,Indore,Madhya Pradesh,722766,Dry,2024-03-21
299,Customer_299,20,Female,Mumbai,Maharashtra,950276,Normal,2023-02-12
300,Customer_300,48,Female,Lucknow,Uttar Pradesh,376799,Oily,2022-10-20
301,Customer_301,21,Female,Ahmedabad,Gujarat,872976,Dry,2024-03-29
302,Customer_302,45,Female,Ahmedabad,Gujarat,1222194,Sensitive,2022-12-14
303,Customer_303,49,Female,Pune,Maharashtra,1070382,Normal,2022-10-01
304,Customer_304,45,Male,Hyderabad,Telangana,1203048,Normal,2024-04-22
305,Customer_305,52,Female,Pune,Maharashtra,973629,Dry,2022-03-23
306,Customer_306,60,Female,Ahmedabad,Gujarat,942768,Sensitive,2023-09-10
307,Customer_307,28,Female,Jaipur,Rajasthan,1037247,Sensitive,2022-02-13
308,Customer_308,57,Female,Ahmedabad,Gujarat,875784,Dry,2022-03-18
309,Customer_309,41,Male,Jaipur,Rajasthan,365306,Oily,2024-05-19
310,Customer_310,46,Male,Chandigarh,Chandigarh,564723,Dry,2022-08-30
311,Customer_311,41,Female,Ahmedabad,Gujarat,1489598,Dry,2023-09-12
312,Customer_312,46,Female,Pune,Maharashtra,1080168,Sensitive,2024-02-21
313,Customer_313,54,Male,Hyderabad,Telangana,1410357,Combination,2023-02-12
314,Customer_314,59,Female,Ahmedabad,Gujarat,823473,Dry,2022-01-27
315,Customer_315,49,Female,Pune,Maharashtra,1477913,Dry,2022-09-26
316,Customer_316,46,Male,Delhi,Delhi,1583199,Combination,2023-12-12
317,Customer_317,30,Male,Indore,Madhya Pradesh,584643,Dry,2023-04-08
318,Customer_318,46,Male,Pune,Maharashtra,1730109,Combination,2023-11-15
319,Customer_319,22,Female,Ahmedabad,Gujarat,929054,Oily,2023-12-30
320,Customer_320,41,Male,Pune,Maharashtra,554515,Oily,2024-03-22
321,Customer_321,33,Female,Pune,Maharashtra,355121,Combination,2023-07-22
322,Customer_322,41,Female,Chandigarh,Chandigarh,1456887,Oily,2023-09-19
323,Customer_323,22,Female,Hyderabad,Telangana,1135001,Sensitive,2023-06-23
324,Customer_324,44,Male,Jaipur,Rajasthan,562829,Combination,2023-10-20
325,Customer_325,46,Female,Hyderabad,Telangana,1726291,Normal,2022-12-19
326,Customer_326,53,Male,Pune,Maharashtra,570601,Sensitive,2023-05-30
327,Customer_327,25,Male,Bengaluru,Karnataka,937795,Oily,2022-06-15
328,Customer_328,32,Female,Ahmedabad,Gujarat,1388207,Combination,2024-05-16
329,Customer_329,34,Male,Hyderabad,Telangana,1631811,Normal,2022-10-09
330,Customer_330,58,Female,Pune,Maharashtra,1588549,Normal,2022-04-06
331,Customer_331,59,Male,Lucknow,Uttar Pradesh,1541112,Normal,2022-06-07
332,Customer_332,60,Female,Pune,Maharashtra,1481992,Dry,2024-04-25
333,Customer_333,23,Male,Bengaluru,Karnataka,1645225,Normal,2022-09-29
334,Customer_334,54,Female,Mumbai,Maharashtra,1596267,Dry,2023-05-25
335,Customer_335,36,Female,Lucknow,Uttar Pradesh,1312808,Oily,2024-04-04
336,Customer_336,37,Female,Jaipur,Rajasthan,453035,Dry,2022-06-11
337,Customer_337,44,Female,Indore,Madhya Pradesh,1274005,Oily,2022-12-15
338,Customer_338,27,Female,Chandigarh,Chandigarh,969655,Combination,2023-02-13
339,Customer_339,41,Male,Pune,Maharashtra,969234,Oily,2023-04-23
340,Customer_340,35,Female,Hyderabad,Telangana,819923,Oily,2022-04-10
341,Customer_341,36,Female,Bengaluru,Karnataka,1590540,Sensitive,2022-09-12
342,Customer_342,38,Female,Pune,Maharashtra,698110,Oily,2023-05-26
343,Customer_343,47,Female,Lucknow,Uttar Pradesh,947056,Sensitive,2022-01-24
344,Customer_344,43,Female,Hyderabad,Telangana,804844,Oily,2023-08-21
345,Customer_345,21,Male,Ahmedabad,Gujarat,890047,Sensitive,2023-09-04
346,Customer_346,36,Male,Indore,Madhya Pradesh,525437,Sensitive,2022-05-18
347,Customer_347,41,Female,Delhi,Delhi,1067426,Dry,2023-02-15
348,Customer_348,54,Male,Bengaluru,Karnataka,1060267,Normal,2022-10-23
349,Customer_349,42,Female,Hyderabad,Telangana,1453133,Combination,2024-04-25
350,Customer_350,57,Male,Chandigarh,Chandigarh,569826,Dry,2023-02-08
351,Customer_351,39,Female,Ahmedabad,Gujarat,602550,Oily,2023-09-09
352,Customer_352,43,Male,Lucknow,Uttar Pradesh,395008,Dry,2022-05-21
353,Customer_353,48,Female,Ahmedabad,Gujarat,612351,Normal,2023-06-12
354,Customer_354,38,Female,Pune,Maharashtra,640791,Sensitive,2023-09-24
355,Customer_355,55,Female,Delhi,Delhi,1363916,Normal,2023-06-30
356,Customer_356,54,Female,Indore,Madhya Pradesh,1295921,Dry,2023-01-13
357,Customer_357,25,Female,Ahmedabad,Gujarat,1524112,Combination,2024-03-26
358,Customer_358,56,Female,Bengaluru,Karnataka,856857,Normal,2023-08-15
359,Customer_359,21,Female,Mumbai,Maharashtra,657589,Normal,2023-10-07
360,Customer_360,42,Male,Chandigarh,Chandigarh,1727587,Oily,2022-02-02
361,Customer_361,25,Male,Chandigarh,Chandigarh,339714,Sensitive,2022-11-18
362,Customer_362,27,Female,Jaipur,Rajasthan,1748084,Oily,2023-02-25
363,Customer_363,57,Female,Lucknow,Uttar Pradesh,430613,Oily,2023-06-16
364,Customer_364,53,Female,Mumbai,Maharashtra,1688790,Sensitive,2023-06-23
365,Customer_365,38,Male,Jaipur,Rajasthan,1263984,Normal,2022-12-17
366,Customer_366,40,Female,Lucknow,Uttar Pradesh,1579423,Sensitive,2022-07-16
367,Customer_367,35,Female,Mumbai,Maharashtra,771580,Combination,2024-02-29
368,Customer_368,31,Female,Delhi,Delhi,964882,Sensitive,2022-12-24
369,Customer_369,35,Female,Lucknow,Uttar Pradesh,555588,Normal,2023-11-24
370,Customer_370,42,Female,Lucknow,Uttar Pradesh,1023799,Oily,2022-10-25
371,Customer_371,36,Male,Bengaluru,Karnataka,1026376,Sensitive,2023-11-03
372,Customer_372,48,Male,Delhi,Delhi,723767,Normal,2022-10-05
373,Customer_373,35,Male,Lucknow,Uttar Pradesh,529064,Normal,2024-01-29
374,Customer_374,33,Male,Chandigarh,Chandigarh,406462,Normal,2022-08-20
375,Customer_375,21,Male,Mumbai,Maharashtra,1166755,Combination,2024-01-05
376,Customer_376,24,Male,Indore,Madhya Pradesh,310866,Normal,2022-06-11
377,Customer_377,59,Female,Jaipur,Rajasthan,1301282,Oily,2024-02-14
378,Customer_378,38,Female,Delhi,Delhi,1654546,Dry,2024-02-27
379,Customer_379,59,Male,Hyderabad,Telangana,1422295,Dry,2022-06-29
380,Customer_380,29,Male,Jaipur,Rajasthan,1132557,Sensitive,2022-07-10
381,Customer_381,20,Male,Delhi,Delhi,925773,Normal,2023-09-10
382,Customer_382,39,Female,Hyderabad,Telangana,1252839,Normal,2023-06-21
383,Customer_383,26,Female,Indore,Madhya Pradesh,872180,Oily,2024-04-08
384,Customer_384,39,Male,Hyderabad,Telangana,1262413,Combination,2024-01-06
385,Customer_385,18,Female,Pune,Maharashtra,918710,Normal,2023-11-22
386,Customer_386,29,Female,Mumbai,Maharashtra,1196958,Normal,2022-12-02
387,Customer_387,43,Male,Hyderabad,Telangana,687514,Oily,2023-05-04
388,Customer_388,33,Male,Ahmedabad,Gujarat,846906,Sensitive,2022-08-30
389,Customer_389,35,Female,Indore,Madhya Pradesh,933226,Normal,2024-01-11
390,Customer_390,18,Female,Chandigarh,Chandigarh,1670873,Combination,2023-12-11
391,Customer_391,21,Male,Mumbai,Maharashtra,1276004,Combination,2022-06-13
392,Customer_392,50,Female,Jaipur,Rajasthan,1747643,Dry,2023-10-17
393,Customer_393,41,Male,Delhi,Delhi,759545,Oily,2023-05-05
394,Customer_394,47,Female,Pune,Maharashtra,1172091,Normal,2023-04-28
395,Customer_395,60,Male,Lucknow,Uttar Pradesh,818972,Normal,2024-06-13
396,Customer_396,51,Female,Hyderabad,Telangana,1407659,Combination,2022-03-21
397,Customer_397,25,Male,Chandigarh,Chandigarh,1448503,Normal,2022-07-27
398,Customer_398,52,Male,Chandigarh,Chandigarh,645059,Combination,2024-05-24
399,Customer_399,46,Male,Lucknow,Uttar Pradesh,1726682,Oily,2024-01-05
400,Customer_400,49,Male,Chandigarh,Chandigarh,1370334,Sensitive,2024-04-08
401,Customer_401,47,Male,Bengaluru,Karnataka,1376358,Sensitive,2023-04-13
402,Customer_402,21,Female,Chandigarh,Chandigarh,1710896,Combination,2024-01-11
403,Customer_403,43,Female,Bengaluru,Karnataka,306323,Oily,2023-08-16
404,Customer_404,20,Female,Hyderabad,Telangana,1022529,Dry,2023-07-09
405,Customer_405,22,Female,Bengaluru,Karnataka,366552,Combination,2023-02-23
406,Customer_406,26,Female,Pune,Maharashtra,1085301,Sensitive,2023-04-05
407,Customer_407,42,Male,Jaipur,Rajasthan,1731789,Normal,2022-05-17
408,Customer_408,25,Male,Ahmedabad,Gujarat,1426712,Sensitive,2023-06-26
409,Customer_409,32,Male,Pune,Maharashtra,347679,Combination,2023-04-20
410,Customer_410,45,Female,Lucknow,Uttar Pradesh,781640,Oily,2023-04-17
411,Customer_411,27,Female,Ahmedabad,Gujarat,695272,Dry,2022-02-02
412,Customer_412,57,Male,Jaipur,Rajasthan,804713,Oily,2022-03-10
413,Customer_413,56,Male,Hyderabad,Telangana,1236254,Normal,2023-11-20
414,Customer_414,33,Male,Bengaluru,Karnataka,1143611,Sensitive,2022-08-28
415,Customer_415,31,Male,Lucknow,Uttar Pradesh,593885,Normal,2022-10-24
416,Customer_416,54,Female,Mumbai,Maharashtra,1511052,Normal,2024-03-02
417,Customer_417,33,Female,Ahmedabad,Gujarat,600438,Normal,2022-08-15
418,Customer_418,37,Female,Jaipur,Rajasthan,427837,Normal,2023-08-29
419,Customer_419,58,Female,Pune,Maharashtra,1465703,Sensitive,2022-02-18
420,Customer_420,59,Female,Ahmedabad,Gujarat,1399878,Combination,2023-12-15
421,Customer_421,44,Male,Jaipur,Rajasthan,928911,Sensitive,2022-07-08
422,Customer_422,48,Male,Lucknow,Uttar Pradesh,772581,Combination,2024-05-28
423,Customer_423,47,Male,Pune,Maharashtra,1479408,Sensitive,2023-03-03
424,Customer_424,51,Male,Lucknow,Uttar Pradesh,1114573,Oily,2022-09-19
425,Customer_425,39,Male,Mumbai,Maharashtra,1243271,Combination,2022-04-05
426,Customer_426,30,Male,Lucknow,Uttar Pradesh,863004,Sensitive,2023-11-21
427,Customer_427,56,Male,Chandigarh,Chandigarh,452639,Oily,2024-04-03
428,Customer_428,60,Male,Chandigarh,Chandigarh,1305362,Oily,2024-06-09
429,Customer_429,37,Male,Ahmedabad,Gujarat,744193,Oily,2024-01-30
430,Customer_430,48,Male,Hyderabad,Telangana,1758834,Normal,2023-12-22
431,Customer_431,43,Male,Mumbai,Maharashtra,1457794,Combination,2024-03-05
432,Customer_432,42,Female,Delhi,Delhi,1419145,Combination,2022-11-12
433,Customer_433,41,Female,Delhi,Delhi,1277281,Dry,2024-04-02
434,Customer_434,38,Male,Indore,Madhya Pradesh,1077424,Combination,2023-02-28
435,Customer_435,54,Male,Bengaluru,Karnataka,606022,Dry,2022-09-25
436,Customer_436,55,Female,Lucknow,Uttar Pradesh,919063,Oily,2022-07-20
437,Customer_437,32,Female,Ahmedabad,Gujarat,1494935,Oily,2023-05-27
438,Customer_438,59,Female,Lucknow,Uttar Pradesh,839653,Sensitive,2024-01-11
439,Customer_439,47,Male,Indore,Madhya Pradesh,1038566,Oily,2022-05-24
440,Customer_440,49,Male,Lucknow,Uttar Pradesh,1436943,Dry,2023-06-21
441,Customer_441,22,Male,Bengaluru,Karnataka,313387,Sensitive,2022-05-21
442,Customer_442,22,Male,Mumbai,Maharashtra,319171,Oily,2023-06-02
443,Customer_443,41,Male,Indore,Madhya Pradesh,1595694,Normal,2023-05-10
444,Customer_444,19,Male,Indore,Madhya Pradesh,1416130,Normal,2023-02-26
445,Customer_445,19,Female,Bengaluru,Karnataka,1423524,Combination,2022-01-18
446,Customer_446,45,Male,Lucknow,Uttar Pradesh,524429,Dry,2023-06-21
447,Customer_447,33,Male,Pune,Maharashtra,1599774,Normal,2022-09-16
448,Customer_448,35,Female,Ahmedabad,Gujarat,465715,Combination,2023-02-20
449,Customer_449,54,Male,Indore,Madhya Pradesh,1762210,Oily,2022-11-04
450,Customer_450,59,Male,Hyderabad,Telangana,496084,Sensitive,2023-01-24
451,Customer_451,53,Female,Jaipur,Rajasthan,417681,Dry,2023-12-21
452,Customer_452,23,Female,Pune,Maharashtra,1209974,Combination,2023-08-03
453,Customer_453,51,Male,Hyderabad,Telangana,781855,Oily,2024-06-07
454,Customer_454,48,Female,Chandigarh,Chandigarh,397647,Dry,2023-12-02
455,Customer_455,52,Male,Delhi,Delhi,676133,Combination,2022-01-17
456,Customer_456,55,Male,Mumbai,Maharashtra,1794664,Sensitive,2022-03-20
457,Customer_457,28,Male,Delhi,Delhi,1488447,Sensitive,2023-11-25
458,Customer_458,39,Female,Lucknow,Uttar Pradesh,593497,Dry,2023-05-28
459,Customer_459,21,Male,Ahmedabad,Gujarat,1216640,Oily,2024-05-08
460,Customer_460,39,Female,Hyderabad,Telangana,984461,Dry,2023-10-12
461,Customer_461,46,Female,Delhi,Delhi,778440,Combination,2023-07-21
462,Customer_462,45,Male,Jaipur,Rajasthan,1725423,Normal,2023-11-08
463,Customer_463,23,Female,Jaipur,Rajasthan,816842,Dry,2022-03-26
464,Customer_464,27,Female,Delhi,Delhi,1792495,Oily,2024-01-28
465,Customer_465,38,Female,Jaipur,Rajasthan,523453,Dry,2022-01-06
466,Customer_466,46,Female,Delhi,Delhi,865741,Dry,2022-05-16
467,Customer_467,29,Female,Hyderabad,Telangana,1241293,Normal,2023-07-23
468,Customer_468,44,Male,Lucknow,Uttar Pradesh,355075,Dry,2022-12-29
469,Customer_469,23,Female,Lucknow,Uttar Pradesh,1107902,Dry,2022-10-26
470,Customer_470,42,Male,Jaipur,Rajasthan,1473433,Oily,2023-08-09
471,Customer_471,28,Female,Lucknow,Uttar Pradesh,655470,Oily,2022-10-03
472,Customer_472,35,Female,Delhi,Delhi,606047,Dry,2022-06-21
473,Customer_473,35,Female,Jaipur,Rajasthan,928626,Sensitive,2024-03-12
474,Customer_474,41,Female,Hyderabad,Telangana,817136,Sensitive,2023-09-01
475,Customer_475,30,Female,Chandigarh,Chandigarh,524337,Oily,2022-11-08
476,Customer_476,43,Female,Bengaluru,Karnataka,1600637,Sensitive,2024-04-03
477,Customer_477,46,Female,Ahmedabad,Gujarat,1203067,Normal,2022-05-20
478,Customer_478,38,Male,Delhi,Delhi,1304556,Combination,2022-07-01
479,Customer_479,38,Female,Jaipur,Rajasthan,1757432,Sensitive,2023-08-13
480,Customer_480,38,Female,Mumbai,Maharashtra,887832,Sensitive,2023-01-09
481,Customer_481,54,Male,Hyderabad,Telangana,1541990,Normal,2022-07-04
482,Customer_482,19,Female,Lucknow,Uttar Pradesh,1785553,Oily,2023-03-25
483,Customer_483,22,Female,Delhi,Delhi,1711336,Sensitive,2022-05-23
484,Customer_484,33,Female,Delhi,Delhi,1681316,Oily,2024-01-03
485,Customer_485,42,Male,Jaipur,Rajasthan,1241761,Normal,2023-05-06
486,Customer_486,43,Female,Chandigarh,Chandigarh,1440106,Dry,2024-03-20
487,Customer_487,52,Male,Ahmedabad,Gujarat,529364,Oily,2023-11-05
488,Customer_488,28,Male,Ahmedabad,Gujarat,1481158,Sensitive,2024-02-10
489,Customer_489,45,Male,Ahmedabad,Gujarat,322120,Dry,2022-09-22
490,Customer_490,50,Male,Mumbai,Maharashtra,1234865,Combination,2023-02-05
491,Customer_491,55,Male,Indore,Madhya Pradesh,1023449,Dry,2023-05-10
492,Customer_492,36,Female,Hyderabad,Telangana,480050,Dry,2024-05-01
493,Customer_493,40,Female,Pune,Maharashtra,1019462,Sensitive,2024-03-14
494,Customer_494,51,Female,Mumbai,Maharashtra,1030438,Sensitive,2022-04-10
495,Customer_495,46,Female,Indore,Madhya Pradesh,440874,Combination,2022-02-15
496,Customer_496,19,Female,Hyderabad,Telangana,1658891,Dry,2023-11-25
497,Customer_497,33,Male,Pune,Maharashtra,1457439,Oily,2022-12-05
498,Customer_498,45,Female,Lucknow,Uttar Pradesh,786236,Sensitive,2023-10-07
499,Customer_499,29,Female,Pune,Maharashtra,1129596,Dry,2024-01-26
500,Customer_500,30,Female,Chandigarh,Chandigarh,1541940,Sensitive,2023-02-03
501,Customer_501,31,Male,Bengaluru,Karnataka,883731,Dry,2023-08-15
502,Customer_502,52,Male,Hyderabad,Telangana,1067123,Combination,2022-07-21
503,Customer_503,25,Female,Indore,Madhya Pradesh,1706562,Sensitive,2023-06-25
504,Customer_504,56,Female,Ahmedabad,Gujarat,1582006,Sensitive,2023-08-25
505,Customer_505,40,Female,Hyderabad,Telangana,1260203,Normal,2022-06-26
506,Customer_506,57,Male,Delhi,Delhi,1709517,Oily,2022-11-17
507,Customer_507,33,Female,Hyderabad,Telangana,545259,Oily,2023-01-18
508,Customer_508,50,Female,Pune,Maharashtra,1177110,Normal,2022-05-22
509,Customer_509,42,Female,Chandigarh,Chandigarh,689553,Sensitive,2023-10-13
510,Customer_510,59,Male,Lucknow,Uttar Pradesh,1463736,Oily,2023-05-17
511,Customer_511,26,Male,Delhi,Delhi,959722,Sensitive,2023-09-27
512,Customer_512,40,Male,Bengaluru,Karnataka,1316298,Oily,2022-07-19
513,Customer_513,53,Female,Jaipur,Rajasthan,1158016,Sensitive,2023-03-02
514,Customer_514,49,Male,Indore,Madhya Pradesh,473372,Normal,2022-02-01
515,Customer_515,36,Male,Mumbai,Maharashtra,876408,Oily,2023-07-05
516,Customer_516,28,Female,Delhi,Delhi,1486254,Sensitive,2023-07-17
517,Customer_517,25,Male,Lucknow,Uttar Pradesh,861803,Normal,2024-04-23
518,Customer_518,52,Male,Ahmedabad,Gujarat,1225612,Normal,2022-08-12
519,Customer_519,24,Male,Jaipur,Rajasthan,924340,Dry,2023-04-06
520,Customer_520,40,Male,Delhi,Delhi,1220796,Dry,2024-03-05
521,Customer_521,31,Female,Mumbai,Maharashtra,1790559,Normal,2023-10-10
522,Customer_522,28,Male,Jaipur,Rajasthan,733312,Oily,2024-04-04
523,Customer_523,54,Female,Bengaluru,Karnataka,1416273,Combination,2023-09-04
524,Customer_524,28,Female,Lucknow,Uttar Pradesh,1776507,Combination,2022-10-24
525,Customer_525,35,Male,Chandigarh,Chandigarh,584350,Sensitive,2022-03-02
526,Customer_526,59,Male,Delhi,Delhi,1770998,Oily,2022-09-13
527,Customer_527,38,Male,Pune,Maharashtra,1718166,Sensitive,2023-05-17
528,Customer_528,54,Female,Pune,Maharashtra,1616618,Sensitive,2023-01-20
529,Customer_529,22,Male,Indore,Madhya Pradesh,1144839,Normal,2024-02-07
530,Customer_530,41,Female,Delhi,Delhi,1323503,Combination,2023-08-19
531,Customer_531,23,Female,Bengaluru,Karnataka,1631357,Combination,2024-05-20
532,Customer_532,52,Female,Hyderabad,Telangana,756822,Sensitive,2024-04-24
533,Customer_533,49,Female,Mumbai,Maharashtra,977097,Combination,2022-12-12
534,Customer_534,54,Male,Lucknow,Uttar Pradesh,1487286,Sensitive,2024-03-18
535,Customer_535,21,Male,Ahmedabad,Gujarat,508823,Sensitive,2022-01-17
536,Customer_536,28,Female,Hyderabad,Telangana,1257387,Dry,2023-03-15
537,Customer_537,26,Female,Mumbai,Maharashtra,633399,Combination,2022-04-06
538,Customer_538,34,Male,Ahmedabad,Gujarat,1079812,Oily,2022-02-23
539,Customer_539,58,Female,Jaipur,Rajasthan,1766834,Oily,2023-03-16
540,Customer_540,24,Male,Hyderabad,Telangana,747576,Sensitive,2022-03-21
541,Customer_541,55,Male,Pune,Maharashtra,1389353,Sensitive,2022-01-10
542,Customer_542,39,Male,Bengaluru,Karnataka,1185656,Oily,2023-05-05
543,Customer_543,32,Female,Hyderabad,Telangana,487340,Dry,2022-04-16
544,Customer_544,41,Female,Ahmedabad,Gujarat,587580,Sensitive,2024-03-03
545,Customer_545,59,Male,Pune,Maharashtra,443469,Normal,2023-07-31
546,Customer_546,57,Male,Bengaluru,Karnataka,1222955,Combination,2024-01-10
547,Customer_547,58,Male,Mumbai,Maharashtra,1163418,Normal,2023-12-05
548,Customer_548,31,Male,Indore,Madhya Pradesh,510690,Oily,2024-02-10
549,Customer_549,55,Female,Hyderabad,Telangana,1037223,Sensitive,2022-11-19
550,Customer_550,33,Female,Pune,Maharashtra,1651867,Dry,2022-09-12
551,Customer_551,56,Female,Lucknow,Uttar Pradesh,1748033,Dry,2024-05-18
552,Customer_552,31,Male,Delhi,Delhi,1121561,Combination,2023-10-24
553,Customer_553,33,Female,Bengaluru,Karnataka,1109260,Dry,2022-09-04
554,Customer_554,58,Male,Indore,Madhya Pradesh,1407897,Dry,2023-01-05
555,Customer_555,26,Female,Ahmedabad,Gujarat,1491980,Sensitive,2023-01-10
556,Customer_556,29,Female,Lucknow,Uttar Pradesh,453074,Dry,2023-08-25
557,Customer_557,18,Female,Hyderabad,Telangana,752445,Dry,2022-03-03
558,Customer_558,50,Female,Jaipur,Rajasthan,1618208,Normal,2024-02-25
559,Customer_559,45,Female,Jaipur,Rajasthan,472863,Normal,2023-07-05
560,Customer_560,27,Female,Chandigarh,Chandigarh,475315,Combination,2022-03-22
561,Customer_561,31,Male,Lucknow,Uttar Pradesh,1424891,Combination,2023-02-05
562,Customer_562,58,Male,Chandigarh,Chandigarh,950472,Sensitive,2024-01-18
563,Customer_563,21,Male,Mumbai,Maharashtra,480801,Sensitive,2022-04-29
564,Customer_564,57,Male,Indore,Madhya Pradesh,948628,Oily,2022-05-03
565,Customer_565,26,Male,Bengaluru,Karnataka,643581,Sensitive,2022-12-22
566,Customer_566,51,Female,Lucknow,Uttar Pradesh,650146,Combination,2022-05-10
567,Customer_567,25,Male,Delhi,Delhi,1002569,Sensitive,2022-10-06
568,Customer_568,22,Female,Lucknow,Uttar Pradesh,1793850,Normal,2023-10-05
569,Customer_569,49,Female,Hyderabad,Telangana,1371187,Combination,2022-02-26
570,Customer_570,54,Male,Indore,Madhya Pradesh,1071097,Oily,2022-09-19
571,Customer_571,54,Male,Hyderabad,Telangana,778998,Normal,2022-01-03
572,Customer_572,18,Male,Bengaluru,Karnataka,396430,Sensitive,2023-01-08
573,Customer_573,27,Male,Jaipur,Rajasthan,374162,Normal,2024-04-02
574,Customer_574,32,Female,Jaipur,Rajasthan,820645,Sensitive,2024-01-08
575,Customer_575,35,Male,Ahmedabad,Gujarat,1498597,Combination,2022-05-03
576,Customer_576,21,Male,Lucknow,Uttar Pradesh,768052,Normal,2022-02-17
577,Customer_577,22,Female,Jaipur,Rajasthan,892040,Combination,2022-12-02
578,Customer_578,53,Female,Hyderabad,Telangana,316712,Combination,2022-07-25
579,Customer_579,54,Female,Delhi,Delhi,1605933,Oily,2023-04-21
580,Customer_580,55,Female,Ahmedabad,Gujarat,709830,Normal,2024-02-18
581,Customer_581,27,Male,Mumbai,Maharashtra,1159908,Dry,2022-08-27
582,Customer_582,40,Male,Lucknow,Uttar Pradesh,1002582,Dry,2024-02-17
583,Customer_583,37,Male,Jaipur,Rajasthan,730323,Normal,2022-09-01
584,Customer_584,49,Male,Jaipur,Rajasthan,598578,Combination,2022-04-06
585,Customer_585,32,Female,Bengaluru,Karnataka,1769782,Combination,2023-04-15
586,Customer_586,55,Male,Hyderabad,Telangana,1359958,Oily,2023-10-15
587,Customer_587,22,Male,Jaipur,Rajasthan,1212225,Oily,2022-08-31
588,Customer_588,34,Female,Delhi,Delhi,1124081,Combination,2022-11-22
589,Customer_589,35,Male,Indore,Madhya Pradesh,456630,Oily,2022-05-20
590,Customer_590,24,Male,Chandigarh,Chandigarh,521580,Oily,2023-04-06
591,Customer_591,38,Female,Indore,Madhya Pradesh,553203,Normal,2023-01-02
592,Customer_592,46,Female,Mumbai,Maharashtra,1271708,Combination,2024-05-22
593,Customer_593,23,Male,Hyderabad,Telangana,1738761,Combination,2024-04-26
594,Customer_594,20,Male,Chandigarh,Chandigarh,987433,Oily,2022-04-04
595,Customer_595,40,Female,Mumbai,Maharashtra,1376802,Dry,2023-11-25
596,Customer_596,34,Male,Delhi,Delhi,365183,Sensitive,2024-05-25
597,Customer_597,53,Male,Indore,Madhya Pradesh,498653,Sensitive,2022-04-15
598,Customer_598,25,Male,Pune,Maharashtra,429329,Oily,2022-05-14
599,Customer_599,43,Female,Mumbai,Maharashtra,1739244,Dry,2023-08-20
600,Customer_600,34,Male,Chandigarh,Chandigarh,345718,Dry,2022-07-22
601,Customer_601,26,Male,Indore,Madhya Pradesh,995310,Dry,2022-02-13
602,Customer_602,21,Male,Indore,Madhya Pradesh,1503522,Sensitive,2024-04-21
603,Customer_603,49,Male,Jaipur,Rajasthan,1102641,Sensitive,2022-06-26
604,Customer_604,31,Male,Ahmedabad,Gujarat,876678,Combination,2023-04-02
605,Customer_605,20,Male,Pune,Maharashtra,1657441,Combination,2023-05-26
606,Customer_606,53,Female,Jaipur,Rajasthan,427882,Dry,2022-10-14
607,Customer_607,26,Female,Jaipur,Rajasthan,718293,Normal,2022-09-13
608,Customer_608,19,Female,Lucknow,Uttar Pradesh,1796046,Combination,2023-05-07
609,Customer_609,49,Female,Lucknow,Uttar Pradesh,1486256,Normal,2022-11-26
610,Customer_610,35,Male,Jaipur,Rajasthan,354658,Combination,2023-09-04
611,Customer_611,19,Female,Mumbai,Maharashtra,422874,Sensitive,2023-06-27
612,Customer_612,55,Male,Ahmedabad,Gujarat,634757,Dry,2022-09-11
613,Customer_613,35,Male,Mumbai,Maharashtra,760139,Normal,2024-05-16
614,Customer_614,40,Male,Jaipur,Rajasthan,669309,Oily,2023-08-30
615,Customer_615,40,Male,Ahmedabad,Gujarat,1775247,Combination,2023-08-05
616,Customer_616,27,Male,Chandigarh,Chandigarh,1332274,Normal,2022-11-13
617,Customer_617,49,Male,Pune,Maharashtra,489283,Dry,2022-08-27
618,Customer_618,32,Male,Chandigarh,Chandigarh,1404042,Sensitive,2022-01-01
619,Customer_619,57,Male,Ahmedabad,Gujarat,573656,Combination,2024-01-05
620,Customer_620,38,Male,Pune,Maharashtra,345954,Oily,2023-08-24
621,Customer_621,25,Female,Pune,Maharashtra,452109,Combination,2023-12-23
622,Customer_622,55,Male,Jaipur,Rajasthan,1005819,Combination,2022-11-27
623,Customer_623,28,Female,Pune,Maharashtra,1640637,Sensitive,2023-10-27
624,Customer_624,29,Female,Ahmedabad,Gujarat,768162,Normal,2024-04-14
625,Customer_625,42,Female,Pune,Maharashtra,1743885,Combination,2022-05-11
626,Customer_626,18,Female,Pune,Maharashtra,1490097,Dry,2022-07-06
627,Customer_627,38,Male,Chandigarh,Chandigarh,1641436,Normal,2022-04-17
628,Customer_628,27,Female,Indore,Madhya Pradesh,463172,Oily,2022-12-22
629,Customer_629,28,Male,Ahmedabad,Gujarat,1786809,Combination,2023-04-03
630,Customer_630,34,Male,Bengaluru,Karnataka,823325,Dry,2022-12-25
631,Customer_631,24,Male,Delhi,Delhi,400972,Sensitive,2023-03-25
632,Customer_632,28,Female,Jaipur,Rajasthan,1334067,Sensitive,2022-12-26
633,Customer_633,42,Male,Lucknow,Uttar Pradesh,1305561,Normal,2023-10-29
634,Customer_634,28,Female,Mumbai,Maharashtra,454579,Dry,2022-10-29
635,Customer_635,38,Female,Bengaluru,Karnataka,519624,Dry,2022-12-17
636,Customer_636,42,Male,Pune,Maharashtra,457291,Normal,2022-04-06
637,Customer_637,56,Female,Ahmedabad,Gujarat,1777453,Dry,2023-03-18
638,Customer_638,56,Female,Pune,Maharashtra,629470,Dry,2022-04-14
639,Customer_639,31,Male,Ahmedabad,Gujarat,1158322,Normal,2024-01-10
640,Customer_640,34,Female,Lucknow,Uttar Pradesh,923694,Oily,2022-04-09
641,Customer_641,43,Female,Bengaluru,Karnataka,622101,Dry,2023-01-05
642,Customer_642,45,Male,Bengaluru,Karnataka,917714,Normal,2023-05-07
643,Customer_643,24,Male,Mumbai,Maharashtra,734011,Oily,2023-10-16
644,Customer_644,23,Female,Delhi,Delhi,542239,Combination,2024-03-14
645,Customer_645,48,Female,Jaipur,Rajasthan,1686301,Combination,2022-04-04
646,Customer_646,42,Male,Lucknow,Uttar Pradesh,1078086,Sensitive,2023-01-14
647,Customer_647,46,Male,Pune,Maharashtra,852171,Sensitive,2023-04-22
648,Customer_648,32,Female,Delhi,Delhi,1483310,Dry,2022-06-04
649,Customer_649,23,Female,Hyderabad,Telangana,1435500,Sensitive,2024-02-14
650,Customer_650,32,Male,Chandigarh,Chandigarh,1111820,Normal,2023-03-05
651,Customer_651,48,Male,Lucknow,Uttar Pradesh,1298794,Combination,2022-03-22
652,Customer_652,20,Male,Jaipur,Rajasthan,552249,Sensitive,2022-06-27
653,Customer_653,31,Male,Pune,Maharashtra,564631,Dry,2023-03-10
654,Customer_654,45,Male,Hyderabad,Telangana,1615388,Oily,2024-05-04
655,Customer_655,34,Female,Chandigarh,Chandigarh,440534,Dry,2023-02-02
656,Customer_656,43,Female,Lucknow,Uttar Pradesh,879235,Normal,2023-04-15
657,Customer_657,57,Female,Bengaluru,Karnataka,535969,Sensitive,2022-06-03
658,Customer_658,54,Male,Pune,Maharashtra,521532,Normal,2024-03-09
659,Customer_659,36,Female,Hyderabad,Telangana,1161698,Combination,2023-01-28
660,Customer_660,54,Female,Indore,Madhya Pradesh,378571,Oily,2022-10-10
661,Customer_661,27,Female,Jaipur,Rajasthan,381332,Sensitive,2024-06-19
662,Customer_662,33,Male,Ahmedabad,Gujarat,1296604,Combination,2023-01-17
663,Customer_663,39,Female,Bengaluru,Karnataka,952107,Combination,2024-05-13
664,Customer_664,24,Male,Indore,Madhya Pradesh,581826,Combination,2024-02-01
665,Customer_665,38,Female,Indore,Madhya Pradesh,1174035,Normal,2023-10-24
666,Customer_666,30,Female,Hyderabad,Telangana,743318,Sensitive,2024-01-29
667,Customer_667,51,Female,Indore,Madhya Pradesh,417872,Normal,2024-03-21
668,Customer_668,22,Female,Pune,Maharashtra,1788074,Normal,2023-02-18
669,Customer_669,51,Male,Pune,Maharashtra,664353,Oily,2024-06-15
670,Customer_670,21,Male,Mumbai,Maharashtra,369355,Sensitive,2022-02-21
671,Customer_671,30,Female,Ahmedabad,Gujarat,1072489,Sensitive,2023-06-02
672,Customer_672,58,Male,Jaipur,Rajasthan,1728526,Dry,2022-09-05
673,Customer_673,49,Female,Ahmedabad,Gujarat,672419,Sensitive,2023-08-24
674,Customer_674,40,Female,Lucknow,Uttar Pradesh,642912,Combination,2024-02-06
675,Customer_675,36,Male,Hyderabad,Telangana,1110686,Dry,2022-06-16
676,Customer_676,31,Male,Chandigarh,Chandigarh,1657654,Oily,2023-11-25
677,Customer_677,35,Female,Mumbai,Maharashtra,1376428,Dry,2024-06-04
678,Customer_678,48,Male,Bengaluru,Karnataka,1657636,Oily,2023-09-08
679,Customer_679,32,Female,Bengaluru,Karnataka,1575789,Combination,2023-12-31
680,Customer_680,45,Female,Delhi,Delhi,1031296,Sensitive,2022-09-16
681,Customer_681,47,Female,Mumbai,Maharashtra,1720183,Normal,2024-04-24
682,Customer_682,43,Male,Chandigarh,Chandigarh,315408,Normal,2023-11-10
683,Customer_683,53,Female,Ahmedabad,Gujarat,925949,Dry,2023-05-09
684,Customer_684,39,Female,Hyderabad,Telangana,1643424,Combination,2024-06-01
685,Customer_685,34,Female,Delhi,Delhi,695019,Oily,2023-06-14
686,Customer_686,21,Female,Mumbai,Maharashtra,1685232,Combination,2023-11-29
687,Customer_687,19,Female,Pune,Maharashtra,919927,Combination,2023-03-05
688,Customer_688,42,Male,Jaipur,Rajasthan,1522689,Normal,2024-04-15
689,Customer_689,39,Male,Mumbai,Maharashtra,1739313,Normal,2023-10-16
690,Customer_690,60,Female,Indore,Madhya Pradesh,1363916,Combination,2024-05-15
691,Customer_691,60,Male,Pune,Maharashtra,916109,Dry,2023-04-28
692,Customer_692,34,Male,Pune,Maharashtra,1725460,Combination,2023-11-02
693,Customer_693,32,Female,Hyderabad,Telangana,768352,Combination,2023-03-07
694,Customer_694,41,Female,Ahmedabad,Gujarat,1528030,Combination,2023-04-20
695,Customer_695,48,Male,Hyderabad,Telangana,1630426,Normal,2023-08-18
696,Customer_696,22,Female,Chandigarh,Chandigarh,707987,Normal,2022-05-03
697,Customer_697,51,Female,Jaipur,Rajasthan,1166348,Dry,2024-06-10
698,Customer_698,26,Male,Pune,Maharashtra,1018630,Sensitive,2023-08-07
699,Customer_699,27,Female,Indore,Madhya Pradesh,678235,Dry,2023-05-15
700,Customer_700,58,Male,Ahmedabad,Gujarat,957276,Dry,2022-01-05
701,Customer_701,35,Male,Indore,Madhya Pradesh,653591,Normal,2024-02-22
702,Customer_702,49,Male,Pune,Maharashtra,571383,Normal,2023-03-21
703,Customer_703,43,Female,Jaipur,Rajasthan,1301180,Sensitive,2022-01-05
704,Customer_704,52,Male,Bengaluru,Karnataka,1082450,Dry,2022-11-26
705,Customer_705,30,Male,Lucknow,Uttar Pradesh,1719243,Dry,2023-10-04
706,Customer_706,32,Female,Mumbai,Maharashtra,954504,Oily,2022-04-16
707,Customer_707,50,Female,Jaipur,Rajasthan,650266,Dry,2024-04-23
708,Customer_708,37,Female,Bengaluru,Karnataka,1256146,Normal,2023-09-03
709,Customer_709,39,Female,Lucknow,Uttar Pradesh,1740282,Oily,2022-12-17
710,Customer_710,40,Male,Indore,Madhya Pradesh,645785,Sensitive,2022-01-20
711,Customer_711,32,Male,Mumbai,Maharashtra,742898,Dry,2023-08-27
712,Customer_712,28,Male,Lucknow,Uttar Pradesh,1068797,Dry,2023-01-20
713,Customer_713,52,Male,Delhi,Delhi,1545549,Dry,2023-11-09
714,Customer_714,59,Male,Hyderabad,Telangana,401156,Dry,2023-03-03
715,Customer_715,42,Male,Indore,Madhya Pradesh,1447734,Combination,2023-05-01
716,Customer_716,31,Male,Pune,Maharashtra,931486,Sensitive,2023-11-09
717,Customer_717,60,Female,Hyderabad,Telangana,1606101,Normal,2023-12-19
718,Customer_718,44,Male,Pune,Maharashtra,1372871,Normal,2022-05-01
719,Customer_719,25,Male,Delhi,Delhi,1343834,Oily,2023-09-16
720,Customer_720,34,Male,Mumbai,Maharashtra,1050616,Sensitive,2022-10-30
721,Customer_721,20,Female,Pune,Maharashtra,735565,Sensitive,2022-12-05
722,Customer_722,18,Male,Mumbai,Maharashtra,1708516,Dry,2022-04-24
723,Customer_723,60,Female,Chandigarh,Chandigarh,612778,Dry,2024-03-09
724,Customer_724,22,Male,Lucknow,Uttar Pradesh,836644,Oily,2023-04-13
725,Customer_725,34,Female,Delhi,Delhi,405025,Dry,2024-04-12
726,Customer_726,20,Female,Pune,Maharashtra,1055424,Combination,2023-03-13
727,Customer_727,24,Male,Hyderabad,Telangana,320284,Oily,2023-11-11
728,Customer_728,39,Female,Pune,Maharashtra,1217953,Normal,2022-10-02
729,Customer_729,41,Female,Hyderabad,Telangana,683504,Dry,2023-02-15
730,Customer_730,47,Female,Jaipur,Rajasthan,1108904,Sensitive,2024-03-30
731,Customer_731,59,Male,Jaipur,Rajasthan,537096,Oily,2023-12-14
732,Customer_732,28,Male,Bengaluru,Karnataka,1172473,Normal,2023-05-10
733,Customer_733,46,Male,Chandigarh,Chandigarh,1582037,Sensitive,2024-03-08
734,Customer_734,57,Male,Ahmedabad,Gujarat,1735425,Oily,2023-05-10
735,Customer_735,25,Female,Indore,Madhya Pradesh,1224189,Dry,2022-03-06
736,Customer_736,59,Female,Delhi,Delhi,325921,Normal,2024-02-25
737,Customer_737,54,Male,Chandigarh,Chandigarh,1704765,Combination,2023-06-16
738,Customer_738,57,Male,Lucknow,Uttar Pradesh,1207747,Oily,2023-05-09
739,Customer_739,60,Female,Ahmedabad,Gujarat,611750,Normal,2023-09-20
740,Customer_740,18,Male,Bengaluru,Karnataka,1360252,Sensitive,2024-05-22
741,Customer_741,28,Male,Indore,Madhya Pradesh,1331060,Combination,2022-09-04
742,Customer_742,35,Male,Ahmedabad,Gujarat,1363107,Oily,2023-07-18
743,Customer_743,43,Male,Jaipur,Rajasthan,465319,Sensitive,2023-03-31
744,Customer_744,46,Male,Chandigarh,Chandigarh,1345338,Sensitive,2022-11-20
745,Customer_745,49,Male,Hyderabad,Telangana,515258,Sensitive,2023-02-27
746,Customer_746,53,Male,Bengaluru,Karnataka,490621,Normal,2023-09-26
747,Customer_747,50,Male,Delhi,Delhi,1672787,Sensitive,2022-12-16
748,Customer_748,21,Male,Ahmedabad,Gujarat,1253071,Combination,2023-07-28
749,Customer_749,56,Female,Chandigarh,Chandigarh,1678179,Combination,2024-01-04
750,Customer_750,25,Male,Indore,Madhya Pradesh,1681834,Oily,2022-01-03
751,Customer_751,40,Female,Ahmedabad,Gujarat,1448590,Normal,2023-01-18
752,Customer_752,20,Male,Hyderabad,Telangana,1332684,Oily,2024-04-21
753,Customer_753,24,Female,Jaipur,Rajasthan,1581049,Oily,2022-07-12
754,Customer_754,43,Male,Hyderabad,Telangana,1258494,Oily,2024-01-04
755,Customer_755,24,Female,Ahmedabad,Gujarat,397518,Normal,2022-05-07
756,Customer_756,47,Male,Indore,Madhya Pradesh,1346119,Dry,2023-06-28
757,Customer_757,53,Female,Bengaluru,Karnataka,1527087,Sensitive,2023-06-05
758,Customer_758,55,Male,Pune,Maharashtra,569236,Dry,2023-02-01
759,Customer_759,56,Female,Chandigarh,Chandigarh,1357195,Sensitive,2023-03-05
760,Customer_760,33,Female,Chandigarh,Chandigarh,1134393,Combination,2022-10-29
761,Customer_761,26,Male,Indore,Madhya Pradesh,1165589,Normal,2023-12-18
762,Customer_762,37,Female,Lucknow,Uttar Pradesh,1792908,Normal,2023-10-10
763,Customer_763,30,Male,Mumbai,Maharashtra,1608974,Combination,2023-12-05
764,Customer_764,26,Male,Ahmedabad,Gujarat,1356741,Normal,2023-12-12
765,Customer_765,25,Female,Ahmedabad,Gujarat,1479187,Sensitive,2023-08-20
766,Customer_766,60,Female,Chandigarh,Chandigarh,1713991,Normal,2022-10-20
767,Customer_767,18,Male,Jaipur,Rajasthan,352999,Sensitive,2022-05-29
768,Customer_768,60,Male,Bengaluru,Karnataka,719225,Combination,2024-02-08
769,Customer_769,36,Female,Pune,Maharashtra,607082,Dry,2023-12-09
770,Customer_770,31,Male,Delhi,Delhi,1052211,Sensitive,2022-04-15
771,Customer_771,53,Male,Chandigarh,Chandigarh,1657107,Normal,2023-02-03
772,Customer_772,50,Female,Mumbai,Maharashtra,1753192,Dry,2023-01-26
773,Customer_773,44,Female,Jaipur,Rajasthan,1457889,Dry,2022-01-14
774,Customer_774,30,Female,Delhi,Delhi,773009,Combination,2024-02-13
775,Customer_775,52,Male,Chandigarh,Chandigarh,705794,Combination,2023-04-05
776,Customer_776,22,Male,Pune,Maharashtra,664474,Normal,2022-05-03
777,Customer_777,20,Female,Jaipur,Rajasthan,885340,Normal,2022-09-28
778,Customer_778,28,Female,Pune,Maharashtra,311838,Combination,2023-04-23
779,Customer_779,20,Male,Pune,Maharashtra,976604,Normal,2022-02-22
780,Customer_780,60,Female,Chandigarh,Chandigarh,1328759,Normal,2023-07-18
781,Customer_781,22,Female,Ahmedabad,Gujarat,1401833,Oily,2022-07-08
782,Customer_782,22,Male,Lucknow,Uttar Pradesh,1172271,Normal,2023-07-04
783,Customer_783,23,Female,Jaipur,Rajasthan,763885,Oily,2023-11-11
784,Customer_784,39,Female,Ahmedabad,Gujarat,915670,Oily,2024-02-10
785,Customer_785,51,Female,Chandigarh,Chandigarh,1477204,Dry,2022-04-28
786,Customer_786,46,Male,Ahmedabad,Gujarat,1646925,Normal,2023-09-29
787,Customer_787,20,Female,Mumbai,Maharashtra,1099796,Dry,2023-01-31
788,Customer_788,52,Female,Delhi,Delhi,351811,Normal,2024-04-21
789,Customer_789,50,Female,Ahmedabad,Gujarat,1320903,Dry,2022-10-31
790,Customer_790,38,Male,Mumbai,Maharashtra,501235,Oily,2024-03-02
791,Customer_791,52,Male,Lucknow,Uttar Pradesh,1614773,Dry,2022-08-04
792,Customer_792,45,Male,Mumbai,Maharashtra,731131,Normal,2024-04-28
793,Customer_793,59,Male,Jaipur,Rajasthan,1738737,Oily,2022-01-25
794,Customer_794,39,Male,Indore,Madhya Pradesh,483544,Dry,2022-02-25
795,Customer_795,34,Male,Pune,Maharashtra,1505783,Oily,2022-09-22
796,Customer_796,42,Female,Jaipur,Rajasthan,1621661,Sensitive,2023-03-20
797,Customer_797,19,Female,Ahmedabad,Gujarat,1712009,Dry,2023-07-02
798,Customer_798,59,Male,Bengaluru,Karnataka,1528109,Dry,2023-12-19
799,Customer_799,40,Male,Hyderabad,Telangana,907831,Combination,2023-09-14
800,Customer_800,36,Female,Hyderabad,Telangana,1099882,Sensitive,2024-04-21
801,Customer_801,48,Male,Bengaluru,Karnataka,1418762,Oily,2022-05-20
802,Customer_802,52,Female,Jaipur,Rajasthan,1629690,Oily,2022-11-02
803,Customer_803,18,Male,Ahmedabad,Gujarat,558442,Dry,2022-01-06
804,Customer_804,56,Female,Chandigarh,Chandigarh,1426489,Normal,2022-03-29
805,Customer_805,31,Female,Delhi,Delhi,744044,Sensitive,2023-10-24
806,Customer_806,27,Male,Lucknow,Uttar Pradesh,685860,Oily,2023-09-24
807,Customer_807,30,Male,Delhi,Delhi,680335,Normal,2024-05-22
808,Customer_808,53,Female,Bengaluru,Karnataka,1651980,Normal,2022-03-16
809,Customer_809,60,Male,Delhi,Delhi,825730,Dry,2022-07-22
810,Customer_810,49,Female,Chandigarh,Chandigarh,1048973,Oily,2023-11-19
811,Customer_811,24,Female,Mumbai,Maharashtra,1599218,Dry,2022-07-18
812,Customer_812,49,Female,Ahmedabad,Gujarat,988591,Normal,2023-11-07
813,Customer_813,55,Male,Delhi,Delhi,1486048,Normal,2023-01-09
814,Customer_814,45,Male,Ahmedabad,Gujarat,310133,Combination,2022-09-10
815,Customer_815,59,Female,Mumbai,Maharashtra,880239,Combination,2022-05-18
816,Customer_816,48,Female,Ahmedabad,Gujarat,1233983,Combination,2024-03-04
817,Customer_817,49,Male,Delhi,Delhi,668616,Normal,2022-03-25
818,Customer_818,26,Male,Delhi,Delhi,852043,Dry,2024-01-15
819,Customer_819,19,Male,Hyderabad,Telangana,1520312,Normal,2023-02-19
820,Customer_820,31,Male,Chandigarh,Chandigarh,1456776,Combination,2023-07-11
821,Customer_821,48,Male,Lucknow,Uttar Pradesh,1067177,Sensitive,2022-08-17
822,Customer_822,36,Male,Chandigarh,Chandigarh,1274548,Normal,2023-06-07
823,Customer_823,43,Female,Hyderabad,Telangana,1353121,Dry,2023-11-10
824,Customer_824,57,Male,Mumbai,Maharashtra,1378222,Oily,2023-04-02
825,Customer_825,29,Male,Pune,Maharashtra,1313980,Combination,2022-02-11
826,Customer_826,49,Male,Mumbai,Maharashtra,431829,Combination,2023-01-14
827,Customer_827,20,Male,Mumbai,Maharashtra,1386084,Combination,2023-02-02
828,Customer_828,47,Male,Indore,Madhya Pradesh,383686,Combination,2022-04-16
829,Customer_829,58,Female,Lucknow,Uttar Pradesh,852213,Normal,2023-07-12
830,Customer_830,29,Female,Chandigarh,Chandigarh,1670856,Sensitive,2023-01-10
831,Customer_831,59,Male,Chandigarh,Chandigarh,1383520,Combination,2023-01-21
832,Customer_832,51,Female,Mumbai,Maharashtra,1040080,Combination,2023-05-14
833,Customer_833,56,Male,Indore,Madhya Pradesh,1352428,Oily,2023-03-27
834,Customer_834,32,Male,Pune,Maharashtra,1379071,Combination,2022-08-05
835,Customer_835,29,Male,Pune,Maharashtra,1059636,Normal,2024-01-05
836,Customer_836,60,Male,Hyderabad,Telangana,1169507,Combination,2024-01-08
837,Customer_837,48,Female,Hyderabad,Telangana,1304580,Oily,2023-08-28
838,Customer_838,59,Female,Pune,Maharashtra,347072,Oily,2022-02-14
839,Customer_839,54,Male,Pune,Maharashtra,582536,Normal,2022-02-10
840,Customer_840,27,Male,Chandigarh,Chandigarh,648843,Combination,2022-07-04
841,Customer_841,43,Male,Lucknow,Uttar Pradesh,1687779,Combination,2022-03-29
842,Customer_842,46,Female,Mumbai,Maharashtra,1310131,Oily,2022-08-13
843,Customer_843,56,Male,Jaipur,Rajasthan,1521897,Oily,2023-10-01
844,Customer_844,34,Male,Lucknow,Uttar Pradesh,1737788,Combination,2023-04-10
845,Customer_845,55,Male,Chandigarh,Chandigarh,781954,Sensitive,2023-01-30
846,Customer_846,24,Male,Pune,Maharashtra,724355,Normal,2024-05-30
847,Customer_847,44,Male,Lucknow,Uttar Pradesh,1569848,Dry,2022-07-01
848,Customer_848,57,Male,Indore,Madhya Pradesh,1414489,Normal,2024-02-10
849,Customer_849,23,Female,Hyderabad,Telangana,1682846,Oily,2023-09-10
850,Customer_850,18,Female,Lucknow,Uttar Pradesh,1394806,Sensitive,2023-01-15
851,Customer_851,51,Female,Bengaluru,Karnataka,781267,Sensitive,2024-03-19
852,Customer_852,40,Male,Jaipur,Rajasthan,1192315,Oily,2022-09-18
853,Customer_853,32,Male,Indore,Madhya Pradesh,894053,Normal,2024-06-16
854,Customer_854,44,Female,Lucknow,Uttar Pradesh,696405,Dry,2023-12-28
855,Customer_855,54,Male,Bengaluru,Karnataka,1390019,Dry,2023-01-20
856,Customer_856,38,Female,Mumbai,Maharashtra,1059734,Dry,2022-06-08
857,Customer_857,59,Female,Jaipur,Rajasthan,847991,Normal,2023-03-10
858,Customer_858,41,Female,Chandigarh,Chandigarh,1727333,Sensitive,2024-02-13
859,Customer_859,44,Female,Mumbai,Maharashtra,674802,Combination,2023-07-27
860,Customer_860,48,Female,Lucknow,Uttar Pradesh,943098,Normal,2022-12-19
861,Customer_861,26,Male,Jaipur,Rajasthan,781865,Sensitive,2024-03-12
862,Customer_862,24,Male,Pune,Maharashtra,1366073,Sensitive,2024-03-15
863,Customer_863,53,Male,Ahmedabad,Gujarat,637092,Sensitive,2023-10-14
864,Customer_864,23,Male,Bengaluru,Karnataka,1289160,Normal,2023-03-22
865,Customer_865,22,Female,Hyderabad,Telangana,765085,Combination,2022-03-23
866,Customer_866,20,Female,Chandigarh,Chandigarh,1140213,Normal,2023-11-03
867,Customer_867,36,Male,Lucknow,Uttar Pradesh,667570,Sensitive,2023-03-26
868,Customer_868,30,Female,Bengaluru,Karnataka,708413,Dry,2024-03-13
869,Customer_869,50,Male,Chandigarh,Chandigarh,1590146,Oily,2023-11-22
870,Customer_870,41,Male,Bengaluru,Karnataka,1673674,Dry,2022-06-11
871,Customer_871,35,Female,Hyderabad,Telangana,1040562,Sensitive,2023-02-20
872,Customer_872,30,Male,Chandigarh,Chandigarh,1775602,Dry,2022-04-03
873,Customer_873,36,Female,Lucknow,Uttar Pradesh,1028708,Combination,2022-08-20
874,Customer_874,30,Female,Chandigarh,Chandigarh,1147158,Normal,2022-01-05
875,Customer_875,29,Female,Delhi,Delhi,1361658,Dry,2023-07-27
876,Customer_876,50,Female,Hyderabad,Telangana,1012960,Dry,2024-04-02
877,Customer_877,34,Female,Lucknow,Uttar Pradesh,1755825,Sensitive,2023-01-22
878,Customer_878,48,Male,Chandigarh,Chandigarh,1012320,Sensitive,2023-11-29
879,Customer_879,55,Male,Indore,Madhya Pradesh,1310764,Dry,2022-09-22
880,Customer_880,42,Male,Hyderabad,Telangana,1719589,Oily,2024-03-30
881,Customer_881,44,Female,Ahmedabad,Gujarat,1383187,Normal,2022-01-10
882,Customer_882,33,Female,Delhi,Delhi,495054,Sensitive,2023-11-21
883,Customer_883,22,Male,Ahmedabad,Gujarat,1299409,Combination,2022-12-29
884,Customer_884,54,Female,Mumbai,Maharashtra,683326,Oily,2023-05-26
885,Customer_885,33,Male,Mumbai,Maharashtra,856595,Oily,2022-08-23
886,Customer_886,33,Female,Mumbai,Maharashtra,627146,Dry,2022-05-03
887,Customer_887,60,Female,Hyderabad,Telangana,1587288,Dry,2024-02-22
888,Customer_888,20,Female,Lucknow,Uttar Pradesh,1078455,Normal,2022-11-19
889,Customer_889,54,Female,Indore,Madhya Pradesh,1329293,Oily,2024-02-22
890,Customer_890,35,Female,Lucknow,Uttar Pradesh,765762,Normal,2022-05-12
891,Customer_891,51,Female,Bengaluru,Karnataka,1303109,Normal,2022-02-03
892,Customer_892,40,Female,Lucknow,Uttar Pradesh,1739356,Oily,2023-04-14
893,Customer_893,51,Female,Hyderabad,Telangana,961968,Dry,2022-01-13
894,Customer_894,42,Male,Mumbai,Maharashtra,982489,Combination,2023-09-20
895,Customer_895,29,Female,Delhi,Delhi,797316,Combination,2023-04-28
896,Customer_896,39,Female,Chandigarh,Chandigarh,685694,Sensitive,2023-03-11
897,Customer_897,44,Female,Mumbai,Maharashtra,1065624,Sensitive,2022-10-14
898,Customer_898,29,Male,Indore,Madhya Pradesh,1507734,Oily,2024-04-13
899,Customer_899,35,Male,Hyderabad,Telangana,1464632,Sensitive,2024-05-26
900,Customer_900,30,Male,Jaipur,Rajasthan,613625,Sensitive,2024-04-05
901,Customer_901,29,Female,Bengaluru,Karnataka,1347732,Oily,2024-05-19
902,Customer_902,52,Female,Lucknow,Uttar Pradesh,1320516,Combination,2022-09-14
903,Customer_903,54,Male,Lucknow,Uttar Pradesh,1135509,Dry,2023-12-09
904,Customer_904,21,Male,Pune,Maharashtra,833284,Sensitive,2024-05-09
905,Customer_905,46,Female,Hyderabad,Telangana,844775,Combination,2023-01-04
906,Customer_906,53,Female,Lucknow,Uttar Pradesh,1021714,Dry,2023-02-26
907,Customer_907,40,Male,Hyderabad,Telangana,1509750,Normal,2023-10-28
908,Customer_908,29,Female,Lucknow,Uttar Pradesh,1044717,Combination,2023-11-21
909,Customer_909,49,Female,Lucknow,Uttar Pradesh,464432,Sensitive,2023-09-21
910,Customer_910,47,Male,Delhi,Delhi,651431,Combination,2023-03-08
911,Customer_911,54,Female,Chandigarh,Chandigarh,449619,Dry,2022-06-15
912,Customer_912,32,Female,Ahmedabad,Gujarat,964541,Combination,2023-12-29
913,Customer_913,56,Female,Delhi,Delhi,868848,Sensitive,2024-03-10
914,Customer_914,55,Female,Ahmedabad,Gujarat,1168197,Oily,2022-07-08
915,Customer_915,26,Male,Bengaluru,Karnataka,1688361,Combination,2024-02-01
916,Customer_916,31,Male,Hyderabad,Telangana,1132664,Dry,2022-04-08
917,Customer_917,48,Male,Hyderabad,Telangana,355291,Sensitive,2023-06-21
918,Customer_918,24,Female,Hyderabad,Telangana,1596254,Oily,2022-03-28
919,Customer_919,37,Male,Jaipur,Rajasthan,818828,Combination,2023-03-30
920,Customer_920,26,Male,Pune,Maharashtra,359918,Dry,2023-11-11
921,Customer_921,38,Female,Ahmedabad,Gujarat,1279775,Normal,2022-10-06
922,Customer_922,46,Male,Lucknow,Uttar Pradesh,1763021,Normal,2022-07-01
923,Customer_923,56,Female,Chandigarh,Chandigarh,1623402,Normal,2023-03-22
924,Customer_924,58,Female,Lucknow,Uttar Pradesh,1028064,Sensitive,2023-07-07
925,Customer_925,23,Female,Mumbai,Maharashtra,945646,Combination,2023-02-27
926,Customer_926,27,Female,Delhi,Delhi,322137,Dry,2023-06-20
927,Customer_927,40,Female,Pune,Maharashtra,1283979,Normal,2022-01-09
928,Customer_928,48,Female,Indore,Madhya Pradesh,319152,Sensitive,2024-03-28
929,Customer_929,56,Male,Delhi,Delhi,315137,Normal,2023-01-18
930,Customer_930,44,Female,Mumbai,Maharashtra,1127855,Oily,2022-06-17
931,Customer_931,42,Male,Jaipur,Rajasthan,851509,Dry,2023-03-09
932,Customer_932,51,Female,Mumbai,Maharashtra,897010,Normal,2024-04-08
933,Customer_933,44,Male,Delhi,Delhi,443579,Oily,2022-05-20
934,Customer_934,25,Female,Delhi,Delhi,1595472,Sensitive,2022-10-06
935,Customer_935,49,Male,Chandigarh,Chandigarh,972438,Dry,2022-06-05
936,Customer_936,52,Male,Bengaluru,Karnataka,689939,Dry,2022-10-16
937,Customer_937,26,Female,Delhi,Delhi,317205,Oily,2022-04-03
938,Customer_938,18,Female,Pune,Maharashtra,755476,Combination,2023-03-07
939,Customer_939,49,Female,Delhi,Delhi,1272416,Dry,2022-12-05
940,Customer_940,27,Male,Hyderabad,Telangana,858898,Sensitive,2022-03-15
941,Customer_941,48,Male,Lucknow,Uttar Pradesh,703056,Combination,2024-04-16
942,Customer_942,18,Male,Jaipur,Rajasthan,1798797,Oily,2023-01-30
943,Customer_943,33,Male,Indore,Madhya Pradesh,717710,Sensitive,2024-01-23
944,Customer_944,51,Male,Hyderabad,Telangana,1291587,Sensitive,2023-11-29
945,Customer_945,38,Male,Delhi,Delhi,1619453,Dry,2024-02-02
946,Customer_946,51,Male,Lucknow,Uttar Pradesh,831235,Sensitive,2023-10-16
947,Customer_947,30,Female,Delhi,Delhi,409235,Oily,2022-04-26
948,Customer_948,58,Female,Mumbai,Maharashtra,980554,Dry,2022-06-21
949,Customer_949,55,Male,Delhi,Delhi,1130070,Oily,2022-01-10
950,Customer_950,55,Female,Bengaluru,Karnataka,1743693,Normal,2022-06-08
951,Customer_951,23,Male,Ahmedabad,Gujarat,630717,Sensitive,2022-04-04
952,Customer_952,39,Male,Chandigarh,Chandigarh,425357,Combination,2023-10-23
953,Customer_953,52,Male,Pune,Maharashtra,563879,Sensitive,2022-08-27
954,Customer_954,53,Female,Ahmedabad,Gujarat,1220060,Oily,2022-01-22
955,Customer_955,40,Male,Jaipur,Rajasthan,825748,Dry,2023-05-12
956,Customer_956,53,Female,Indore,Madhya Pradesh,1438195,Sensitive,2022-07-14
957,Customer_957,29,Female,Chandigarh,Chandigarh,978807,Sensitive,2022-10-09
958,Customer_958,53,Male,Chandigarh,Chandigarh,444444,Normal,2022-06-08
959,Customer_959,36,Female,Indore,Madhya Pradesh,1435830,Combination,2023-04-10
960,Customer_960,58,Female,Bengaluru,Karnataka,689093,Dry,2023-09-27
961,Customer_961,57,Male,Ahmedabad,Gujarat,972544,Dry,2023-11-06
962,Customer_962,42,Male,Lucknow,Uttar Pradesh,1399053,Sensitive,2024-02-24
963,Customer_963,27,Female,Lucknow,Uttar Pradesh,976541,Sensitive,2023-10-19
964,Customer_964,25,Male,Ahmedabad,Gujarat,1397231,Dry,2022-02-14
965,Customer_965,29,Male,Pune,Maharashtra,723790,Dry,2023-05-13
966,Customer_966,24,Male,Mumbai,Maharashtra,1497499,Sensitive,2023-11-05
967,Customer_967,51,Female,Indore,Madhya Pradesh,402940,Combination,2022-08-15
968,Customer_968,22,Male,Chandigarh,Chandigarh,737755,Sensitive,2024-05-02
969,Customer_969,47,Male,Hyderabad,Telangana,1056916,Normal,2024-02-01
970,Customer_970,41,Male,Jaipur,Rajasthan,1593802,Combination,2023-06-26
971,Customer_971,22,Female,Bengaluru,Karnataka,463442,Oily,2023-06-16
972,Customer_972,24,Male,Hyderabad,Telangana,1414974,Sensitive,2022-07-14
973,Customer_973,51,Male,Mumbai,Maharashtra,1495434,Oily,2023-07-26
974,Customer_974,44,Male,Lucknow,Uttar Pradesh,1639292,Normal,2023-01-02
975,Customer_975,60,Female,Indore,Madhya Pradesh,518318,Oily,2024-03-22
976,Customer_976,53,Female,Pune,Maharashtra,1358417,Combination,2023-11-05
977,Customer_977,52,Female,Pune,Maharashtra,1038877,Combination,2023-07-18
978,Customer_978,41,Female,Ahmedabad,Gujarat,1628002,Sensitive,2024-04-25
979,Customer_979,56,Male,Ahmedabad,Gujarat,1481000,Normal,2022-08-08
980,Customer_980,53,Female,Jaipur,Rajasthan,1054992,Sensitive,2023-04-04
981,Customer_981,18,Male,Jaipur,Rajasthan,896602,Normal,2022-01-17
982,Customer_982,26,Female,Lucknow,Uttar Pradesh,313775,Combination,2022-08-16
983,Customer_983,38,Male,Mumbai,Maharashtra,1746445,Combination,2023-07-21
984,Customer_984,53,Male,Lucknow,Uttar Pradesh,497734,Dry,2023-04-17
985,Customer_985,27,Male,Ahmedabad,Gujarat,855720,Combination,2023-08-20
986,Customer_986,32,Female,Mumbai,Maharashtra,929779,Dry,2023-08-08
987,Customer_987,54,Male,Jaipur,Rajasthan,461903,Combination,2024-03-22
988,Customer_988,29,Female,Indore,Madhya Pradesh,1746185,Normal,2024-04-19
989,Customer_989,56,Female,Hyderabad,Telangana,378373,Normal,2023-01-26
990,Customer_990,21,Female,Hyderabad,Telangana,1029662,Sensitive,2023-03-03
991,Customer_991,32,Male,Hyderabad,Telangana,1629357,Sensitive,2022-02-25
992,Customer_992,51,Male,Delhi,Delhi,969655,Normal,2023-08-02
993,Customer_993,38,Male,Pune,Maharashtra,621278,Dry,2023-11-21
994,Customer_994,46,Male,Jaipur,Rajasthan,765747,Sensitive,2022-10-24
995,Customer_995,27,Male,Jaipur,Rajasthan,1004995,Dry,2023-05-03
996,Customer_996,21,Female,Chandigarh,Chandigarh,850623,Dry,2023-02-13
997,Customer_997,45,Male,Lucknow,Uttar Pradesh,582844,Sensitive,2023-07-27
998,Customer_998,49,Female,Mumbai,Maharashtra,1667864,Normal,2022-07-20
999,Customer_999,57,Male,Lucknow,Uttar Pradesh,808171,Dry,2022-09-30
1000,Customer_1000,38,Male,Jaipur,Rajasthan,535992,Sensitive,2023-03-10
1001,Customer_1001,40,Male,Ahmedabad,Gujarat,972637,Combination,2023-09-01
1002,Customer_1002,37,Male,Bengaluru,Karnataka,1033408,Normal,2024-04-21
1003,Customer_1003,57,Male,Indore,Madhya Pradesh,1223718,Dry,2024-04-17
1004,Customer_1004,30,Female,Mumbai,Maharashtra,627137,Dry,2022-04-26
1005,Customer_1005,33,Male,Bengaluru,Karnataka,903319,Dry,2022-12-18
1006,Customer_1006,37,Female,Hyderabad,Telangana,1288157,Dry,2022-12-06
1007,Customer_1007,52,Male,Mumbai,Maharashtra,727402,Normal,2023-06-20
1008,Customer_1008,53,Female,Delhi,Delhi,1606613,Oily,2023-12-13
1009,Customer_1009,42,Male,Bengaluru,Karnataka,835730,Oily,2022-03-03
1010,Customer_1010,30,Female,Delhi,Delhi,411327,Sensitive,2023-11-02
1011,Customer_1011,22,Female,Bengaluru,Karnataka,1684902,Combination,2023-11-10
1012,Customer_1012,24,Male,Ahmedabad,Gujarat,913407,Sensitive,2022-08-25
1013,Customer_1013,50,Male,Jaipur,Rajasthan,961559,Sensitive,2024-06-06
1014,Customer_1014,52,Male,Chandigarh,Chandigarh,690945,Oily,2023-05-28
1015,Customer_1015,53,Male,Indore,Madhya Pradesh,383366,Oily,2023-06-27
1016,Customer_1016,39,Female,Delhi,Delhi,1125019,Oily,2022-01-19
1017,Customer_1017,40,Female,Ahmedabad,Gujarat,1611204,Combination,2022-08-30
1018,Customer_1018,35,Male,Lucknow,Uttar Pradesh,1612381,Combination,2024-06-18
1019,Customer_1019,19,Female,Jaipur,Rajasthan,773081,Oily,2022-12-16
1020,Customer_1020,60,Male,Jaipur,Rajasthan,484119,Sensitive,2023-06-18
1021,Customer_1021,58,Male,Chandigarh,Chandigarh,1175211,Oily,2023-08-10
1022,Customer_1022,45,Female,Pune,Maharashtra,1569550,Combination,2023-04-05
1023,Customer_1023,26,Male,Lucknow,Uttar Pradesh,1668334,Oily,2023-08-18
1024,Customer_1024,30,Male,Lucknow,Uttar Pradesh,948016,Normal,2022-05-19
1025,Customer_1025,27,Male,Jaipur,Rajasthan,965837,Dry,2023-07-25
1026,Customer_1026,25,Male,Lucknow,Uttar Pradesh,966050,Oily,2024-01-15
1027,Customer_1027,38,Female,Bengaluru,Karnataka,1162457,Combination,2023-03-30
1028,Customer_1028,27,Male,Delhi,Delhi,523915,Oily,2022-07-09
1029,Customer_1029,57,Female,Bengaluru,Karnataka,1570044,Normal,2023-09-20
1030,Customer_1030,56,Male,Mumbai,Maharashtra,784258,Dry,2023-01-03
1031,Customer_1031,48,Male,Hyderabad,Telangana,1353451,Normal,2023-04-26
1032,Customer_1032,29,Female,Ahmedabad,Gujarat,1330636,Sensitive,2022-05-21
1033,Customer_1033,30,Male,Pune,Maharashtra,367590,Sensitive,2024-02-22
1034,Customer_1034,35,Female,Bengaluru,Karnataka,766730,Oily,2024-02-15
1035,Customer_1035,22,Male,Mumbai,Maharashtra,1221247,Normal,2023-05-17
1036,Customer_1036,47,Male,Ahmedabad,Gujarat,1196649,Sensitive,2024-03-05
1037,Customer_1037,56,Female,Bengaluru,Karnataka,956193,Sensitive,2023-09-19
1038,Customer_1038,56,Male,Chandigarh,Chandigarh,1391880,Dry,2023-04-08
1039,Customer_1039,20,Male,Indore,Madhya Pradesh,1387798,Normal,2023-02-10
1040,Customer_1040,53,Female,Bengaluru,Karnataka,1382396,Dry,2022-07-14
1041,Customer_1041,46,Female,Delhi,Delhi,938696,Combination,2023-04-18
1042,Customer_1042,45,Female,Pune,Maharashtra,1585835,Dry,2023-12-08
1043,Customer_1043,27,Female,Lucknow,Uttar Pradesh,1654973,Sensitive,2022-04-03
1044,Customer_1044,25,Male,Lucknow,Uttar Pradesh,1527772,Normal,2022-05-19
1045,Customer_1045,44,Female,Jaipur,Rajasthan,1245576,Dry,2022-07-03
1046,Customer_1046,55,Male,Indore,Madhya Pradesh,1253539,Dry,2022-09-14
1047,Customer_1047,59,Male,Ahmedabad,Gujarat,559091,Dry,2022-04-27
1048,Customer_1048,58,Female,Indore,Madhya Pradesh,478900,Normal,2023-12-26
1049,Customer_1049,50,Male,Jaipur,Rajasthan,1094146,Normal,2023-01-25
1050,Customer_1050,28,Female,Bengaluru,Karnataka,1485921,Oily,2022-06-16
1051,Customer_1051,29,Male,Pune,Maharashtra,1179926,Combination,2022-11-13
1052,Customer_1052,36,Male,Indore,Madhya Pradesh,546528,Oily,2022-07-27
1053,Customer_1053,57,Female,Bengaluru,Karnataka,325601,Sensitive,2023-05-25
1054,Customer_1054,52,Male,Indore,Madhya Pradesh,1575034,Sensitive,2022-09-01
1055,Customer_1055,55,Female,Mumbai,Maharashtra,1251558,Sensitive,2023-03-29
1056,Customer_1056,56,Male,Hyderabad,Telangana,813200,Normal,2022-10-12
1057,Customer_1057,58,Male,Chandigarh,Chandigarh,402590,Oily,2022-06-01
1058,Customer_1058,59,Female,Bengaluru,Karnataka,377009,Oily,2024-05-24
1059,Customer_1059,60,Female,Bengaluru,Karnataka,994390,Dry,2022-02-20
1060,Customer_1060,44,Male,Hyderabad,Telangana,638344,Combination,2023-09-18
1061,Customer_1061,54,Male,Chandigarh,Chandigarh,1254912,Normal,2023-01-04
1062,Customer_1062,23,Female,Bengaluru,Karnataka,977006,Combination,2023-01-24
1063,Customer_1063,45,Male,Hyderabad,Telangana,914114,Sensitive,2022-05-18
1064,Customer_1064,35,Female,Hyderabad,Telangana,1405309,Sensitive,2023-06-22
1065,Customer_1065,31,Male,Mumbai,Maharashtra,529223,Normal,2024-01-18
1066,Customer_1066,23,Female,Lucknow,Uttar Pradesh,1744212,Normal,2024-03-18
1067,Customer_1067,45,Female,Delhi,Delhi,844546,Normal,2023-08-12
1068,Customer_1068,40,Male,Chandigarh,Chandigarh,1588259,Normal,2023-05-24
1069,Customer_1069,58,Female,Lucknow,Uttar Pradesh,1332856,Oily,2023-09-17
1070,Customer_1070,36,Male,Mumbai,Maharashtra,303315,Dry,2022-01-25
1071,Customer_1071,58,Male,Indore,Madhya Pradesh,734804,Normal,2023-03-01
1072,Customer_1072,20,Female,Jaipur,Rajasthan,1033269,Normal,2024-04-05
1073,Customer_1073,18,Male,Mumbai,Maharashtra,1747070,Combination,2022-09-18
1074,Customer_1074,37,Female,Hyderabad,Telangana,1362605,Normal,2022-11-28
1075,Customer_1075,25,Female,Bengaluru,Karnataka,1015887,Sensitive,2024-01-12
1076,Customer_1076,57,Male,Chandigarh,Chandigarh,668320,Oily,2022-12-05
1077,Customer_1077,48,Female,Ahmedabad,Gujarat,374571,Oily,2023-05-09
1078,Customer_1078,58,Female,Pune,Maharashtra,1426102,Combination,2023-04-19
1079,Customer_1079,21,Female,Jaipur,Rajasthan,1484770,Combination,2023-07-23
1080,Customer_1080,19,Male,Lucknow,Uttar Pradesh,1510890,Combination,2024-03-29
1081,Customer_1081,22,Male,Ahmedabad,Gujarat,888167,Dry,2022-12-14
1082,Customer_1082,58,Male,Jaipur,Rajasthan,1497435,Normal,2023-02-03
1083,Customer_1083,56,Male,Pune,Maharashtra,946512,Combination,2023-12-28
1084,Customer_1084,35,Female,Bengaluru,Karnataka,482028,Sensitive,2024-06-17
1085,Customer_1085,41,Female,Mumbai,Maharashtra,934658,Oily,2023-06-22
1086,Customer_1086,29,Male,Delhi,Delhi,1084787,Dry,2024-03-07
1087,Customer_1087,23,Female,Mumbai,Maharashtra,1361147,Dry,2024-03-29
1088,Customer_1088,50,Male,Indore,Madhya Pradesh,698902,Combination,2023-05-11
1089,Customer_1089,37,Female,Lucknow,Uttar Pradesh,600511,Dry,2024-04-21
1090,Customer_1090,26,Male,Lucknow,Uttar Pradesh,376656,Sensitive,2023-02-01
1091,Customer_1091,25,Male,Lucknow,Uttar Pradesh,952175,Dry,2023-12-05
1092,Customer_1092,23,Female,Chandigarh,Chandigarh,1279109,Dry,2022-04-16
1093,Customer_1093,60,Female,Lucknow,Uttar Pradesh,347144,Normal,2024-02-16
1094,Customer_1094,58,Male,Delhi,Delhi,972934,Oily,2022-07-17
1095,Customer_1095,35,Female,Delhi,Delhi,1225086,Dry,2022-10-07
1096,Customer_1096,28,Female,Pune,Maharashtra,540040,Dry,2023-09-30
1097,Customer_1097,50,Male,Lucknow,Uttar Pradesh,733224,Normal,2022-12-25
1098,Customer_1098,38,Female,Lucknow,Uttar Pradesh,596866,Combination,2023-08-11
1099,Customer_1099,28,Male,Mumbai,Maharashtra,953006,Normal,2022-12-13
1100,Customer_1100,46,Male,Lucknow,Uttar Pradesh,572784,Dry,2023-04-28
1101,Customer_1101,24,Female,Bengaluru,Karnataka,412826,Dry,2023-03-13
1102,Customer_1102,29,Female,Jaipur,Rajasthan,1592506,Combination,2022-11-16
1103,Customer_1103,30,Male,Ahmedabad,Gujarat,1276633,Normal,2022-05-15
1104,Customer_1104,47,Male,Hyderabad,Telangana,1255429,Combination,2023-12-02
1105,Customer_1105,48,Male,Indore,Madhya Pradesh,769330,Oily,2024-05-31
1106,Customer_1106,34,Female,Chandigarh,Chandigarh,1122244,Oily,2023-12-18
1107,Customer_1107,38,Female,Ahmedabad,Gujarat,1322375,Dry,2022-03-08
1108,Customer_1108,25,Female,Indore,Madhya Pradesh,1303806,Sensitive,2024-05-16
1109,Customer_1109,36,Female,Pune,Maharashtra,1567603,Normal,2022-05-11
1110,Customer_1110,24,Female,Lucknow,Uttar Pradesh,1797939,Dry,2022-11-30
1111,Customer_1111,59,Male,Lucknow,Uttar Pradesh,933587,Normal,2023-04-18
1112,Customer_1112,55,Female,Jaipur,Rajasthan,800328,Normal,2022-09-07
1113,Customer_1113,28,Female,Lucknow,Uttar Pradesh,1104921,Dry,2022-12-15
1114,Customer_1114,55,Female,Mumbai,Maharashtra,1213002,Normal,2024-03-17
1115,Customer_1115,52,Male,Ahmedabad,Gujarat,662986,Dry,2024-01-28
1116,Customer_1116,49,Male,Chandigarh,Chandigarh,1541856,Normal,2023-04-20
1117,Customer_1117,53,Male,Ahmedabad,Gujarat,1233686,Oily,2022-11-12
1118,Customer_1118,22,Male,Jaipur,Rajasthan,1737615,Normal,2024-02-29
1119,Customer_1119,38,Female,Jaipur,Rajasthan,1652640,Dry,2022-04-03
1120,Customer_1120,26,Male,Mumbai,Maharashtra,607705,Oily,2023-04-09
1121,Customer_1121,36,Female,Lucknow,Uttar Pradesh,1590948,Normal,2023-04-03
1122,Customer_1122,31,Female,Mumbai,Maharashtra,928590,Normal,2024-03-24
1123,Customer_1123,45,Female,Delhi,Delhi,487249,Normal,2022-01-09
1124,Customer_1124,50,Female,Chandigarh,Chandigarh,567503,Combination,2022-03-05
1125,Customer_1125,53,Male,Ahmedabad,Gujarat,301768,Normal,2024-04-20
1126,Customer_1126,25,Female,Ahmedabad,Gujarat,365399,Oily,2023-03-19
1127,Customer_1127,43,Female,Chandigarh,Chandigarh,1792697,Sensitive,2023-02-20
1128,Customer_1128,45,Male,Jaipur,Rajasthan,1689337,Oily,2023-05-02
1129,Customer_1129,30,Female,Pune,Maharashtra,1055578,Sensitive,2022-06-07
1130,Customer_1130,60,Male,Delhi,Delhi,581600,Dry,2022-03-15
1131,Customer_1131,27,Female,Bengaluru,Karnataka,1679772,Sensitive,2022-05-20
1132,Customer_1132,26,Female,Hyderabad,Telangana,1256361,Normal,2023-03-12
1133,Customer_1133,29,Female,Chandigarh,Chandigarh,1368320,Sensitive,2023-07-20
1134,Customer_1134,42,Female,Indore,Madhya Pradesh,773413,Oily,2023-03-11
1135,Customer_1135,18,Female,Chandigarh,Chandigarh,796500,Normal,2022-10-03
1136,Customer_1136,52,Female,Jaipur,Rajasthan,370174,Dry,2023-08-05
1137,Customer_1137,41,Male,Indore,Madhya Pradesh,1516911,Sensitive,2023-12-09
1138,Customer_1138,27,Female,Hyderabad,Telangana,1275042,Normal,2022-03-22
1139,Customer_1139,57,Male,Lucknow,Uttar Pradesh,814287,Sensitive,2023-10-08
1140,Customer_1140,58,Female,Hyderabad,Telangana,1585636,Dry,2022-12-18
1141,Customer_1141,18,Female,Lucknow,Uttar Pradesh,1252179,Normal,2023-04-26
1142,Customer_1142,39,Female,Chandigarh,Chandigarh,1040115,Combination,2022-10-24
1143,Customer_1143,20,Female,Pune,Maharashtra,1482177,Combination,2022-03-04
1144,Customer_1144,55,Male,Indore,Madhya Pradesh,1501374,Dry,2023-11-04
1145,Customer_1145,57,Male,Delhi,Delhi,901496,Sensitive,2022-03-26
1146,Customer_1146,50,Male,Pune,Maharashtra,882691,Combination,2022-05-16
1147,Customer_1147,35,Female,Chandigarh,Chandigarh,838875,Dry,2024-01-30
1148,Customer_1148,56,Male,Hyderabad,Telangana,1541031,Oily,2023-11-06
1149,Customer_1149,41,Male,Indore,Madhya Pradesh,847886,Oily,2023-05-12
1150,Customer_1150,51,Male,Pune,Maharashtra,1019004,Dry,2022-05-29
1151,Customer_1151,27,Female,Chandigarh,Chandigarh,1166014,Sensitive,2022-09-01
1152,Customer_1152,58,Male,Indore,Madhya Pradesh,742198,Normal,2024-01-22
1153,Customer_1153,21,Female,Ahmedabad,Gujarat,543257,Dry,2022-06-21
1154,Customer_1154,43,Female,Indore,Madhya Pradesh,932012,Sensitive,2024-02-04
1155,Customer_1155,32,Female,Lucknow,Uttar Pradesh,1733424,Sensitive,2023-05-01
1156,Customer_1156,27,Female,Delhi,Delhi,324878,Combination,2024-03-27
1157,Customer_1157,42,Female,Indore,Madhya Pradesh,1412022,Dry,2022-04-10
1158,Customer_1158,58,Female,Lucknow,Uttar Pradesh,1205520,Normal,2023-10-30
1159,Customer_1159,39,Female,Delhi,Delhi,860123,Dry,2022-09-19
1160,Customer_1160,43,Female,Chandigarh,Chandigarh,1716188,Oily,2024-01-22
1161,Customer_1161,30,Female,Chandigarh,Chandigarh,1721277,Oily,2022-11-17
1162,Customer_1162,18,Male,Lucknow,Uttar Pradesh,442505,Dry,2023-02-26
1163,Customer_1163,51,Male,Hyderabad,Telangana,1737596,Sensitive,2022-12-26
1164,Customer_1164,36,Female,Mumbai,Maharashtra,704917,Dry,2022-01-25
1165,Customer_1165,23,Male,Chandigarh,Chandigarh,1545998,Oily,2023-09-06
1166,Customer_1166,25,Male,Hyderabad,Telangana,1568118,Oily,2023-01-20
1167,Customer_1167,29,Male,Chandigarh,Chandigarh,1758891,Oily,2022-09-17
1168,Customer_1168,47,Male,Delhi,Delhi,1639619,Sensitive,2022-10-11
1169,Customer_1169,60,Female,Jaipur,Rajasthan,839673,Oily,2024-03-10
1170,Customer_1170,35,Male,Hyderabad,Telangana,1102787,Sensitive,2022-12-07
1171,Customer_1171,34,Female,Bengaluru,Karnataka,673145,Sensitive,2022-03-13
1172,Customer_1172,30,Female,Indore,Madhya Pradesh,674220,Sensitive,2022-04-22
1173,Customer_1173,52,Female,Pune,Maharashtra,757989,Normal,2023-10-21
1174,Customer_1174,46,Female,Hyderabad,Telangana,516608,Dry,2022-03-16
1175,Customer_1175,54,Female,Hyderabad,Telangana,1235082,Dry,2023-05-25
1176,Customer_1176,59,Male,Pune,Maharashtra,379347,Sensitive,2022-09-30
1177,Customer_1177,39,Female,Pune,Maharashtra,1505107,Dry,2023-06-12
1178,Customer_1178,48,Female,Indore,Madhya Pradesh,1147066,Dry,2023-07-08
1179,Customer_1179,18,Female,Mumbai,Maharashtra,1745485,Sensitive,2022-05-05
1180,Customer_1180,52,Female,Chandigarh,Chandigarh,999273,Combination,2023-02-15
1181,Customer_1181,58,Male,Bengaluru,Karnataka,1066205,Normal,2024-05-23
1182,Customer_1182,23,Female,Ahmedabad,Gujarat,908087,Oily,2022-06-30
1183,Customer_1183,20,Female,Lucknow,Uttar Pradesh,1685659,Oily,2022-11-03
1184,Customer_1184,24,Female,Jaipur,Rajasthan,1320271,Dry,2023-10-10
1185,Customer_1185,30,Male,Indore,Madhya Pradesh,374864,Oily,2022-01-26
1186,Customer_1186,33,Female,Chandigarh,Chandigarh,1115304,Dry,2024-03-22
1187,Customer_1187,59,Female,Lucknow,Uttar Pradesh,1347913,Normal,2024-05-04
1188,Customer_1188,19,Male,Indore,Madhya Pradesh,1011532,Dry,2022-12-12
1189,Customer_1189,43,Male,Bengaluru,Karnataka,743921,Normal,2023-04-15
1190,Customer_1190,27,Male,Lucknow,Uttar Pradesh,451065,Dry,2024-01-24
1191,Customer_1191,49,Male,Pune,Maharashtra,1288219,Normal,2022-02-16
1192,Customer_1192,59,Male,Mumbai,Maharashtra,330126,Oily,2023-10-10
1193,Customer_1193,37,Male,Bengaluru,Karnataka,1256688,Normal,2022-06-24
1194,Customer_1194,22,Male,Chandigarh,Chandigarh,539452,Sensitive,2023-09-02
1195,Customer_1195,32,Male,Chandigarh,Chandigarh,724969,Sensitive,2022-12-12
1196,Customer_1196,38,Male,Jaipur,Rajasthan,1734637,Normal,2023-07-13
1197,Customer_1197,38,Male,Pune,Maharashtra,395601,Normal,2022-06-27
1198,Customer_1198,22,Male,Ahmedabad,Gujarat,874396,Oily,2024-02-15
1199,Customer_1199,28,Female,Jaipur,Rajasthan,1460580,Oily,2023-03-26
1200,Customer_1200,55,Male,Mumbai,Maharashtra,579699,Dry,2024-03-21
1201,Customer_1201,42,Male,Chandigarh,Chandigarh,332779,Sensitive,2022-03-24
1202,Customer_1202,18,Male,Bengaluru,Karnataka,486942,Normal,2022-10-18
1203,Customer_1203,48,Male,Jaipur,Rajasthan,732349,Oily,2023-10-18
1204,Customer_1204,51,Female,Delhi,Delhi,1164092,Oily,2022-06-28
1205,Customer_1205,20,Male,Chandigarh,Chandigarh,1348340,Normal,2022-04-01
1206,Customer_1206,40,Female,Delhi,Delhi,309584,Normal,2022-08-30
1207,Customer_1207,25,Male,Mumbai,Maharashtra,1597971,Combination,2024-06-02
1208,Customer_1208,50,Male,Lucknow,Uttar Pradesh,1273531,Oily,2022-10-11
1209,Customer_1209,30,Male,Bengaluru,Karnataka,612931,Sensitive,2023-05-25
1210,Customer_1210,28,Male,Pune,Maharashtra,413304,Combination,2022-10-19
1211,Customer_1211,45,Female,Mumbai,Maharashtra,1001066,Normal,2024-04-04
1212,Customer_1212,20,Male,Indore,Madhya Pradesh,410009,Normal,2022-06-30
1213,Customer_1213,19,Female,Pune,Maharashtra,1379831,Dry,2022-03-14
1214,Customer_1214,46,Female,Mumbai,Maharashtra,1178845,Oily,2024-02-05
1215,Customer_1215,32,Male,Ahmedabad,Gujarat,983948,Oily,2022-04-11
1216,Customer_1216,44,Male,Mumbai,Maharashtra,1087548,Oily,2022-03-17
1217,Customer_1217,55,Female,Indore,Madhya Pradesh,413957,Sensitive,2022-05-29
1218,Customer_1218,57,Female,Mumbai,Maharashtra,673420,Sensitive,2023-01-18
1219,Customer_1219,47,Male,Pune,Maharashtra,1625444,Combination,2022-10-04
1220,Customer_1220,39,Male,Mumbai,Maharashtra,367307,Normal,2022-03-03
1221,Customer_1221,26,Male,Delhi,Delhi,1276296,Sensitive,2023-03-05
1222,Customer_1222,39,Male,Pune,Maharashtra,918998,Normal,2022-06-10
1223,Customer_1223,28,Male,Chandigarh,Chandigarh,481349,Sensitive,2024-05-27
1224,Customer_1224,49,Male,Lucknow,Uttar Pradesh,1540635,Sensitive,2024-05-07
1225,Customer_1225,35,Male,Indore,Madhya Pradesh,1197812,Oily,2022-09-11
1226,Customer_1226,45,Male,Ahmedabad,Gujarat,1541035,Oily,2023-08-11
1227,Customer_1227,44,Male,Bengaluru,Karnataka,384009,Sensitive,2024-01-22
1228,Customer_1228,20,Female,Lucknow,Uttar Pradesh,1413842,Sensitive,2023-05-06
1229,Customer_1229,46,Female,Hyderabad,Telangana,804389,Dry,2023-07-26
1230,Customer_1230,44,Male,Bengaluru,Karnataka,578317,Combination,2022-10-30
1231,Customer_1231,59,Male,Mumbai,Maharashtra,333407,Sensitive,2023-11-17
1232,Customer_1232,28,Female,Delhi,Delhi,1496175,Normal,2022-01-25
1233,Customer_1233,47,Male,Indore,Madhya Pradesh,1774580,Sensitive,2022-07-09
1234,Customer_1234,58,Female,Ahmedabad,Gujarat,1776189,Dry,2024-05-31
1235,Customer_1235,42,Female,Hyderabad,Telangana,1413420,Dry,2022-10-31
1236,Customer_1236,35,Male,Jaipur,Rajasthan,1735846,Dry,2023-09-28
1237,Customer_1237,21,Female,Ahmedabad,Gujarat,408134,Dry,2023-01-28
1238,Customer_1238,47,Male,Ahmedabad,Gujarat,1066658,Combination,2022-06-29
1239,Customer_1239,22,Male,Lucknow,Uttar Pradesh,590258,Combination,2022-09-02
1240,Customer_1240,25,Female,Lucknow,Uttar Pradesh,1516598,Oily,2024-02-11
1241,Customer_1241,38,Female,Mumbai,Maharashtra,860690,Normal,2023-11-28
1242,Customer_1242,35,Male,Jaipur,Rajasthan,432894,Combination,2022-12-20
1243,Customer_1243,49,Male,Indore,Madhya Pradesh,1286005,Normal,2023-11-26
1244,Customer_1244,36,Female,Lucknow,Uttar Pradesh,1602229,Combination,2024-03-30
1245,Customer_1245,30,Female,Hyderabad,Telangana,483099,Dry,2023-02-05
1246,Customer_1246,36,Male,Pune,Maharashtra,529354,Oily,2022-10-10
1247,Customer_1247,27,Female,Hyderabad,Telangana,615617,Oily,2023-06-18
1248,Customer_1248,36,Female,Bengaluru,Karnataka,1731103,Normal,2022-05-16
1249,Customer_1249,40,Female,Indore,Madhya Pradesh,1230841,Dry,2022-10-26
1250,Customer_1250,22,Male,Mumbai,Maharashtra,787227,Normal,2023-10-23
1251,Customer_1251,44,Female,Ahmedabad,Gujarat,1675229,Combination,2023-05-13
1252,Customer_1252,60,Female,Chandigarh,Chandigarh,1260510,Combination,2023-08-04
1253,Customer_1253,37,Male,Pune,Maharashtra,845275,Oily,2023-05-11
1254,Customer_1254,36,Male,Ahmedabad,Gujarat,611088,Combination,2022-10-19
1255,Customer_1255,28,Male,Indore,Madhya Pradesh,1792778,Normal,2022-10-20
1256,Customer_1256,29,Male,Pune,Maharashtra,638175,Oily,2022-04-30
1257,Customer_1257,38,Male,Bengaluru,Karnataka,1224610,Combination,2023-01-14
1258,Customer_1258,31,Male,Pune,Maharashtra,1695766,Combination,2022-12-19
1259,Customer_1259,41,Female,Pune,Maharashtra,1432182,Oily,2023-07-01
1260,Customer_1260,25,Male,Delhi,Delhi,1148428,Sensitive,2024-02-26
1261,Customer_1261,47,Female,Pune,Maharashtra,627267,Dry,2024-01-27
1262,Customer_1262,50,Female,Lucknow,Uttar Pradesh,1657368,Combination,2023-05-01
1263,Customer_1263,54,Male,Delhi,Delhi,1485376,Sensitive,2022-12-13
1264,Customer_1264,48,Male,Hyderabad,Telangana,592391,Normal,2022-04-30
1265,Customer_1265,19,Female,Delhi,Delhi,1595037,Oily,2023-04-02
1266,Customer_1266,23,Female,Ahmedabad,Gujarat,415413,Normal,2023-10-19
1267,Customer_1267,55,Male,Mumbai,Maharashtra,882855,Oily,2022-01-24
1268,Customer_1268,52,Female,Hyderabad,Telangana,1719904,Dry,2023-06-09
1269,Customer_1269,30,Female,Jaipur,Rajasthan,966386,Normal,2023-09-12
1270,Customer_1270,21,Female,Lucknow,Uttar Pradesh,1133739,Oily,2024-01-04
1271,Customer_1271,41,Female,Jaipur,Rajasthan,1081883,Dry,2022-10-19
1272,Customer_1272,40,Female,Ahmedabad,Gujarat,1234440,Normal,2022-03-31
1273,Customer_1273,46,Female,Mumbai,Maharashtra,1227998,Combination,2022-06-17
1274,Customer_1274,44,Male,Jaipur,Rajasthan,1531405,Normal,2022-03-30
1275,Customer_1275,31,Female,Pune,Maharashtra,1295335,Normal,2022-12-10
1276,Customer_1276,55,Female,Hyderabad,Telangana,485489,Dry,2023-02-24
1277,Customer_1277,44,Male,Delhi,Delhi,1465626,Sensitive,2023-12-29
1278,Customer_1278,26,Male,Chandigarh,Chandigarh,690083,Sensitive,2022-10-24
1279,Customer_1279,49,Male,Lucknow,Uttar Pradesh,933325,Normal,2022-11-08
1280,Customer_1280,53,Female,Indore,Madhya Pradesh,770853,Dry,2024-03-21
1281,Customer_1281,27,Female,Bengaluru,Karnataka,929500,Sensitive,2022-05-08
1282,Customer_1282,44,Male,Delhi,Delhi,1331560,Oily,2022-01-30
1283,Customer_1283,35,Female,Hyderabad,Telangana,439932,Normal,2024-02-03
1284,Customer_1284,55,Female,Ahmedabad,Gujarat,1486095,Sensitive,2024-06-08
1285,Customer_1285,58,Female,Delhi,Delhi,1755937,Dry,2023-01-18
1286,Customer_1286,54,Male,Lucknow,Uttar Pradesh,844288,Oily,2023-08-19
1287,Customer_1287,27,Female,Bengaluru,Karnataka,1266879,Oily,2023-01-01
1288,Customer_1288,21,Female,Pune,Maharashtra,1057414,Sensitive,2023-10-14
1289,Customer_1289,21,Female,Ahmedabad,Gujarat,911663,Normal,2023-10-17
1290,Customer_1290,50,Male,Hyderabad,Telangana,1617074,Oily,2024-02-23
1291,Customer_1291,56,Male,Hyderabad,Telangana,1440247,Combination,2024-06-12
1292,Customer_1292,37,Female,Ahmedabad,Gujarat,1737479,Combination,2022-04-09
1293,Customer_1293,55,Female,Lucknow,Uttar Pradesh,601397,Dry,2022-05-21
1294,Customer_1294,36,Female,Lucknow,Uttar Pradesh,1316906,Sensitive,2022-12-15
1295,Customer_1295,24,Male,Pune,Maharashtra,624125,Normal,2022-08-15
1296,Customer_1296,53,Male,Mumbai,Maharashtra,1175238,Sensitive,2022-03-20
1297,Customer_1297,26,Male,Hyderabad,Telangana,1305622,Combination,2022-11-16
1298,Customer_1298,26,Female,Ahmedabad,Gujarat,1553360,Normal,2024-02-21
1299,Customer_1299,29,Female,Ahmedabad,Gujarat,360313,Dry,2022-08-16
1300,Customer_1300,27,Male,Pune,Maharashtra,944723,Oily,2022-08-03
1301,Customer_1301,23,Female,Pune,Maharashtra,1748750,Dry,2022-03-21
1302,Customer_1302,48,Female,Bengaluru,Karnataka,389164,Oily,2022-04-21
1303,Customer_1303,60,Male,Bengaluru,Karnataka,1283736,Dry,2022-09-17
1304,Customer_1304,22,Female,Bengaluru,Karnataka,1700030,Dry,2024-02-12
1305,Customer_1305,25,Male,Hyderabad,Telangana,1532292,Oily,2022-07-09
1306,Customer_1306,19,Male,Ahmedabad,Gujarat,605255,Combination,2023-08-17
1307,Customer_1307,40,Male,Ahmedabad,Gujarat,1349906,Normal,2022-09-05
1308,Customer_1308,54,Male,Lucknow,Uttar Pradesh,507839,Normal,2024-02-21
1309,Customer_1309,51,Male,Bengaluru,Karnataka,701704,Combination,2022-06-25
1310,Customer_1310,18,Male,Lucknow,Uttar Pradesh,748822,Normal,2024-05-21
1311,Customer_1311,41,Male,Indore,Madhya Pradesh,1222046,Dry,2022-07-05
1312,Customer_1312,42,Female,Ahmedabad,Gujarat,749365,Normal,2022-08-22
1313,Customer_1313,25,Female,Jaipur,Rajasthan,559240,Sensitive,2022-04-23
1314,Customer_1314,26,Female,Lucknow,Uttar Pradesh,1057597,Combination,2023-07-25
1315,Customer_1315,23,Female,Bengaluru,Karnataka,1335390,Dry,2023-01-30
1316,Customer_1316,47,Female,Delhi,Delhi,1740841,Sensitive,2022-08-20
1317,Customer_1317,44,Female,Lucknow,Uttar Pradesh,1197500,Oily,2024-05-27
1318,Customer_1318,48,Female,Hyderabad,Telangana,676013,Dry,2023-11-22
1319,Customer_1319,24,Female,Indore,Madhya Pradesh,1218674,Normal,2023-11-06
1320,Customer_1320,25,Male,Hyderabad,Telangana,1127979,Sensitive,2023-12-13
1321,Customer_1321,24,Male,Chandigarh,Chandigarh,435707,Combination,2022-07-23
1322,Customer_1322,30,Female,Ahmedabad,Gujarat,557450,Oily,2024-05-08
1323,Customer_1323,49,Female,Jaipur,Rajasthan,1796304,Normal,2023-08-31
1324,Customer_1324,59,Female,Delhi,Delhi,1046790,Sensitive,2023-11-14
1325,Customer_1325,43,Female,Chandigarh,Chandigarh,1372513,Combination,2022-05-31
1326,Customer_1326,24,Male,Indore,Madhya Pradesh,825734,Sensitive,2023-05-25
1327,Customer_1327,58,Male,Mumbai,Maharashtra,362334,Dry,2024-01-26
1328,Customer_1328,22,Female,Bengaluru,Karnataka,1722094,Dry,2022-07-03
1329,Customer_1329,56,Female,Jaipur,Rajasthan,620311,Combination,2023-09-29
1330,Customer_1330,24,Male,Chandigarh,Chandigarh,1686386,Normal,2024-02-25
1331,Customer_1331,47,Male,Indore,Madhya Pradesh,915646,Sensitive,2023-05-18
1332,Customer_1332,34,Female,Lucknow,Uttar Pradesh,1433571,Normal,2022-01-19
1333,Customer_1333,45,Male,Bengaluru,Karnataka,1104530,Sensitive,2022-11-19
1334,Customer_1334,46,Female,Jaipur,Rajasthan,375457,Dry,2022-07-01
1335,Customer_1335,60,Female,Lucknow,Uttar Pradesh,1780713,Oily,2023-05-19
1336,Customer_1336,26,Female,Jaipur,Rajasthan,1115960,Sensitive,2024-02-22
1337,Customer_1337,54,Female,Hyderabad,Telangana,1684285,Normal,2023-12-03
1338,Customer_1338,54,Female,Lucknow,Uttar Pradesh,1298057,Normal,2024-05-24
1339,Customer_1339,50,Male,Pune,Maharashtra,1120793,Combination,2023-05-22
1340,Customer_1340,42,Female,Chandigarh,Chandigarh,896508,Combination,2022-03-04
1341,Customer_1341,55,Male,Bengaluru,Karnataka,568850,Combination,2022-12-24
1342,Customer_1342,19,Female,Chandigarh,Chandigarh,1098120,Dry,2023-03-15
1343,Customer_1343,40,Female,Ahmedabad,Gujarat,1036665,Dry,2023-11-09
1344,Customer_1344,33,Male,Mumbai,Maharashtra,1659128,Combination,2023-08-30
1345,Customer_1345,22,Female,Hyderabad,Telangana,540063,Combination,2022-06-23
1346,Customer_1346,52,Female,Bengaluru,Karnataka,378386,Sensitive,2023-11-05
1347,Customer_1347,54,Female,Jaipur,Rajasthan,859140,Dry,2023-12-14
1348,Customer_1348,55,Male,Indore,Madhya Pradesh,963778,Sensitive,2023-08-08
1349,Customer_1349,38,Male,Jaipur,Rajasthan,1324162,Dry,2023-12-09
1350,Customer_1350,39,Female,Mumbai,Maharashtra,1354382,Combination,2022-06-20
1351,Customer_1351,37,Female,Chandigarh,Chandigarh,1214339,Oily,2023-05-24
1352,Customer_1352,52,Male,Hyderabad,Telangana,902628,Combination,2022-02-18
1353,Customer_1353,54,Female,Delhi,Delhi,773717,Normal,2024-01-31
1354,Customer_1354,55,Male,Hyderabad,Telangana,1541230,Combination,2022-10-07
1355,Customer_1355,54,Female,Hyderabad,Telangana,1195705,Oily,2022-12-22
1356,Customer_1356,59,Female,Hyderabad,Telangana,1358305,Combination,2023-03-20
1357,Customer_1357,38,Male,Lucknow,Uttar Pradesh,1168879,Sensitive,2022-09-15
1358,Customer_1358,50,Female,Chandigarh,Chandigarh,1708363,Normal,2022-07-04
1359,Customer_1359,58,Male,Bengaluru,Karnataka,1509728,Sensitive,2022-08-07
1360,Customer_1360,35,Female,Indore,Madhya Pradesh,1487232,Dry,2023-06-19
1361,Customer_1361,41,Female,Mumbai,Maharashtra,609840,Oily,2022-06-04
1362,Customer_1362,45,Female,Delhi,Delhi,968264,Dry,2023-10-12
1363,Customer_1363,44,Female,Mumbai,Maharashtra,901976,Oily,2022-09-20
1364,Customer_1364,33,Female,Chandigarh,Chandigarh,800135,Dry,2022-06-03
1365,Customer_1365,19,Male,Mumbai,Maharashtra,951250,Sensitive,2023-05-13
1366,Customer_1366,45,Female,Lucknow,Uttar Pradesh,1656693,Dry,2022-07-26
1367,Customer_1367,35,Male,Pune,Maharashtra,361114,Combination,2024-03-19
1368,Customer_1368,60,Male,Delhi,Delhi,1651182,Dry,2024-01-10
1369,Customer_1369,19,Male,Indore,Madhya Pradesh,476013,Combination,2023-09-09
1370,Customer_1370,22,Female,Delhi,Delhi,1062176,Dry,2023-02-11
1371,Customer_1371,33,Male,Pune,Maharashtra,1497417,Normal,2022-05-04
1372,Customer_1372,60,Female,Lucknow,Uttar Pradesh,1341133,Dry,2022-09-01
1373,Customer_1373,25,Female,Chandigarh,Chandigarh,990562,Normal,2024-01-25
1374,Customer_1374,33,Female,Jaipur,Rajasthan,757196,Oily,2022-04-20
1375,Customer_1375,31,Female,Pune,Maharashtra,1221646,Sensitive,2022-09-18
1376,Customer_1376,21,Female,Chandigarh,Chandigarh,1418767,Combination,2023-12-18
1377,Customer_1377,38,Female,Hyderabad,Telangana,1295841,Oily,2022-10-12
1378,Customer_1378,41,Female,Pune,Maharashtra,1071205,Combination,2022-01-22
1379,Customer_1379,20,Male,Chandigarh,Chandigarh,1748466,Oily,2022-09-17
1380,Customer_1380,42,Female,Lucknow,Uttar Pradesh,1639973,Combination,2024-04-11
1381,Customer_1381,52,Male,Hyderabad,Telangana,1227785,Sensitive,2022-01-09
1382,Customer_1382,34,Female,Jaipur,Rajasthan,489268,Oily,2022-11-01
1383,Customer_1383,28,Female,Mumbai,Maharashtra,1624042,Combination,2024-06-19
1384,Customer_1384,20,Female,Jaipur,Rajasthan,467970,Sensitive,2023-04-28
1385,Customer_1385,39,Female,Jaipur,Rajasthan,510544,Oily,2023-12-17
1386,Customer_1386,50,Male,Delhi,Delhi,1037896,Sensitive,2023-09-09
1387,Customer_1387,38,Female,Lucknow,Uttar Pradesh,1757961,Dry,2024-02-20
1388,Customer_1388,59,Male,Bengaluru,Karnataka,1621533,Sensitive,2024-03-21
1389,Customer_1389,18,Female,Pune,Maharashtra,719588,Combination,2022-11-18
1390,Customer_1390,23,Male,Chandigarh,Chandigarh,630977,Oily,2023-06-13
1391,Customer_1391,56,Female,Pune,Maharashtra,969828,Sensitive,2023-05-05
1392,Customer_1392,34,Male,Pune,Maharashtra,1741722,Normal,2024-04-26
1393,Customer_1393,36,Male,Ahmedabad,Gujarat,476997,Sensitive,2023-01-12
1394,Customer_1394,43,Female,Pune,Maharashtra,1496195,Oily,2022-01-22
1395,Customer_1395,53,Male,Bengaluru,Karnataka,486597,Sensitive,2022-07-23
1396,Customer_1396,28,Male,Delhi,Delhi,1141031,Normal,2023-03-16
1397,Customer_1397,34,Male,Chandigarh,Chandigarh,486775,Combination,2022-06-24
1398,Customer_1398,25,Male,Chandigarh,Chandigarh,1402761,Sensitive,2024-03-02
1399,Customer_1399,49,Male,Indore,Madhya Pradesh,770776,Oily,2022-07-15
1400,Customer_1400,36,Female,Delhi,Delhi,1101266,Oily,2023-03-18
1401,Customer_1401,56,Male,Mumbai,Maharashtra,893425,Oily,2023-03-05
1402,Customer_1402,44,Male,Pune,Maharashtra,360341,Combination,2022-09-26
1403,Customer_1403,57,Female,Mumbai,Maharashtra,820760,Combination,2023-08-20
1404,Customer_1404,23,Male,Indore,Madhya Pradesh,1283316,Oily,2024-06-11
1405,Customer_1405,43,Male,Ahmedabad,Gujarat,1795973,Sensitive,2023-12-27
1406,Customer_1406,56,Female,Jaipur,Rajasthan,453208,Dry,2023-07-25
1407,Customer_1407,21,Female,Bengaluru,Karnataka,792498,Sensitive,2022-12-29
1408,Customer_1408,60,Male,Chandigarh,Chandigarh,311242,Combination,2023-06-01
1409,Customer_1409,42,Female,Chandigarh,Chandigarh,1127739,Combination,2022-05-16
1410,Customer_1410,20,Male,Lucknow,Uttar Pradesh,845871,Oily,2023-05-31
1411,Customer_1411,39,Female,Indore,Madhya Pradesh,576655,Dry,2022-11-21
1412,Customer_1412,45,Male,Lucknow,Uttar Pradesh,846110,Dry,2022-11-17
1413,Customer_1413,26,Female,Bengaluru,Karnataka,889301,Combination,2023-03-17
1414,Customer_1414,34,Female,Delhi,Delhi,1384170,Combination,2023-03-23
1415,Customer_1415,38,Female,Pune,Maharashtra,617225,Normal,2024-05-23
1416,Customer_1416,21,Male,Indore,Madhya Pradesh,611680,Dry,2022-08-24
1417,Customer_1417,20,Female,Pune,Maharashtra,845729,Oily,2023-12-24
1418,Customer_1418,45,Male,Indore,Madhya Pradesh,1337903,Dry,2023-03-29
1419,Customer_1419,53,Female,Ahmedabad,Gujarat,1259991,Sensitive,2022-04-26
1420,Customer_1420,25,Female,Pune,Maharashtra,496247,Oily,2024-06-08
1421,Customer_1421,29,Male,Delhi,Delhi,1366900,Combination,2023-07-31
1422,Customer_1422,31,Male,Chandigarh,Chandigarh,1403134,Normal,2022-07-04
1423,Customer_1423,22,Male,Jaipur,Rajasthan,1344614,Dry,2022-12-03
1424,Customer_1424,36,Male,Bengaluru,Karnataka,1126633,Combination,2023-08-28
1425,Customer_1425,38,Male,Hyderabad,Telangana,360554,Dry,2023-04-17
1426,Customer_1426,47,Female,Indore,Madhya Pradesh,1546136,Dry,2022-12-04
1427,Customer_1427,59,Female,Bengaluru,Karnataka,981397,Normal,2022-05-13
1428,Customer_1428,21,Female,Mumbai,Maharashtra,977738,Dry,2024-02-01
1429,Customer_1429,53,Female,Hyderabad,Telangana,494093,Sensitive,2022-09-19
1430,Customer_1430,33,Female,Pune,Maharashtra,487041,Dry,2024-05-22
1431,Customer_1431,28,Female,Mumbai,Maharashtra,1143886,Combination,2023-10-25
1432,Customer_1432,25,Female,Pune,Maharashtra,1329376,Sensitive,2024-01-24
1433,Customer_1433,56,Male,Delhi,Delhi,1052970,Dry,2024-05-02
1434,Customer_1434,50,Male,Ahmedabad,Gujarat,1326813,Sensitive,2023-02-02
1435,Customer_1435,35,Female,Indore,Madhya Pradesh,489209,Sensitive,2024-04-10
1436,Customer_1436,57,Male,Ahmedabad,Gujarat,1210386,Sensitive,2022-04-06
1437,Customer_1437,50,Female,Bengaluru,Karnataka,1272082,Oily,2023-10-26
1438,Customer_1438,49,Male,Pune,Maharashtra,909648,Sensitive,2023-03-24
1439,Customer_1439,48,Female,Hyderabad,Telangana,611650,Oily,2023-12-02
1440,Customer_1440,33,Female,Delhi,Delhi,919669,Normal,2022-02-18
1441,Customer_1441,22,Male,Lucknow,Uttar Pradesh,1376708,Dry,2023-06-07
1442,Customer_1442,44,Male,Jaipur,Rajasthan,1274455,Normal,2024-04-12
1443,Customer_1443,40,Female,Delhi,Delhi,1528024,Dry,2024-02-27
1444,Customer_1444,19,Male,Lucknow,Uttar Pradesh,1687430,Sensitive,2022-07-03
1445,Customer_1445,43,Male,Pune,Maharashtra,474672,Sensitive,2024-06-16
1446,Customer_1446,38,Female,Delhi,Delhi,1705636,Sensitive,2023-10-01
1447,Customer_1447,39,Male,Delhi,Delhi,742642,Oily,2022-03-22
1448,Customer_1448,34,Male,Chandigarh,Chandigarh,1209742,Normal,2022-01-19
1449,Customer_1449,43,Male,Bengaluru,Karnataka,327901,Oily,2023-11-03
1450,Customer_1450,47,Female,Indore,Madhya Pradesh,1679332,Normal,2024-01-14
1451,Customer_1451,37,Female,Indore,Madhya Pradesh,1748423,Sensitive,2024-04-03
1452,Customer_1452,23,Male,Delhi,Delhi,583354,Dry,2022-07-15
1453,Customer_1453,19,Male,Hyderabad,Telangana,356235,Oily,2023-05-08
1454,Customer_1454,59,Male,Pune,Maharashtra,1213914,Normal,2022-07-15
1455,Customer_1455,37,Female,Hyderabad,Telangana,610725,Sensitive,2023-03-09
1456,Customer_1456,25,Male,Bengaluru,Karnataka,619652,Sensitive,2023-05-12
1457,Customer_1457,19,Female,Indore,Madhya Pradesh,1527308,Oily,2022-07-26
1458,Customer_1458,54,Female,Delhi,Delhi,406791,Combination,2022-01-09
1459,Customer_1459,58,Female,Hyderabad,Telangana,1171756,Sensitive,2024-01-25
1460,Customer_1460,56,Female,Chandigarh,Chandigarh,377630,Sensitive,2023-02-14
1461,Customer_1461,50,Female,Indore,Madhya Pradesh,786341,Dry,2023-06-25
1462,Customer_1462,45,Female,Bengaluru,Karnataka,1460261,Dry,2022-10-02
1463,Customer_1463,48,Male,Jaipur,Rajasthan,1337647,Normal,2023-10-24
1464,Customer_1464,46,Female,Ahmedabad,Gujarat,343635,Oily,2022-10-22
1465,Customer_1465,48,Female,Mumbai,Maharashtra,1218784,Oily,2023-06-04
1466,Customer_1466,55,Female,Mumbai,Maharashtra,1562695,Sensitive,2022-05-15
1467,Customer_1467,42,Female,Delhi,Delhi,1711608,Combination,2024-03-26
1468,Customer_1468,28,Male,Indore,Madhya Pradesh,892355,Dry,2023-11-15
1469,Customer_1469,26,Male,Indore,Madhya Pradesh,718348,Oily,2023-09-13
1470,Customer_1470,24,Female,Indore,Madhya Pradesh,1335416,Combination,2022-08-29
1471,Customer_1471,53,Male,Mumbai,Maharashtra,338022,Combination,2022-09-25
1472,Customer_1472,28,Male,Ahmedabad,Gujarat,1355871,Dry,2024-04-06
1473,Customer_1473,39,Female,Hyderabad,Telangana,539010,Normal,2022-08-21
1474,Customer_1474,53,Male,Hyderabad,Telangana,1319981,Combination,2022-12-15
1475,Customer_1475,20,Female,Ahmedabad,Gujarat,617044,Normal,2023-09-11
1476,Customer_1476,21,Female,Hyderabad,Telangana,1258682,Dry,2022-04-19
1477,Customer_1477,57,Male,Chandigarh,Chandigarh,1479591,Dry,2023-06-04
1478,Customer_1478,28,Male,Hyderabad,Telangana,730726,Combination,2022-06-10
1479,Customer_1479,46,Female,Delhi,Delhi,508235,Oily,2023-10-25
1480,Customer_1480,39,Male,Ahmedabad,Gujarat,557915,Oily,2023-03-26
1481,Customer_1481,18,Male,Jaipur,Rajasthan,1293344,Combination,2022-10-21
1482,Customer_1482,28,Male,Lucknow,Uttar Pradesh,857875,Combination,2024-01-03
1483,Customer_1483,41,Male,Jaipur,Rajasthan,617951,Normal,2023-03-08
1484,Customer_1484,26,Female,Mumbai,Maharashtra,1166982,Sensitive,2023-04-15
1485,Customer_1485,41,Male,Lucknow,Uttar Pradesh,1228154,Oily,2024-02-28
1486,Customer_1486,51,Male,Bengaluru,Karnataka,477792,Combination,2022-11-19
1487,Customer_1487,28,Female,Jaipur,Rajasthan,428908,Sensitive,2024-02-17
1488,Customer_1488,60,Male,Bengaluru,Karnataka,1504933,Dry,2023-10-09
1489,Customer_1489,36,Female,Lucknow,Uttar Pradesh,1143061,Normal,2024-06-13
1490,Customer_1490,38,Female,Delhi,Delhi,316572,Combination,2023-06-25
1491,Customer_1491,27,Female,Chandigarh,Chandigarh,1235726,Oily,2023-07-12
1492,Customer_1492,57,Female,Chandigarh,Chandigarh,1762702,Combination,2024-04-11
1493,Customer_1493,30,Female,Jaipur,Rajasthan,476749,Dry,2023-07-05
1494,Customer_1494,42,Male,Ahmedabad,Gujarat,1391504,Normal,2022-10-18
1495,Customer_1495,23,Female,Mumbai,Maharashtra,1393320,Combination,2024-02-15
1496,Customer_1496,19,Male,Pune,Maharashtra,1432320,Normal,2022-09-22
1497,Customer_1497,37,Female,Mumbai,Maharashtra,1359637,Dry,2024-01-20
1498,Customer_1498,41,Female,Bengaluru,Karnataka,1614892,Normal,2022-12-29
1499,Customer_1499,21,Male,Hyderabad,Telangana,1241069,Combination,2023-08-10
1500,Customer_1500,47,Female,Bengaluru,Karnataka,795131,Normal,2023-08-03
1501,Customer_1501,56,Male,Lucknow,Uttar Pradesh,1034710,Combination,2022-10-19
1502,Customer_1502,26,Female,Chandigarh,Chandigarh,1389819,Oily,2022-04-18
1503,Customer_1503,51,Male,Ahmedabad,Gujarat,1057632,Sensitive,2022-04-11
1504,Customer_1504,45,Female,Pune,Maharashtra,471855,Dry,2022-03-05
1505,Customer_1505,26,Female,Jaipur,Rajasthan,750435,Sensitive,2022-03-21
1506,Customer_1506,51,Female,Ahmedabad,Gujarat,1533627,Normal,2023-06-16
1507,Customer_1507,34,Female,Jaipur,Rajasthan,1634755,Sensitive,2023-03-27
1508,Customer_1508,44,Male,Indore,Madhya Pradesh,602715,Normal,2022-05-11
1509,Customer_1509,47,Male,Indore,Madhya Pradesh,1777495,Normal,2024-06-02
1510,Customer_1510,25,Male,Lucknow,Uttar Pradesh,1255110,Sensitive,2022-02-03
1511,Customer_1511,53,Female,Pune,Maharashtra,549070,Normal,2024-05-22
1512,Customer_1512,25,Male,Jaipur,Rajasthan,1075077,Normal,2022-10-24
1513,Customer_1513,51,Male,Bengaluru,Karnataka,546923,Combination,2022-11-09
1514,Customer_1514,37,Female,Ahmedabad,Gujarat,1319059,Dry,2024-03-21
1515,Customer_1515,27,Female,Pune,Maharashtra,402028,Combination,2022-10-18
1516,Customer_1516,29,Female,Mumbai,Maharashtra,304374,Dry,2023-07-15
1517,Customer_1517,22,Male,Ahmedabad,Gujarat,1175718,Sensitive,2023-08-10
1518,Customer_1518,54,Female,Delhi,Delhi,1008466,Sensitive,2023-05-02
1519,Customer_1519,26,Male,Chandigarh,Chandigarh,1358566,Sensitive,2024-02-19
1520,Customer_1520,60,Female,Indore,Madhya Pradesh,612439,Combination,2022-04-02
1521,Customer_1521,60,Female,Chandigarh,Chandigarh,1112090,Oily,2023-02-09
1522,Customer_1522,52,Male,Ahmedabad,Gujarat,1706022,Sensitive,2024-01-24
1523,Customer_1523,59,Male,Delhi,Delhi,647319,Dry,2023-08-09
1524,Customer_1524,53,Male,Delhi,Delhi,1650385,Normal,2022-03-29
1525,Customer_1525,57,Male,Mumbai,Maharashtra,1495889,Normal,2022-07-13
1526,Customer_1526,50,Male,Indore,Madhya Pradesh,552252,Normal,2022-07-04
1527,Customer_1527,35,Male,Bengaluru,Karnataka,814403,Normal,2023-03-31
1528,Customer_1528,52,Female,Hyderabad,Telangana,1142631,Normal,2022-02-16
1529,Customer_1529,19,Female,Indore,Madhya Pradesh,1216491,Oily,2023-03-01
1530,Customer_1530,51,Female,Bengaluru,Karnataka,1101135,Combination,2022-04-04
1531,Customer_1531,24,Male,Hyderabad,Telangana,898425,Oily,2022-07-07
1532,Customer_1532,23,Male,Delhi,Delhi,943394,Sensitive,2023-11-26
1533,Customer_1533,21,Female,Pune,Maharashtra,680544,Dry,2024-01-01
1534,Customer_1534,37,Female,Bengaluru,Karnataka,507081,Combination,2022-05-26
1535,Customer_1535,38,Female,Jaipur,Rajasthan,1087508,Dry,2022-02-23
1536,Customer_1536,33,Male,Mumbai,Maharashtra,1333852,Normal,2024-02-10
1537,Customer_1537,42,Male,Lucknow,Uttar Pradesh,864736,Dry,2022-11-22
1538,Customer_1538,53,Female,Indore,Madhya Pradesh,437275,Sensitive,2022-01-30
1539,Customer_1539,58,Male,Jaipur,Rajasthan,339054,Combination,2023-07-22
1540,Customer_1540,24,Male,Chandigarh,Chandigarh,1463305,Oily,2022-11-08
1541,Customer_1541,44,Female,Chandigarh,Chandigarh,475968,Normal,2022-07-28
1542,Customer_1542,41,Male,Pune,Maharashtra,814140,Normal,2023-03-10
1543,Customer_1543,46,Male,Lucknow,Uttar Pradesh,302099,Sensitive,2024-04-29
1544,Customer_1544,36,Male,Chandigarh,Chandigarh,301138,Dry,2023-05-09
1545,Customer_1545,56,Female,Delhi,Delhi,1726058,Sensitive,2022-12-26
1546,Customer_1546,55,Female,Mumbai,Maharashtra,395388,Oily,2024-01-27
1547,Customer_1547,54,Male,Lucknow,Uttar Pradesh,930484,Dry,2023-02-09
1548,Customer_1548,26,Female,Hyderabad,Telangana,1205890,Oily,2023-09-18
1549,Customer_1549,38,Female,Lucknow,Uttar Pradesh,1632047,Combination,2024-02-10
1550,Customer_1550,35,Male,Indore,Madhya Pradesh,1688895,Combination,2022-12-16
1551,Customer_1551,47,Female,Mumbai,Maharashtra,333291,Oily,2023-10-24
1552,Customer_1552,56,Female,Bengaluru,Karnataka,308974,Dry,2023-11-20
1553,Customer_1553,44,Female,Pune,Maharashtra,1123742,Normal,2022-03-25
1554,Customer_1554,52,Male,Hyderabad,Telangana,1708474,Sensitive,2023-11-20
1555,Customer_1555,40,Female,Hyderabad,Telangana,1561040,Combination,2023-02-01
1556,Customer_1556,18,Male,Pune,Maharashtra,1270336,Combination,2022-07-17
1557,Customer_1557,18,Male,Indore,Madhya Pradesh,341485,Combination,2023-11-28
1558,Customer_1558,30,Male,Ahmedabad,Gujarat,1586482,Combination,2024-04-07
1559,Customer_1559,32,Female,Mumbai,Maharashtra,1061264,Dry,2022-10-15
1560,Customer_1560,56,Male,Indore,Madhya Pradesh,314964,Oily,2024-04-20
1561,Customer_1561,25,Female,Jaipur,Rajasthan,1493493,Normal,2023-05-21
1562,Customer_1562,53,Male,Pune,Maharashtra,1683781,Normal,2023-11-20
1563,Customer_1563,54,Male,Chandigarh,Chandigarh,437071,Normal,2022-05-12
1564,Customer_1564,26,Female,Hyderabad,Telangana,1495173,Oily,2023-06-20
1565,Customer_1565,30,Male,Delhi,Delhi,1753296,Normal,2023-09-22
1566,Customer_1566,53,Female,Delhi,Delhi,304099,Sensitive,2023-10-19
1567,Customer_1567,38,Female,Bengaluru,Karnataka,1153280,Combination,2022-05-05
1568,Customer_1568,47,Female,Lucknow,Uttar Pradesh,1058061,Normal,2024-02-17
1569,Customer_1569,32,Male,Bengaluru,Karnataka,882867,Sensitive,2023-06-30
1570,Customer_1570,38,Male,Indore,Madhya Pradesh,1121787,Oily,2022-12-09
1571,Customer_1571,54,Male,Hyderabad,Telangana,773176,Sensitive,2022-03-18
1572,Customer_1572,30,Male,Mumbai,Maharashtra,990434,Combination,2022-03-06
1573,Customer_1573,19,Female,Hyderabad,Telangana,1205862,Dry,2023-08-30
1574,Customer_1574,34,Male,Ahmedabad,Gujarat,526158,Sensitive,2022-09-02
1575,Customer_1575,21,Female,Ahmedabad,Gujarat,1389837,Oily,2022-03-16
1576,Customer_1576,57,Female,Chandigarh,Chandigarh,500636,Sensitive,2023-08-16
1577,Customer_1577,23,Male,Hyderabad,Telangana,369926,Sensitive,2022-11-17
1578,Customer_1578,26,Male,Hyderabad,Telangana,1226770,Dry,2022-11-05
1579,Customer_1579,58,Female,Chandigarh,Chandigarh,437972,Dry,2023-11-25
1580,Customer_1580,53,Male,Bengaluru,Karnataka,918485,Sensitive,2023-02-16
1581,Customer_1581,57,Female,Hyderabad,Telangana,788871,Normal,2024-03-17
1582,Customer_1582,18,Female,Chandigarh,Chandigarh,1105138,Sensitive,2024-03-25
1583,Customer_1583,57,Male,Jaipur,Rajasthan,1012227,Dry,2023-04-10
1584,Customer_1584,39,Male,Lucknow,Uttar Pradesh,526506,Dry,2022-01-13
1585,Customer_1585,22,Male,Chandigarh,Chandigarh,1502112,Oily,2023-10-15
1586,Customer_1586,34,Female,Lucknow,Uttar Pradesh,1182915,Sensitive,2024-01-13
1587,Customer_1587,46,Male,Chandigarh,Chandigarh,809927,Oily,2024-03-27
1588,Customer_1588,21,Male,Bengaluru,Karnataka,953612,Normal,2023-03-23
1589,Customer_1589,59,Female,Lucknow,Uttar Pradesh,952609,Normal,2023-07-09
1590,Customer_1590,27,Female,Pune,Maharashtra,947337,Normal,2022-12-18
1591,Customer_1591,41,Male,Delhi,Delhi,1385654,Normal,2023-11-05
1592,Customer_1592,21,Male,Pune,Maharashtra,1363482,Normal,2024-05-29
1593,Customer_1593,45,Female,Bengaluru,Karnataka,709798,Oily,2023-10-18
1594,Customer_1594,22,Female,Mumbai,Maharashtra,697107,Sensitive,2023-12-13
1595,Customer_1595,56,Female,Indore,Madhya Pradesh,1513015,Normal,2022-12-10
1596,Customer_1596,37,Female,Chandigarh,Chandigarh,989164,Oily,2022-04-18
1597,Customer_1597,20,Female,Indore,Madhya Pradesh,760127,Dry,2023-10-17
1598,Customer_1598,32,Female,Mumbai,Maharashtra,1608455,Oily,2022-09-02
1599,Customer_1599,39,Female,Indore,Madhya Pradesh,730579,Sensitive,2022-07-08
1600,Customer_1600,41,Male,Bengaluru,Karnataka,454625,Combination,2022-01-31
1601,Customer_1601,25,Male,Lucknow,Uttar Pradesh,909382,Sensitive,2022-07-19
1602,Customer_1602,41,Male,Chandigarh,Chandigarh,362255,Oily,2022-07-22
1603,Customer_1603,29,Male,Delhi,Delhi,849451,Oily,2022-12-14
1604,Customer_1604,33,Male,Lucknow,Uttar Pradesh,711015,Dry,2022-06-30
1605,Customer_1605,24,Male,Delhi,Delhi,1720720,Oily,2023-01-24
1606,Customer_1606,39,Male,Hyderabad,Telangana,939783,Sensitive,2022-09-03
1607,Customer_1607,41,Male,Ahmedabad,Gujarat,1405045,Normal,2023-03-21
1608,Customer_1608,25,Male,Hyderabad,Telangana,574296,Oily,2022-07-16
1609,Customer_1609,42,Female,Lucknow,Uttar Pradesh,966792,Normal,2023-03-16
1610,Customer_1610,20,Male,Mumbai,Maharashtra,1422958,Combination,2024-03-19
1611,Customer_1611,38,Male,Pune,Maharashtra,411692,Combination,2024-06-12
1612,Customer_1612,50,Female,Pune,Maharashtra,738802,Dry,2024-03-14
1613,Customer_1613,60,Male,Indore,Madhya Pradesh,651133,Normal,2023-02-02
1614,Customer_1614,41,Female,Lucknow,Uttar Pradesh,1388196,Sensitive,2022-07-03
1615,Customer_1615,41,Female,Ahmedabad,Gujarat,1337654,Sensitive,2022-10-02
1616,Customer_1616,43,Male,Chandigarh,Chandigarh,734529,Oily,2022-07-27
1617,Customer_1617,33,Female,Indore,Madhya Pradesh,758424,Combination,2023-03-12
1618,Customer_1618,54,Male,Jaipur,Rajasthan,1084559,Combination,2023-07-18
1619,Customer_1619,26,Male,Hyderabad,Telangana,918760,Sensitive,2023-06-16
1620,Customer_1620,32,Male,Ahmedabad,Gujarat,1275706,Normal,2023-09-29
1621,Customer_1621,45,Female,Ahmedabad,Gujarat,1280525,Sensitive,2023-02-23
1622,Customer_1622,49,Female,Ahmedabad,Gujarat,872563,Sensitive,2022-01-26
1623,Customer_1623,46,Male,Pune,Maharashtra,857055,Dry,2023-01-03
1624,Customer_1624,36,Male,Hyderabad,Telangana,879705,Oily,2022-04-11
1625,Customer_1625,22,Female,Hyderabad,Telangana,380281,Normal,2022-07-25
1626,Customer_1626,30,Female,Ahmedabad,Gujarat,824337,Combination,2024-02-03
1627,Customer_1627,30,Male,Delhi,Delhi,1439017,Combination,2022-01-09
1628,Customer_1628,36,Female,Delhi,Delhi,1146853,Sensitive,2024-04-21
1629,Customer_1629,59,Male,Chandigarh,Chandigarh,1289864,Normal,2024-02-19
1630,Customer_1630,43,Male,Pune,Maharashtra,775898,Oily,2023-05-01
1631,Customer_1631,51,Female,Mumbai,Maharashtra,1267628,Combination,2024-03-21
1632,Customer_1632,38,Male,Hyderabad,Telangana,1199244,Sensitive,2022-08-03
1633,Customer_1633,46,Male,Indore,Madhya Pradesh,1085803,Oily,2023-08-15
1634,Customer_1634,37,Male,Pune,Maharashtra,1348157,Combination,2022-12-14
1635,Customer_1635,44,Female,Mumbai,Maharashtra,1738148,Sensitive,2024-02-21
1636,Customer_1636,37,Female,Lucknow,Uttar Pradesh,1530934,Dry,2023-08-05
1637,Customer_1637,26,Male,Bengaluru,Karnataka,992585,Normal,2023-10-07
1638,Customer_1638,56,Female,Chandigarh,Chandigarh,1099682,Oily,2023-02-05
1639,Customer_1639,52,Female,Hyderabad,Telangana,694974,Sensitive,2022-04-22
1640,Customer_1640,54,Female,Ahmedabad,Gujarat,1640087,Combination,2022-04-06
1641,Customer_1641,24,Male,Pune,Maharashtra,367232,Normal,2023-05-16
1642,Customer_1642,29,Male,Bengaluru,Karnataka,445733,Sensitive,2022-10-18
1643,Customer_1643,32,Female,Mumbai,Maharashtra,1683218,Normal,2022-03-13
1644,Customer_1644,21,Female,Indore,Madhya Pradesh,1387439,Dry,2022-06-25
1645,Customer_1645,44,Female,Ahmedabad,Gujarat,629327,Dry,2022-05-13
1646,Customer_1646,44,Female,Lucknow,Uttar Pradesh,444206,Sensitive,2024-06-05
1647,Customer_1647,26,Male,Mumbai,Maharashtra,949607,Sensitive,2024-04-17
1648,Customer_1648,28,Female,Indore,Madhya Pradesh,1532059,Oily,2023-05-30
1649,Customer_1649,35,Male,Indore,Madhya Pradesh,315609,Oily,2023-04-02
1650,Customer_1650,43,Male,Hyderabad,Telangana,1402801,Combination,2023-08-06
1651,Customer_1651,47,Female,Indore,Madhya Pradesh,1508237,Dry,2024-01-25
1652,Customer_1652,36,Female,Hyderabad,Telangana,1027254,Combination,2023-02-05
1653,Customer_1653,29,Female,Chandigarh,Chandigarh,822473,Oily,2023-09-25
1654,Customer_1654,47,Female,Jaipur,Rajasthan,1682191,Oily,2023-12-17
1655,Customer_1655,24,Female,Chandigarh,Chandigarh,1765164,Dry,2022-09-03
1656,Customer_1656,35,Female,Pune,Maharashtra,1698080,Dry,2023-12-16
1657,Customer_1657,49,Female,Mumbai,Maharashtra,1459355,Dry,2023-01-13
1658,Customer_1658,24,Female,Hyderabad,Telangana,1160033,Sensitive,2022-06-18
1659,Customer_1659,31,Male,Delhi,Delhi,1269235,Dry,2022-03-16
1660,Customer_1660,42,Female,Indore,Madhya Pradesh,1137480,Oily,2023-02-11
1661,Customer_1661,18,Female,Bengaluru,Karnataka,540507,Oily,2022-12-01
1662,Customer_1662,49,Female,Indore,Madhya Pradesh,443103,Dry,2023-07-16
1663,Customer_1663,46,Male,Mumbai,Maharashtra,1287313,Combination,2024-05-11
1664,Customer_1664,28,Male,Pune,Maharashtra,1572947,Dry,2022-07-01
1665,Customer_1665,25,Female,Delhi,Delhi,653272,Dry,2023-11-19
1666,Customer_1666,35,Male,Bengaluru,Karnataka,1224126,Combination,2022-07-02
1667,Customer_1667,20,Male,Mumbai,Maharashtra,1227063,Dry,2024-05-06
1668,Customer_1668,59,Male,Lucknow,Uttar Pradesh,1119186,Combination,2023-03-31
1669,Customer_1669,56,Male,Bengaluru,Karnataka,402057,Sensitive,2024-02-25
1670,Customer_1670,33,Female,Mumbai,Maharashtra,800255,Oily,2022-04-04
1671,Customer_1671,44,Male,Bengaluru,Karnataka,330534,Combination,2024-04-20
1672,Customer_1672,60,Male,Mumbai,Maharashtra,762564,Dry,2024-03-27
1673,Customer_1673,28,Male,Pune,Maharashtra,1171744,Normal,2022-04-21
1674,Customer_1674,38,Male,Ahmedabad,Gujarat,1610034,Oily,2023-07-09
1675,Customer_1675,45,Male,Jaipur,Rajasthan,787395,Oily,2022-04-19
1676,Customer_1676,38,Male,Ahmedabad,Gujarat,331445,Sensitive,2023-11-01
1677,Customer_1677,18,Female,Ahmedabad,Gujarat,746206,Sensitive,2022-08-14
1678,Customer_1678,60,Female,Hyderabad,Telangana,1663033,Normal,2023-01-13
1679,Customer_1679,22,Male,Bengaluru,Karnataka,1162132,Combination,2024-02-25
1680,Customer_1680,49,Male,Chandigarh,Chandigarh,1794286,Normal,2024-03-21
1681,Customer_1681,28,Female,Chandigarh,Chandigarh,498693,Normal,2022-11-29
1682,Customer_1682,26,Female,Jaipur,Rajasthan,667695,Combination,2024-05-21
1683,Customer_1683,22,Female,Indore,Madhya Pradesh,337012,Normal,2023-08-23
1684,Customer_1684,42,Male,Indore,Madhya Pradesh,1355748,Normal,2023-12-23
1685,Customer_1685,32,Male,Bengaluru,Karnataka,1592576,Dry,2022-11-13
1686,Customer_1686,45,Male,Mumbai,Maharashtra,1599743,Dry,2022-03-03
1687,Customer_1687,41,Female,Pune,Maharashtra,922046,Oily,2022-06-05
1688,Customer_1688,31,Male,Jaipur,Rajasthan,799256,Normal,2023-03-31
1689,Customer_1689,26,Female,Ahmedabad,Gujarat,965926,Dry,2023-06-18
1690,Customer_1690,59,Female,Jaipur,Rajasthan,349688,Oily,2024-05-17
1691,Customer_1691,39,Male,Ahmedabad,Gujarat,731630,Normal,2022-02-25
1692,Customer_1692,32,Female,Mumbai,Maharashtra,1393605,Combination,2022-07-07
1693,Customer_1693,58,Male,Indore,Madhya Pradesh,435511,Sensitive,2022-03-13
1694,Customer_1694,21,Male,Mumbai,Maharashtra,728280,Oily,2022-04-04
1695,Customer_1695,55,Male,Pune,Maharashtra,795578,Normal,2022-03-22
1696,Customer_1696,47,Female,Jaipur,Rajasthan,644265,Oily,2022-09-08
1697,Customer_1697,29,Male,Jaipur,Rajasthan,935648,Combination,2023-08-14
1698,Customer_1698,58,Male,Indore,Madhya Pradesh,870133,Sensitive,2022-03-23
1699,Customer_1699,43,Female,Ahmedabad,Gujarat,651830,Sensitive,2023-03-28
1700,Customer_1700,50,Female,Jaipur,Rajasthan,626900,Sensitive,2022-01-21
1701,Customer_1701,45,Male,Jaipur,Rajasthan,929631,Normal,2023-07-05
1702,Customer_1702,53,Male,Pune,Maharashtra,839579,Sensitive,2023-04-20
1703,Customer_1703,47,Female,Delhi,Delhi,1086740,Normal,2023-09-13
1704,Customer_1704,22,Female,Indore,Madhya Pradesh,586589,Sensitive,2022-07-20
1705,Customer_1705,30,Male,Pune,Maharashtra,326915,Normal,2024-01-18
1706,Customer_1706,49,Female,Ahmedabad,Gujarat,1172038,Sensitive,2024-01-31
1707,Customer_1707,42,Female,Ahmedabad,Gujarat,945526,Normal,2022-03-14
1708,Customer_1708,20,Male,Jaipur,Rajasthan,1107038,Normal,2022-06-16
1709,Customer_1709,45,Female,Mumbai,Maharashtra,1031022,Normal,2023-12-28
1710,Customer_1710,58,Female,Indore,Madhya Pradesh,1760572,Dry,2023-10-29
1711,Customer_1711,45,Male,Jaipur,Rajasthan,808250,Sensitive,2022-02-05
1712,Customer_1712,58,Male,Ahmedabad,Gujarat,1762703,Oily,2022-09-25
1713,Customer_1713,47,Male,Chandigarh,Chandigarh,833280,Oily,2023-09-09
1714,Customer_1714,60,Male,Chandigarh,Chandigarh,325873,Dry,2024-02-29
1715,Customer_1715,59,Female,Hyderabad,Telangana,1133967,Normal,2022-03-24
1716,Customer_1716,30,Female,Lucknow,Uttar Pradesh,647757,Sensitive,2022-09-16
1717,Customer_1717,50,Female,Delhi,Delhi,1529098,Combination,2024-01-22
1718,Customer_1718,23,Male,Jaipur,Rajasthan,1634166,Normal,2024-03-06
1719,Customer_1719,27,Female,Ahmedabad,Gujarat,739406,Sensitive,2023-12-17
1720,Customer_1720,18,Male,Delhi,Delhi,1331218,Dry,2022-04-10
1721,Customer_1721,44,Female,Hyderabad,Telangana,1672630,Combination,2024-01-21
1722,Customer_1722,28,Male,Jaipur,Rajasthan,1085700,Oily,2023-12-22
1723,Customer_1723,30,Female,Pune,Maharashtra,681648,Normal,2022-04-23
1724,Customer_1724,54,Male,Indore,Madhya Pradesh,689311,Oily,2022-03-02
1725,Customer_1725,30,Female,Pune,Maharashtra,1157299,Sensitive,2023-10-04
1726,Customer_1726,24,Male,Chandigarh,Chandigarh,467373,Combination,2022-03-29
1727,Customer_1727,25,Female,Jaipur,Rajasthan,434768,Combination,2022-01-31
1728,Customer_1728,33,Female,Chandigarh,Chandigarh,1317526,Dry,2022-01-10
1729,Customer_1729,35,Male,Bengaluru,Karnataka,1695281,Normal,2024-03-19
1730,Customer_1730,24,Male,Bengaluru,Karnataka,1395414,Dry,2023-01-20
1731,Customer_1731,51,Female,Chandigarh,Chandigarh,1319061,Sensitive,2024-02-15
1732,Customer_1732,56,Female,Ahmedabad,Gujarat,1005796,Combination,2023-11-30
1733,Customer_1733,38,Male,Ahmedabad,Gujarat,1057513,Sensitive,2023-01-23
1734,Customer_1734,21,Female,Chandigarh,Chandigarh,992595,Dry,2022-01-04
1735,Customer_1735,43,Male,Indore,Madhya Pradesh,353855,Normal,2022-05-06
1736,Customer_1736,35,Male,Lucknow,Uttar Pradesh,1072653,Sensitive,2023-09-26
1737,Customer_1737,50,Female,Indore,Madhya Pradesh,1684599,Oily,2022-01-04
1738,Customer_1738,19,Female,Ahmedabad,Gujarat,395953,Combination,2023-11-26
1739,Customer_1739,32,Female,Indore,Madhya Pradesh,1139207,Normal,2024-03-24
1740,Customer_1740,40,Female,Hyderabad,Telangana,1298500,Dry,2024-01-22
1741,Customer_1741,36,Male,Jaipur,Rajasthan,1793050,Oily,2024-06-09
1742,Customer_1742,54,Male,Lucknow,Uttar Pradesh,568144,Sensitive,2024-03-26
1743,Customer_1743,37,Female,Hyderabad,Telangana,652432,Sensitive,2022-04-29
1744,Customer_1744,60,Male,Indore,Madhya Pradesh,810354,Oily,2022-06-24
1745,Customer_1745,24,Female,Hyderabad,Telangana,361282,Oily,2022-12-01
1746,Customer_1746,35,Male,Jaipur,Rajasthan,840286,Sensitive,2023-11-18
1747,Customer_1747,60,Male,Hyderabad,Telangana,1421018,Sensitive,2022-04-03
1748,Customer_1748,32,Male,Ahmedabad,Gujarat,1650537,Combination,2023-01-22
1749,Customer_1749,59,Female,Jaipur,Rajasthan,789407,Oily,2022-09-23
1750,Customer_1750,36,Male,Hyderabad,Telangana,533586,Dry,2022-12-15
1751,Customer_1751,30,Male,Chandigarh,Chandigarh,1501330,Combination,2022-05-11
1752,Customer_1752,42,Male,Ahmedabad,Gujarat,951792,Dry,2023-08-28
1753,Customer_1753,30,Female,Lucknow,Uttar Pradesh,1188560,Combination,2024-02-29
1754,Customer_1754,26,Male,Ahmedabad,Gujarat,523526,Sensitive,2022-01-10
1755,Customer_1755,47,Female,Lucknow,Uttar Pradesh,603459,Combination,2024-05-07
1756,Customer_1756,49,Female,Mumbai,Maharashtra,609173,Normal,2022-10-18
1757,Customer_1757,60,Male,Pune,Maharashtra,1555943,Combination,2022-11-13
1758,Customer_1758,25,Female,Lucknow,Uttar Pradesh,1781684,Normal,2023-05-05
1759,Customer_1759,49,Female,Mumbai,Maharashtra,1776689,Sensitive,2022-03-02
1760,Customer_1760,27,Male,Ahmedabad,Gujarat,772009,Dry,2024-06-05
1761,Customer_1761,49,Female,Pune,Maharashtra,927261,Oily,2022-01-23
1762,Customer_1762,43,Female,Lucknow,Uttar Pradesh,1185915,Sensitive,2022-12-23
1763,Customer_1763,43,Male,Jaipur,Rajasthan,1406970,Combination,2022-10-17
1764,Customer_1764,53,Female,Mumbai,Maharashtra,504093,Oily,2022-11-28
1765,Customer_1765,21,Female,Chandigarh,Chandigarh,1259515,Oily,2023-08-15
1766,Customer_1766,46,Female,Pune,Maharashtra,910442,Oily,2022-08-03
1767,Customer_1767,30,Male,Mumbai,Maharashtra,1059642,Normal,2022-04-15
1768,Customer_1768,42,Female,Pune,Maharashtra,1724899,Oily,2022-02-27
1769,Customer_1769,40,Female,Hyderabad,Telangana,676717,Dry,2022-05-01
1770,Customer_1770,59,Female,Lucknow,Uttar Pradesh,1544434,Sensitive,2022-06-02
1771,Customer_1771,33,Male,Jaipur,Rajasthan,549146,Oily,2023-02-11
1772,Customer_1772,37,Male,Indore,Madhya Pradesh,1669014,Sensitive,2024-03-05
1773,Customer_1773,47,Female,Hyderabad,Telangana,877169,Sensitive,2023-01-12
1774,Customer_1774,25,Male,Bengaluru,Karnataka,473302,Dry,2023-05-16
1775,Customer_1775,32,Male,Lucknow,Uttar Pradesh,1530714,Normal,2023-08-10
1776,Customer_1776,35,Male,Indore,Madhya Pradesh,1543357,Oily,2023-01-29
1777,Customer_1777,59,Female,Indore,Madhya Pradesh,925713,Normal,2022-05-09
1778,Customer_1778,38,Male,Hyderabad,Telangana,1796880,Normal,2022-07-09
1779,Customer_1779,19,Female,Jaipur,Rajasthan,1466142,Normal,2024-03-13
1780,Customer_1780,49,Male,Lucknow,Uttar Pradesh,1388214,Normal,2023-07-06
1781,Customer_1781,31,Male,Hyderabad,Telangana,678880,Normal,2023-12-13
1782,Customer_1782,18,Female,Pune,Maharashtra,959126,Dry,2022-02-10
1783,Customer_1783,54,Male,Pune,Maharashtra,1668686,Oily,2022-03-31
1784,Customer_1784,34,Male,Lucknow,Uttar Pradesh,477440,Dry,2023-06-03
1785,Customer_1785,41,Male,Delhi,Delhi,1187202,Dry,2022-09-12
1786,Customer_1786,20,Female,Delhi,Delhi,1682353,Normal,2023-04-01
1787,Customer_1787,54,Female,Pune,Maharashtra,1757733,Combination,2023-06-20
1788,Customer_1788,56,Male,Ahmedabad,Gujarat,1742694,Dry,2023-11-10
1789,Customer_1789,33,Male,Bengaluru,Karnataka,694419,Oily,2022-11-03
1790,Customer_1790,26,Male,Mumbai,Maharashtra,1541059,Combination,2022-10-12
1791,Customer_1791,57,Female,Pune,Maharashtra,455943,Normal,2022-09-19
1792,Customer_1792,42,Male,Delhi,Delhi,1138985,Sensitive,2022-03-27
1793,Customer_1793,45,Male,Delhi,Delhi,1423872,Oily,2022-03-14
1794,Customer_1794,58,Male,Delhi,Delhi,1798299,Combination,2023-08-01
1795,Customer_1795,56,Male,Lucknow,Uttar Pradesh,1180146,Oily,2022-11-20
1796,Customer_1796,42,Male,Jaipur,Rajasthan,1565856,Oily,2022-03-21
1797,Customer_1797,25,Male,Delhi,Delhi,1734408,Normal,2023-02-21
1798,Customer_1798,39,Male,Hyderabad,Telangana,1060887,Combination,2024-03-07
1799,Customer_1799,27,Male,Delhi,Delhi,873878,Dry,2022-04-11
1800,Customer_1800,32,Female,Jaipur,Rajasthan,520206,Dry,2022-06-29
1801,Customer_1801,37,Female,Lucknow,Uttar Pradesh,500363,Normal,2022-12-24
1802,Customer_1802,36,Female,Chandigarh,Chandigarh,1573950,Dry,2022-02-19
1803,Customer_1803,38,Female,Pune,Maharashtra,678897,Combination,2024-04-05
1804,Customer_1804,53,Female,Lucknow,Uttar Pradesh,1300051,Normal,2022-05-11
1805,Customer_1805,18,Male,Delhi,Delhi,1679009,Oily,2022-05-27
1806,Customer_1806,54,Female,Jaipur,Rajasthan,410865,Combination,2023-12-26
1807,Customer_1807,56,Female,Mumbai,Maharashtra,1782239,Sensitive,2022-07-07
1808,Customer_1808,40,Female,Indore,Madhya Pradesh,1353251,Combination,2022-10-10
1809,Customer_1809,51,Male,Jaipur,Rajasthan,940024,Dry,2022-11-09
1810,Customer_1810,38,Male,Jaipur,Rajasthan,1631013,Dry,2022-03-20
1811,Customer_1811,23,Male,Mumbai,Maharashtra,1506526,Dry,2022-03-28
1812,Customer_1812,53,Female,Delhi,Delhi,322428,Sensitive,2023-11-25
1813,Customer_1813,26,Female,Lucknow,Uttar Pradesh,1343973,Normal,2023-12-03
1814,Customer_1814,25,Female,Lucknow,Uttar Pradesh,329150,Normal,2022-07-14
1815,Customer_1815,45,Female,Bengaluru,Karnataka,812179,Normal,2023-12-02
1816,Customer_1816,20,Female,Chandigarh,Chandigarh,653437,Normal,2022-08-19
1817,Customer_1817,22,Female,Pune,Maharashtra,579589,Normal,2022-12-28
1818,Customer_1818,45,Female,Bengaluru,Karnataka,1095019,Oily,2023-01-18
1819,Customer_1819,39,Male,Hyderabad,Telangana,1430615,Dry,2022-10-25
1820,Customer_1820,48,Female,Delhi,Delhi,855222,Oily,2022-01-03
1821,Customer_1821,43,Male,Chandigarh,Chandigarh,939253,Normal,2024-04-25
1822,Customer_1822,47,Female,Bengaluru,Karnataka,420579,Combination,2022-01-07
1823,Customer_1823,47,Female,Chandigarh,Chandigarh,925686,Combination,2022-04-20
1824,Customer_1824,40,Male,Bengaluru,Karnataka,1143197,Combination,2022-01-10
1825,Customer_1825,45,Female,Hyderabad,Telangana,714280,Dry,2023-06-26
1826,Customer_1826,27,Female,Lucknow,Uttar Pradesh,559716,Sensitive,2022-01-08
1827,Customer_1827,60,Female,Pune,Maharashtra,774156,Sensitive,2023-02-09
1828,Customer_1828,37,Female,Ahmedabad,Gujarat,1198297,Oily,2023-07-04
1829,Customer_1829,24,Female,Delhi,Delhi,1676318,Sensitive,2022-06-15
1830,Customer_1830,40,Female,Pune,Maharashtra,312184,Combination,2024-06-10
1831,Customer_1831,25,Male,Mumbai,Maharashtra,897478,Dry,2022-05-17
1832,Customer_1832,44,Female,Jaipur,Rajasthan,366283,Oily,2023-11-14
1833,Customer_1833,48,Female,Mumbai,Maharashtra,549125,Sensitive,2023-05-16
1834,Customer_1834,49,Male,Lucknow,Uttar Pradesh,981338,Sensitive,2023-05-29
1835,Customer_1835,26,Male,Jaipur,Rajasthan,526239,Dry,2022-05-10
1836,Customer_1836,40,Male,Pune,Maharashtra,1735369,Oily,2022-02-23
1837,Customer_1837,45,Male,Ahmedabad,Gujarat,1210852,Sensitive,2022-10-24
1838,Customer_1838,49,Male,Delhi,Delhi,1199577,Oily,2023-09-25
1839,Customer_1839,50,Male,Pune,Maharashtra,823169,Combination,2024-02-25
1840,Customer_1840,34,Male,Hyderabad,Telangana,1697396,Sensitive,2022-07-23
1841,Customer_1841,24,Male,Indore,Madhya Pradesh,695667,Normal,2023-10-07
1842,Customer_1842,32,Male,Pune,Maharashtra,577444,Sensitive,2022-02-09
1843,Customer_1843,30,Male,Delhi,Delhi,1194022,Dry,2023-09-24
1844,Customer_1844,23,Male,Mumbai,Maharashtra,1097657,Sensitive,2023-06-22
1845,Customer_1845,58,Male,Delhi,Delhi,765096,Combination,2023-03-13
1846,Customer_1846,21,Female,Indore,Madhya Pradesh,1650299,Dry,2022-11-08
1847,Customer_1847,35,Female,Hyderabad,Telangana,888368,Combination,2023-12-30
1848,Customer_1848,33,Female,Jaipur,Rajasthan,399732,Oily,2022-02-11
1849,Customer_1849,21,Female,Bengaluru,Karnataka,744549,Combination,2023-04-29
1850,Customer_1850,56,Male,Delhi,Delhi,1203678,Oily,2022-09-16
1851,Customer_1851,41,Female,Indore,Madhya Pradesh,938282,Dry,2022-04-10
1852,Customer_1852,53,Male,Bengaluru,Karnataka,994601,Combination,2024-01-30
1853,Customer_1853,55,Female,Ahmedabad,Gujarat,799651,Combination,2022-08-04
1854,Customer_1854,42,Male,Chandigarh,Chandigarh,523064,Oily,2023-10-07
1855,Customer_1855,25,Male,Chandigarh,Chandigarh,1530108,Oily,2022-07-17
1856,Customer_1856,24,Male,Indore,Madhya Pradesh,1446259,Normal,2022-12-18
1857,Customer_1857,48,Male,Delhi,Delhi,1418951,Oily,2022-02-14
1858,Customer_1858,30,Female,Pune,Maharashtra,1454473,Combination,2024-06-17
1859,Customer_1859,40,Female,Lucknow,Uttar Pradesh,1240535,Dry,2023-03-23
1860,Customer_1860,48,Female,Hyderabad,Telangana,1398410,Normal,2024-03-20
1861,Customer_1861,28,Female,Bengaluru,Karnataka,1761098,Oily,2022-10-24
1862,Customer_1862,54,Male,Bengaluru,Karnataka,1755011,Oily,2024-01-29
1863,Customer_1863,49,Male,Jaipur,Rajasthan,647116,Sensitive,2024-02-08
1864,Customer_1864,42,Female,Lucknow,Uttar Pradesh,1140641,Normal,2022-10-06
1865,Customer_1865,29,Male,Mumbai,Maharashtra,635550,Normal,2022-08-12
1866,Customer_1866,18,Female,Chandigarh,Chandigarh,1356582,Normal,2022-09-23
1867,Customer_1867,32,Female,Delhi,Delhi,1785317,Combination,2023-07-20
1868,Customer_1868,28,Male,Hyderabad,Telangana,395656,Normal,2022-09-01
1869,Customer_1869,20,Male,Delhi,Delhi,882497,Oily,2022-10-04
1870,Customer_1870,59,Male,Bengaluru,Karnataka,740344,Normal,2022-04-29
1871,Customer_1871,59,Female,Bengaluru,Karnataka,1626832,Normal,2023-01-13
1872,Customer_1872,23,Female,Ahmedabad,Gujarat,580203,Sensitive,2023-09-19
1873,Customer_1873,38,Male,Delhi,Delhi,1612723,Dry,2024-04-23
1874,Customer_1874,32,Female,Ahmedabad,Gujarat,670640,Combination,2022-01-17
1875,Customer_1875,60,Male,Lucknow,Uttar Pradesh,1743082,Sensitive,2023-11-01
1876,Customer_1876,58,Male,Delhi,Delhi,1227328,Oily,2022-11-29
1877,Customer_1877,31,Female,Delhi,Delhi,626403,Sensitive,2022-08-26
1878,Customer_1878,41,Male,Jaipur,Rajasthan,1304550,Dry,2023-05-23
1879,Customer_1879,47,Male,Pune,Maharashtra,669330,Oily,2023-08-07
1880,Customer_1880,29,Female,Indore,Madhya Pradesh,344139,Combination,2022-06-16
1881,Customer_1881,43,Male,Pune,Maharashtra,445655,Oily,2022-03-15
1882,Customer_1882,33,Female,Jaipur,Rajasthan,1652912,Sensitive,2022-04-13
1883,Customer_1883,26,Male,Lucknow,Uttar Pradesh,1565198,Dry,2023-01-22
1884,Customer_1884,19,Male,Jaipur,Rajasthan,328420,Dry,2022-05-16
1885,Customer_1885,23,Female,Mumbai,Maharashtra,599128,Normal,2022-01-14
1886,Customer_1886,24,Female,Bengaluru,Karnataka,1783642,Dry,2022-07-27
1887,Customer_1887,48,Female,Pune,Maharashtra,642138,Combination,2022-12-06
1888,Customer_1888,27,Male,Indore,Madhya Pradesh,417179,Normal,2023-12-10
1889,Customer_1889,58,Male,Delhi,Delhi,344476,Dry,2022-04-16
1890,Customer_1890,36,Male,Lucknow,Uttar Pradesh,1372782,Sensitive,2022-05-26
1891,Customer_1891,32,Male,Bengaluru,Karnataka,775372,Sensitive,2023-01-30
1892,Customer_1892,40,Female,Pune,Maharashtra,773713,Sensitive,2023-12-05
1893,Customer_1893,49,Male,Hyderabad,Telangana,530971,Oily,2022-04-15
1894,Customer_1894,40,Male,Delhi,Delhi,1591209,Combination,2022-05-02
1895,Customer_1895,23,Male,Ahmedabad,Gujarat,1567741,Oily,2022-07-02
1896,Customer_1896,51,Female,Jaipur,Rajasthan,1557476,Oily,2023-11-27
1897,Customer_1897,27,Female,Jaipur,Rajasthan,1610213,Combination,2022-12-23
1898,Customer_1898,35,Female,Hyderabad,Telangana,1687751,Combination,2022-09-29
1899,Customer_1899,18,Male,Hyderabad,Telangana,1675425,Oily,2022-11-24
1900,Customer_1900,42,Female,Pune,Maharashtra,1303344,Dry,2022-04-26
1901,Customer_1901,45,Female,Chandigarh,Chandigarh,603390,Dry,2022-11-27
1902,Customer_1902,29,Female,Pune,Maharashtra,1039474,Combination,2023-05-22
1903,Customer_1903,48,Female,Jaipur,Rajasthan,1561946,Combination,2022-05-22
1904,Customer_1904,42,Female,Mumbai,Maharashtra,1452047,Sensitive,2023-07-06
1905,Customer_1905,49,Male,Lucknow,Uttar Pradesh,1106621,Dry,2023-08-18
1906,Customer_1906,51,Male,Jaipur,Rajasthan,1774493,Dry,2022-08-29
1907,Customer_1907,18,Male,Ahmedabad,Gujarat,335975,Combination,2023-07-26
1908,Customer_1908,26,Male,Indore,Madhya Pradesh,424942,Combination,2023-01-05
1909,Customer_1909,36,Female,Pune,Maharashtra,602283,Normal,2023-03-08
1910,Customer_1910,31,Male,Mumbai,Maharashtra,417158,Oily,2022-05-01
1911,Customer_1911,42,Male,Pune,Maharashtra,1759874,Sensitive,2023-01-16
1912,Customer_1912,24,Male,Bengaluru,Karnataka,1299977,Normal,2024-06-10
1913,Customer_1913,19,Male,Pune,Maharashtra,1065972,Oily,2022-03-22
1914,Customer_1914,22,Male,Mumbai,Maharashtra,1493663,Sensitive,2022-06-03
1915,Customer_1915,48,Male,Pune,Maharashtra,1406142,Combination,2023-04-27
1916,Customer_1916,39,Female,Jaipur,Rajasthan,1652342,Dry,2022-10-21
1917,Customer_1917,27,Male,Hyderabad,Telangana,1647324,Dry,2023-09-11
1918,Customer_1918,50,Male,Pune,Maharashtra,322790,Sensitive,2024-05-02
1919,Customer_1919,47,Female,Jaipur,Rajasthan,1499707,Normal,2022-11-10
1920,Customer_1920,45,Male,Mumbai,Maharashtra,870063,Dry,2023-06-19
1921,Customer_1921,26,Male,Jaipur,Rajasthan,1139704,Normal,2022-02-27
1922,Customer_1922,43,Male,Mumbai,Maharashtra,1472925,Normal,2024-05-11
1923,Customer_1923,47,Female,Hyderabad,Telangana,956806,Sensitive,2024-04-27
1924,Customer_1924,28,Male,Jaipur,Rajasthan,1079046,Sensitive,2022-07-19
1925,Customer_1925,24,Male,Delhi,Delhi,463176,Combination,2023-09-10
1926,Customer_1926,19,Male,Ahmedabad,Gujarat,891830,Oily,2023-07-09
1927,Customer_1927,22,Male,Hyderabad,Telangana,1552232,Dry,2024-02-14
1928,Customer_1928,30,Male,Delhi,Delhi,1638798,Dry,2022-09-04
1929,Customer_1929,23,Male,Delhi,Delhi,1482247,Sensitive,2022-02-16
1930,Customer_1930,38,Male,Bengaluru,Karnataka,947191,Dry,2023-01-01
1931,Customer_1931,43,Male,Delhi,Delhi,959496,Sensitive,2024-01-14
1932,Customer_1932,26,Male,Ahmedabad,Gujarat,994824,Sensitive,2024-01-30
1933,Customer_1933,24,Male,Lucknow,Uttar Pradesh,349671,Normal,2024-03-26
1934,Customer_1934,48,Male,Jaipur,Rajasthan,908424,Oily,2022-06-05
1935,Customer_1935,23,Male,Indore,Madhya Pradesh,785637,Oily,2024-04-06
1936,Customer_1936,28,Female,Pune,Maharashtra,1238434,Oily,2022-12-14
1937,Customer_1937,41,Female,Delhi,Delhi,383913,Sensitive,2022-09-02
1938,Customer_1938,57,Male,Mumbai,Maharashtra,619608,Normal,2023-10-05
1939,Customer_1939,24,Male,Indore,Madhya Pradesh,599101,Combination,2023-07-15
1940,Customer_1940,49,Male,Hyderabad,Telangana,1253801,Combination,2022-06-23
1941,Customer_1941,28,Male,Delhi,Delhi,887448,Normal,2023-01-08
1942,Customer_1942,23,Male,Ahmedabad,Gujarat,675780,Sensitive,2022-09-22
1943,Customer_1943,34,Female,Indore,Madhya Pradesh,1663761,Oily,2022-05-07
1944,Customer_1944,49,Male,Chandigarh,Chandigarh,1062256,Combination,2023-02-15
1945,Customer_1945,57,Male,Jaipur,Rajasthan,1224482,Combination,2023-06-09
1946,Customer_1946,38,Female,Chandigarh,Chandigarh,475092,Sensitive,2023-06-03
1947,Customer_1947,34,Male,Indore,Madhya Pradesh,1601521,Dry,2024-01-29
1948,Customer_1948,53,Male,Mumbai,Maharashtra,624140,Dry,2022-10-25
1949,Customer_1949,28,Female,Jaipur,Rajasthan,453047,Oily,2023-02-02
1950,Customer_1950,60,Male,Indore,Madhya Pradesh,1031775,Sensitive,2023-04-25
1951,Customer_1951,47,Male,Lucknow,Uttar Pradesh,479982,Oily,2024-01-20
1952,Customer_1952,43,Female,Hyderabad,Telangana,718321,Sensitive,2022-12-03
1953,Customer_1953,38,Female,Hyderabad,Telangana,1567454,Sensitive,2022-08-06
1954,Customer_1954,25,Female,Indore,Madhya Pradesh,1253320,Dry,2023-07-13
1955,Customer_1955,48,Male,Pune,Maharashtra,1642631,Oily,2022-11-24
1956,Customer_1956,20,Female,Chandigarh,Chandigarh,430862,Combination,2024-03-19
1957,Customer_1957,48,Male,Jaipur,Rajasthan,413408,Oily,2024-06-07
1958,Customer_1958,45,Female,Bengaluru,Karnataka,828631,Oily,2022-03-27
1959,Customer_1959,22,Female,Pune,Maharashtra,1149490,Dry,2022-11-02
1960,Customer_1960,44,Male,Indore,Madhya Pradesh,1704346,Combination,2022-07-08
1961,Customer_1961,23,Female,Bengaluru,Karnataka,1017266,Combination,2022-06-18
1962,Customer_1962,40,Female,Mumbai,Maharashtra,1310041,Sensitive,2023-07-03
1963,Customer_1963,45,Female,Pune,Maharashtra,1753119,Normal,2023-02-03
1964,Customer_1964,53,Male,Bengaluru,Karnataka,463176,Normal,2023-09-24
1965,Customer_1965,38,Female,Pune,Maharashtra,329751,Oily,2023-04-15
1966,Customer_1966,49,Female,Pune,Maharashtra,538250,Sensitive,2022-09-27
1967,Customer_1967,18,Female,Lucknow,Uttar Pradesh,563648,Sensitive,2023-10-17
1968,Customer_1968,24,Male,Chandigarh,Chandigarh,758485,Oily,2023-03-07
1969,Customer_1969,28,Female,Lucknow,Uttar Pradesh,753272,Combination,2022-08-03
1970,Customer_1970,54,Male,Mumbai,Maharashtra,1076483,Combination,2022-01-17
1971,Customer_1971,37,Male,Delhi,Delhi,1766574,Sensitive,2023-10-27
1972,Customer_1972,44,Female,Indore,Madhya Pradesh,1037629,Combination,2024-04-28
1973,Customer_1973,45,Female,Lucknow,Uttar Pradesh,537775,Oily,2023-04-15
1974,Customer_1974,41,Male,Jaipur,Rajasthan,1459208,Normal,2022-06-16
1975,Customer_1975,45,Female,Lucknow,Uttar Pradesh,897746,Sensitive,2023-10-12
1976,Customer_1976,57,Male,Delhi,Delhi,483752,Dry,2022-04-02
1977,Customer_1977,57,Female,Bengaluru,Karnataka,517422,Sensitive,2024-02-07
1978,Customer_1978,52,Male,Chandigarh,Chandigarh,1628598,Sensitive,2023-05-31
1979,Customer_1979,20,Female,Chandigarh,Chandigarh,1182147,Oily,2022-08-17
1980,Customer_1980,53,Female,Indore,Madhya Pradesh,540126,Oily,2024-05-26
1981,Customer_1981,25,Female,Indore,Madhya Pradesh,1272967,Sensitive,2024-04-20
1982,Customer_1982,18,Female,Jaipur,Rajasthan,769629,Normal,2022-10-18
1983,Customer_1983,60,Female,Delhi,Delhi,944657,Sensitive,2023-11-21
1984,Customer_1984,18,Female,Mumbai,Maharashtra,368523,Dry,2022-01-27
1985,Customer_1985,41,Female,Pune,Maharashtra,1002734,Oily,2023-08-09
1986,Customer_1986,33,Female,Jaipur,Rajasthan,704038,Normal,2023-10-22
1987,Customer_1987,21,Female,Jaipur,Rajasthan,570260,Sensitive,2024-01-16
1988,Customer_1988,43,Female,Pune,Maharashtra,1384808,Oily,2023-03-24
1989,Customer_1989,24,Male,Mumbai,Maharashtra,1357503,Dry,2023-10-09
1990,Customer_1990,43,Female,Chandigarh,Chandigarh,1459526,Oily,2022-11-27
1991,Customer_1991,23,Male,Mumbai,Maharashtra,353771,Sensitive,2022-01-12
1992,Customer_1992,27,Male,Chandigarh,Chandigarh,1596248,Normal,2022-03-22
1993,Customer_1993,42,Male,Chandigarh,Chandigarh,573779,Sensitive,2023-10-12
1994,Customer_1994,29,Male,Ahmedabad,Gujarat,1668439,Oily,2022-11-01
1995,Customer_1995,52,Male,Mumbai,Maharashtra,1092947,Combination,2023-11-07
1996,Customer_1996,35,Male,Bengaluru,Karnataka,601506,Dry,2023-10-16
1997,Customer_1997,24,Male,Chandigarh,Chandigarh,1262860,Normal,2022-05-06
1998,Customer_1998,27,Female,Hyderabad,Telangana,849442,Oily,2022-04-06
1999,Customer_1999,49,Female,Hyderabad,Telangana,736149,Sensitive,2022-04-14
2000,Customer_2000,19,Female,Indore,Madhya Pradesh,454299,Sensitive,2023-10-03
2001,Customer_2001,31,Female,Hyderabad,Telangana,1086965,Combination,2023-10-11
2002,Customer_2002,28,Male,Indore,Madhya Pradesh,926534,Dry,2022-07-02
2003,Customer_2003,58,Male,Chandigarh,Chandigarh,545801,Combination,2022-12-22
2004,Customer_2004,57,Male,Indore,Madhya Pradesh,632164,Normal,2024-01-30
2005,Customer_2005,25,Male,Delhi,Delhi,1571106,Dry,2023-07-03
2006,Customer_2006,51,Male,Bengaluru,Karnataka,753627,Combination,2022-04-28
2007,Customer_2007,19,Female,Mumbai,Maharashtra,590591,Oily,2022-03-27
2008,Customer_2008,35,Female,Pune,Maharashtra,1309935,Oily,2022-04-05
2009,Customer_2009,53,Female,Ahmedabad,Gujarat,1279461,Sensitive,2023-03-23
2010,Customer_2010,43,Male,Lucknow,Uttar Pradesh,824483,Oily,2022-07-22
2011,Customer_2011,43,Male,Delhi,Delhi,1523999,Normal,2022-11-16
2012,Customer_2012,31,Female,Pune,Maharashtra,1209055,Sensitive,2023-03-10
2013,Customer_2013,35,Female,Chandigarh,Chandigarh,1606338,Dry,2023-09-14
2014,Customer_2014,45,Male,Jaipur,Rajasthan,1489383,Combination,2023-01-18
2015,Customer_2015,46,Male,Hyderabad,Telangana,370799,Normal,2022-09-17
2016,Customer_2016,44,Female,Chandigarh,Chandigarh,1566432,Normal,2022-12-27
2017,Customer_2017,19,Male,Jaipur,Rajasthan,677286,Combination,2023-03-16
2018,Customer_2018,40,Male,Pune,Maharashtra,452337,Oily,2023-11-04
2019,Customer_2019,41,Male,Ahmedabad,Gujarat,959455,Dry,2022-01-10
2020,Customer_2020,18,Female,Ahmedabad,Gujarat,748313,Sensitive,2023-08-05
2021,Customer_2021,32,Male,Ahmedabad,Gujarat,1108642,Combination,2023-09-09
2022,Customer_2022,51,Male,Mumbai,Maharashtra,515839,Normal,2022-10-12
2023,Customer_2023,60,Male,Chandigarh,Chandigarh,1503657,Sensitive,2023-11-30
2024,Customer_2024,38,Female,Jaipur,Rajasthan,715551,Oily,2022-02-20
2025,Customer_2025,49,Male,Indore,Madhya Pradesh,875490,Sensitive,2022-05-03
2026,Customer_2026,46,Male,Hyderabad,Telangana,1561291,Combination,2023-08-29
2027,Customer_2027,33,Male,Jaipur,Rajasthan,897765,Dry,2023-10-22
2028,Customer_2028,18,Female,Chandigarh,Chandigarh,896358,Oily,2024-05-11
2029,Customer_2029,20,Male,Jaipur,Rajasthan,1007557,Dry,2022-03-13
2030,Customer_2030,24,Female,Indore,Madhya Pradesh,931239,Combination,2022-11-21
2031,Customer_2031,43,Male,Ahmedabad,Gujarat,1466960,Combination,2023-05-21
2032,Customer_2032,21,Female,Chandigarh,Chandigarh,925882,Sensitive,2023-05-21
2033,Customer_2033,41,Male,Hyderabad,Telangana,361421,Oily,2022-02-18
2034,Customer_2034,26,Male,Bengaluru,Karnataka,977084,Sensitive,2022-08-20
2035,Customer_2035,23,Male,Pune,Maharashtra,1073596,Normal,2022-01-06
2036,Customer_2036,34,Male,Bengaluru,Karnataka,532371,Dry,2022-11-08
2037,Customer_2037,34,Female,Hyderabad,Telangana,1742676,Normal,2024-03-21
2038,Customer_2038,35,Male,Jaipur,Rajasthan,588910,Normal,2023-04-17
2039,Customer_2039,26,Female,Hyderabad,Telangana,610381,Normal,2024-05-20
2040,Customer_2040,58,Female,Jaipur,Rajasthan,1701390,Dry,2023-06-19
2041,Customer_2041,33,Female,Lucknow,Uttar Pradesh,1686781,Sensitive,2022-10-15
2042,Customer_2042,48,Male,Ahmedabad,Gujarat,492517,Combination,2024-02-24
2043,Customer_2043,23,Female,Delhi,Delhi,1471291,Oily,2023-11-07
2044,Customer_2044,22,Male,Mumbai,Maharashtra,1337263,Dry,2022-08-06
2045,Customer_2045,60,Male,Bengaluru,Karnataka,1281782,Sensitive,2022-07-12
2046,Customer_2046,24,Female,Indore,Madhya Pradesh,737594,Normal,2024-02-19
2047,Customer_2047,50,Female,Lucknow,Uttar Pradesh,953945,Sensitive,2023-11-03
2048,Customer_2048,50,Male,Pune,Maharashtra,572756,Oily,2023-01-08
2049,Customer_2049,46,Male,Jaipur,Rajasthan,1139290,Oily,2022-03-12
2050,Customer_2050,45,Male,Delhi,Delhi,1739204,Combination,2024-06-09
2051,Customer_2051,59,Male,Chandigarh,Chandigarh,608888,Sensitive,2024-06-16
2052,Customer_2052,25,Male,Hyderabad,Telangana,334787,Sensitive,2022-07-11
2053,Customer_2053,19,Female,Delhi,Delhi,1688074,Normal,2023-04-09
2054,Customer_2054,34,Male,Ahmedabad,Gujarat,1454071,Dry,2022-12-29
2055,Customer_2055,31,Male,Jaipur,Rajasthan,1132418,Normal,2023-03-18
2056,Customer_2056,39,Male,Lucknow,Uttar Pradesh,1225558,Combination,2023-01-14
2057,Customer_2057,21,Female,Hyderabad,Telangana,1186232,Oily,2022-10-29
2058,Customer_2058,43,Male,Mumbai,Maharashtra,1545811,Combination,2023-06-27
2059,Customer_2059,49,Female,Chandigarh,Chandigarh,528976,Dry,2023-10-24
2060,Customer_2060,25,Male,Mumbai,Maharashtra,541566,Dry,2022-02-06
2061,Customer_2061,35,Male,Chandigarh,Chandigarh,438091,Normal,2022-04-14
2062,Customer_2062,32,Female,Delhi,Delhi,1121890,Sensitive,2022-04-14
2063,Customer_2063,35,Female,Mumbai,Maharashtra,731395,Oily,2024-03-15
2064,Customer_2064,40,Female,Mumbai,Maharashtra,1780281,Normal,2022-10-22
2065,Customer_2065,24,Male,Bengaluru,Karnataka,1355371,Normal,2023-05-04
2066,Customer_2066,33,Male,Delhi,Delhi,960838,Dry,2022-06-20
2067,Customer_2067,39,Female,Pune,Maharashtra,597446,Dry,2023-11-14
2068,Customer_2068,45,Female,Indore,Madhya Pradesh,343677,Oily,2022-09-28
2069,Customer_2069,28,Male,Hyderabad,Telangana,1545719,Combination,2023-05-01
2070,Customer_2070,18,Female,Chandigarh,Chandigarh,819066,Sensitive,2022-04-23
2071,Customer_2071,19,Female,Bengaluru,Karnataka,778753,Normal,2023-05-31
2072,Customer_2072,27,Male,Pune,Maharashtra,509699,Combination,2024-04-03
2073,Customer_2073,46,Female,Ahmedabad,Gujarat,1035641,Normal,2022-09-21
2074,Customer_2074,34,Female,Indore,Madhya Pradesh,1262070,Dry,2024-04-27
2075,Customer_2075,37,Female,Ahmedabad,Gujarat,1385970,Normal,2023-05-11
2076,Customer_2076,35,Male,Hyderabad,Telangana,610169,Sensitive,2024-05-26
2077,Customer_2077,60,Male,Mumbai,Maharashtra,1049090,Sensitive,2022-02-01
2078,Customer_2078,54,Female,Mumbai,Maharashtra,1053758,Oily,2024-02-02
2079,Customer_2079,30,Female,Hyderabad,Telangana,1639521,Dry,2022-10-08
2080,Customer_2080,46,Male,Lucknow,Uttar Pradesh,856393,Combination,2022-12-06
2081,Customer_2081,55,Female,Jaipur,Rajasthan,879332,Combination,2022-07-15
2082,Customer_2082,55,Female,Bengaluru,Karnataka,1584227,Dry,2023-03-20
2083,Customer_2083,54,Female,Indore,Madhya Pradesh,904836,Dry,2022-01-09
2084,Customer_2084,27,Female,Indore,Madhya Pradesh,1727999,Oily,2023-06-20
2085,Customer_2085,57,Male,Delhi,Delhi,936790,Sensitive,2022-10-23
2086,Customer_2086,36,Male,Hyderabad,Telangana,1251809,Dry,2022-08-11
2087,Customer_2087,55,Male,Delhi,Delhi,411554,Sensitive,2022-11-10
2088,Customer_2088,45,Female,Bengaluru,Karnataka,1684651,Dry,2022-02-21
2089,Customer_2089,26,Female,Delhi,Delhi,894050,Normal,2023-11-13
2090,Customer_2090,27,Male,Lucknow,Uttar Pradesh,1795682,Combination,2022-05-27
2091,Customer_2091,45,Male,Mumbai,Maharashtra,909856,Oily,2022-02-02
2092,Customer_2092,40,Male,Indore,Madhya Pradesh,1722918,Sensitive,2023-03-09
2093,Customer_2093,24,Female,Jaipur,Rajasthan,933387,Normal,2022-11-15
2094,Customer_2094,54,Female,Pune,Maharashtra,1723805,Combination,2024-04-03
2095,Customer_2095,26,Male,Chandigarh,Chandigarh,824330,Oily,2023-03-03
2096,Customer_2096,30,Female,Lucknow,Uttar Pradesh,939623,Dry,2022-11-01
2097,Customer_2097,58,Female,Chandigarh,Chandigarh,1444689,Oily,2023-01-20
2098,Customer_2098,24,Male,Jaipur,Rajasthan,1404300,Sensitive,2023-12-12
2099,Customer_2099,50,Female,Ahmedabad,Gujarat,1282261,Combination,2023-03-14
2100,Customer_2100,44,Female,Indore,Madhya Pradesh,1267382,Dry,2023-07-27
2101,Customer_2101,44,Male,Bengaluru,Karnataka,594829,Normal,2022-11-06
2102,Customer_2102,55,Female,Mumbai,Maharashtra,566914,Normal,2023-07-11
2103,Customer_2103,36,Male,Chandigarh,Chandigarh,1123466,Oily,2023-02-17
2104,Customer_2104,47,Female,Bengaluru,Karnataka,413972,Dry,2022-02-26
2105,Customer_2105,59,Male,Delhi,Delhi,999365,Normal,2022-04-10
2106,Customer_2106,54,Female,Delhi,Delhi,1748278,Combination,2024-06-04
2107,Customer_2107,25,Male,Bengaluru,Karnataka,1771304,Oily,2023-06-13
2108,Customer_2108,53,Female,Pune,Maharashtra,586057,Oily,2023-11-23
2109,Customer_2109,37,Female,Pune,Maharashtra,313528,Sensitive,2023-10-01
2110,Customer_2110,25,Male,Mumbai,Maharashtra,300074,Oily,2023-09-11
2111,Customer_2111,51,Male,Hyderabad,Telangana,818428,Oily,2022-04-17
2112,Customer_2112,19,Female,Indore,Madhya Pradesh,1119386,Dry,2022-05-05
2113,Customer_2113,43,Female,Delhi,Delhi,685968,Oily,2024-05-11
2114,Customer_2114,34,Female,Lucknow,Uttar Pradesh,1680260,Normal,2022-05-07
2115,Customer_2115,27,Male,Jaipur,Rajasthan,687570,Oily,2024-04-18
2116,Customer_2116,28,Male,Mumbai,Maharashtra,1298576,Sensitive,2022-10-24
2117,Customer_2117,60,Male,Delhi,Delhi,1534727,Sensitive,2023-01-12
2118,Customer_2118,43,Female,Delhi,Delhi,1763083,Dry,2023-04-21
2119,Customer_2119,45,Male,Jaipur,Rajasthan,358658,Combination,2023-04-14
2120,Customer_2120,54,Female,Hyderabad,Telangana,323109,Normal,2022-11-07
2121,Customer_2121,59,Female,Bengaluru,Karnataka,389405,Combination,2022-05-23
2122,Customer_2122,47,Female,Indore,Madhya Pradesh,319126,Oily,2023-01-02
2123,Customer_2123,50,Male,Lucknow,Uttar Pradesh,1031558,Normal,2023-02-04
2124,Customer_2124,22,Male,Lucknow,Uttar Pradesh,1675562,Oily,2022-12-27
2125,Customer_2125,39,Female,Chandigarh,Chandigarh,1799846,Oily,2022-10-13
2126,Customer_2126,43,Male,Delhi,Delhi,1652944,Sensitive,2023-01-21
2127,Customer_2127,56,Male,Indore,Madhya Pradesh,1508041,Normal,2024-03-05
2128,Customer_2128,34,Male,Lucknow,Uttar Pradesh,1763327,Combination,2023-08-26
2129,Customer_2129,40,Female,Chandigarh,Chandigarh,441704,Dry,2022-01-31
2130,Customer_2130,32,Male,Pune,Maharashtra,1695153,Dry,2023-05-27
2131,Customer_2131,38,Male,Indore,Madhya Pradesh,796222,Dry,2022-06-28
2132,Customer_2132,44,Male,Jaipur,Rajasthan,429869,Normal,2022-09-14
2133,Customer_2133,20,Male,Hyderabad,Telangana,1225952,Combination,2023-09-14
2134,Customer_2134,29,Female,Bengaluru,Karnataka,525781,Sensitive,2023-01-22
2135,Customer_2135,58,Male,Pune,Maharashtra,710450,Combination,2023-05-18
2136,Customer_2136,36,Male,Indore,Madhya Pradesh,721931,Oily,2023-03-21
2137,Customer_2137,30,Male,Lucknow,Uttar Pradesh,1520768,Dry,2023-10-07
2138,Customer_2138,31,Male,Hyderabad,Telangana,594781,Dry,2023-01-04
2139,Customer_2139,54,Male,Jaipur,Rajasthan,1014523,Oily,2023-11-30
2140,Customer_2140,49,Male,Lucknow,Uttar Pradesh,735106,Normal,2024-04-27
2141,Customer_2141,50,Female,Indore,Madhya Pradesh,1047603,Normal,2023-07-27
2142,Customer_2142,22,Female,Pune,Maharashtra,1196557,Sensitive,2024-06-13
2143,Customer_2143,54,Male,Hyderabad,Telangana,566741,Normal,2022-11-02
2144,Customer_2144,25,Female,Hyderabad,Telangana,783547,Dry,2023-09-08
2145,Customer_2145,39,Male,Lucknow,Uttar Pradesh,769806,Combination,2024-04-28
2146,Customer_2146,42,Female,Delhi,Delhi,442507,Oily,2022-10-22
2147,Customer_2147,52,Male,Hyderabad,Telangana,1385820,Normal,2023-05-28
2148,Customer_2148,43,Male,Delhi,Delhi,1444922,Dry,2023-08-20
2149,Customer_2149,34,Male,Indore,Madhya Pradesh,367685,Combination,2023-03-08
2150,Customer_2150,30,Female,Delhi,Delhi,424553,Oily,2022-07-29
2151,Customer_2151,39,Male,Lucknow,Uttar Pradesh,794125,Sensitive,2022-03-16
2152,Customer_2152,57,Male,Chandigarh,Chandigarh,1025290,Dry,2023-03-03
2153,Customer_2153,57,Male,Chandigarh,Chandigarh,1456422,Sensitive,2022-05-13
2154,Customer_2154,20,Male,Delhi,Delhi,374658,Sensitive,2023-06-04
2155,Customer_2155,59,Female,Mumbai,Maharashtra,1204953,Sensitive,2022-11-07
2156,Customer_2156,19,Male,Mumbai,Maharashtra,355267,Oily,2023-07-02
2157,Customer_2157,42,Male,Chandigarh,Chandigarh,1458668,Sensitive,2022-02-23
2158,Customer_2158,42,Male,Jaipur,Rajasthan,1201185,Sensitive,2023-07-17
2159,Customer_2159,25,Female,Pune,Maharashtra,547448,Normal,2023-01-12
2160,Customer_2160,30,Female,Ahmedabad,Gujarat,1215458,Dry,2022-09-01
2161,Customer_2161,23,Male,Mumbai,Maharashtra,776317,Sensitive,2024-02-05
2162,Customer_2162,54,Male,Lucknow,Uttar Pradesh,331244,Oily,2024-04-12
2163,Customer_2163,22,Male,Bengaluru,Karnataka,565742,Sensitive,2022-07-04
2164,Customer_2164,20,Female,Delhi,Delhi,1033305,Normal,2023-11-02
2165,Customer_2165,36,Male,Mumbai,Maharashtra,1571133,Sensitive,2023-05-06
2166,Customer_2166,60,Male,Hyderabad,Telangana,460176,Combination,2023-07-11
2167,Customer_2167,49,Female,Mumbai,Maharashtra,761975,Sensitive,2024-01-01
2168,Customer_2168,41,Female,Delhi,Delhi,1670790,Oily,2023-06-24
2169,Customer_2169,38,Male,Delhi,Delhi,413241,Combination,2023-02-25
2170,Customer_2170,49,Female,Chandigarh,Chandigarh,464513,Oily,2022-05-21
2171,Customer_2171,32,Female,Lucknow,Uttar Pradesh,1459653,Oily,2022-05-06
2172,Customer_2172,27,Male,Ahmedabad,Gujarat,793051,Sensitive,2023-10-28
2173,Customer_2173,25,Male,Indore,Madhya Pradesh,1346284,Dry,2022-10-04
2174,Customer_2174,55,Female,Delhi,Delhi,930011,Dry,2022-03-03
2175,Customer_2175,57,Female,Delhi,Delhi,1338839,Dry,2024-06-02
2176,Customer_2176,42,Female,Jaipur,Rajasthan,393146,Oily,2022-07-30
2177,Customer_2177,29,Female,Jaipur,Rajasthan,1416716,Dry,2023-11-08
2178,Customer_2178,20,Female,Delhi,Delhi,354509,Normal,2024-02-12
2179,Customer_2179,34,Male,Ahmedabad,Gujarat,357346,Combination,2024-01-14
2180,Customer_2180,45,Female,Chandigarh,Chandigarh,419786,Dry,2023-07-21
2181,Customer_2181,36,Female,Jaipur,Rajasthan,1188846,Normal,2024-01-07
2182,Customer_2182,51,Female,Chandigarh,Chandigarh,640889,Sensitive,2023-04-24
2183,Customer_2183,26,Male,Mumbai,Maharashtra,888670,Combination,2022-03-29
2184,Customer_2184,52,Female,Mumbai,Maharashtra,1007856,Normal,2023-02-09
2185,Customer_2185,57,Female,Bengaluru,Karnataka,1058529,Combination,2023-11-07
2186,Customer_2186,59,Male,Delhi,Delhi,560689,Combination,2023-08-06
2187,Customer_2187,34,Male,Ahmedabad,Gujarat,1230734,Sensitive,2022-01-18
2188,Customer_2188,18,Female,Indore,Madhya Pradesh,377602,Combination,2023-05-07
2189,Customer_2189,31,Female,Lucknow,Uttar Pradesh,422861,Normal,2022-03-23
2190,Customer_2190,57,Female,Delhi,Delhi,434308,Sensitive,2022-07-04
2191,Customer_2191,35,Female,Delhi,Delhi,1337941,Oily,2022-08-21
2192,Customer_2192,27,Male,Pune,Maharashtra,787949,Dry,2023-11-02
2193,Customer_2193,29,Female,Bengaluru,Karnataka,1516118,Combination,2022-02-12
2194,Customer_2194,32,Male,Lucknow,Uttar Pradesh,1798519,Combination,2022-09-21
2195,Customer_2195,40,Male,Bengaluru,Karnataka,1559505,Oily,2022-12-25
2196,Customer_2196,22,Female,Hyderabad,Telangana,537361,Normal,2022-03-21
2197,Customer_2197,31,Female,Mumbai,Maharashtra,1496143,Combination,2024-04-29
2198,Customer_2198,22,Female,Jaipur,Rajasthan,893671,Oily,2022-01-26
2199,Customer_2199,56,Female,Ahmedabad,Gujarat,1002516,Sensitive,2023-10-30
2200,Customer_2200,48,Female,Ahmedabad,Gujarat,1604253,Dry,2022-06-14
2201,Customer_2201,20,Female,Ahmedabad,Gujarat,614705,Normal,2022-01-27
2202,Customer_2202,56,Male,Hyderabad,Telangana,956630,Normal,2024-01-03
2203,Customer_2203,55,Female,Lucknow,Uttar Pradesh,750612,Sensitive,2024-04-30
2204,Customer_2204,20,Male,Chandigarh,Chandigarh,1099202,Dry,2022-03-21
2205,Customer_2205,54,Female,Mumbai,Maharashtra,1430296,Dry,2024-05-17
2206,Customer_2206,21,Female,Lucknow,Uttar Pradesh,1682437,Normal,2023-06-17
2207,Customer_2207,38,Female,Indore,Madhya Pradesh,708994,Normal,2022-10-28
2208,Customer_2208,39,Male,Mumbai,Maharashtra,1059095,Oily,2023-04-12
2209,Customer_2209,25,Male,Ahmedabad,Gujarat,1233248,Sensitive,2023-01-06
2210,Customer_2210,40,Male,Hyderabad,Telangana,1059791,Sensitive,2023-09-12
2211,Customer_2211,46,Female,Mumbai,Maharashtra,781848,Normal,2024-04-27
2212,Customer_2212,52,Male,Pune,Maharashtra,1154835,Normal,2023-11-13
2213,Customer_2213,56,Female,Pune,Maharashtra,901641,Combination,2022-11-18
2214,Customer_2214,23,Female,Hyderabad,Telangana,1182948,Normal,2022-06-01
2215,Customer_2215,49,Male,Chandigarh,Chandigarh,677310,Sensitive,2022-01-16
2216,Customer_2216,25,Female,Pune,Maharashtra,852339,Normal,2023-12-30
2217,Customer_2217,24,Male,Indore,Madhya Pradesh,371461,Sensitive,2022-01-25
2218,Customer_2218,22,Male,Pune,Maharashtra,1379817,Normal,2023-02-02
2219,Customer_2219,40,Male,Jaipur,Rajasthan,1143720,Normal,2022-09-05
2220,Customer_2220,25,Female,Delhi,Delhi,1005986,Normal,2023-09-16
2221,Customer_2221,24,Male,Chandigarh,Chandigarh,454670,Combination,2023-04-05
2222,Customer_2222,58,Female,Jaipur,Rajasthan,1213708,Combination,2024-02-15
2223,Customer_2223,26,Male,Indore,Madhya Pradesh,1536393,Normal,2022-03-27
2224,Customer_2224,18,Female,Pune,Maharashtra,1713285,Sensitive,2023-01-24
2225,Customer_2225,46,Male,Ahmedabad,Gujarat,1366752,Normal,2022-10-14
2226,Customer_2226,32,Female,Hyderabad,Telangana,1334511,Combination,2022-02-19
2227,Customer_2227,51,Female,Chandigarh,Chandigarh,898227,Combination,2023-01-29
2228,Customer_2228,29,Male,Ahmedabad,Gujarat,387942,Oily,2023-03-17
2229,Customer_2229,35,Female,Lucknow,Uttar Pradesh,508596,Combination,2022-10-19
2230,Customer_2230,25,Female,Pune,Maharashtra,874301,Sensitive,2023-03-26
2231,Customer_2231,28,Female,Mumbai,Maharashtra,844062,Normal,2024-02-11
2232,Customer_2232,32,Female,Hyderabad,Telangana,595704,Dry,2022-07-31
2233,Customer_2233,50,Male,Lucknow,Uttar Pradesh,357357,Normal,2022-02-10
2234,Customer_2234,52,Male,Lucknow,Uttar Pradesh,313977,Sensitive,2024-05-02
2235,Customer_2235,41,Male,Bengaluru,Karnataka,891056,Normal,2023-03-13
2236,Customer_2236,51,Male,Indore,Madhya Pradesh,1251791,Combination,2022-04-23
2237,Customer_2237,46,Female,Hyderabad,Telangana,1334431,Combination,2022-03-30
2238,Customer_2238,35,Male,Pune,Maharashtra,1041807,Dry,2024-02-02
2239,Customer_2239,22,Female,Mumbai,Maharashtra,628680,Normal,2022-12-10
2240,Customer_2240,47,Male,Delhi,Delhi,1782287,Combination,2022-02-09
2241,Customer_2241,24,Female,Jaipur,Rajasthan,699294,Normal,2023-11-08
2242,Customer_2242,58,Male,Bengaluru,Karnataka,815718,Oily,2023-08-24
2243,Customer_2243,32,Male,Jaipur,Rajasthan,856345,Sensitive,2022-06-05
2244,Customer_2244,29,Female,Indore,Madhya Pradesh,892654,Oily,2022-07-23
2245,Customer_2245,51,Male,Hyderabad,Telangana,306706,Sensitive,2022-03-10
2246,Customer_2246,53,Male,Indore,Madhya Pradesh,1788958,Oily,2022-02-09
2247,Customer_2247,34,Female,Jaipur,Rajasthan,1623358,Normal,2022-08-29
2248,Customer_2248,48,Male,Ahmedabad,Gujarat,929356,Oily,2024-06-15
2249,Customer_2249,60,Female,Delhi,Delhi,1328069,Sensitive,2023-09-05
2250,Customer_2250,52,Female,Ahmedabad,Gujarat,919534,Dry,2022-08-13
2251,Customer_2251,36,Female,Hyderabad,Telangana,1237789,Combination,2022-09-11
2252,Customer_2252,25,Male,Jaipur,Rajasthan,1274621,Combination,2023-11-08
2253,Customer_2253,40,Female,Hyderabad,Telangana,1778112,Oily,2024-03-03
2254,Customer_2254,49,Female,Indore,Madhya Pradesh,1741208,Oily,2022-01-30
2255,Customer_2255,35,Male,Delhi,Delhi,1157747,Dry,2023-07-30
2256,Customer_2256,34,Female,Ahmedabad,Gujarat,1162409,Sensitive,2024-04-08
2257,Customer_2257,45,Female,Indore,Madhya Pradesh,846726,Dry,2022-10-02
2258,Customer_2258,32,Female,Indore,Madhya Pradesh,1634346,Dry,2022-11-12
2259,Customer_2259,44,Male,Indore,Madhya Pradesh,1500631,Oily,2023-07-03
2260,Customer_2260,58,Male,Mumbai,Maharashtra,1586191,Normal,2022-12-04
2261,Customer_2261,56,Male,Pune,Maharashtra,344287,Sensitive,2022-04-03
2262,Customer_2262,40,Male,Ahmedabad,Gujarat,1673491,Dry,2023-06-16
2263,Customer_2263,41,Male,Mumbai,Maharashtra,629237,Normal,2023-02-10
2264,Customer_2264,36,Male,Mumbai,Maharashtra,1084083,Combination,2023-02-28
2265,Customer_2265,53,Male,Mumbai,Maharashtra,328607,Dry,2024-05-15
2266,Customer_2266,51,Male,Bengaluru,Karnataka,1351720,Sensitive,2024-03-21
2267,Customer_2267,20,Male,Indore,Madhya Pradesh,893682,Combination,2022-01-25
2268,Customer_2268,58,Male,Mumbai,Maharashtra,370837,Combination,2024-02-07
2269,Customer_2269,42,Female,Hyderabad,Telangana,575132,Combination,2024-06-01
2270,Customer_2270,22,Male,Hyderabad,Telangana,1358033,Sensitive,2022-01-21
2271,Customer_2271,52,Male,Bengaluru,Karnataka,500396,Normal,2024-03-22
2272,Customer_2272,30,Female,Jaipur,Rajasthan,978904,Sensitive,2023-06-09
2273,Customer_2273,37,Female,Bengaluru,Karnataka,1262394,Oily,2022-04-13
2274,Customer_2274,59,Female,Delhi,Delhi,1089747,Combination,2023-03-16
2275,Customer_2275,32,Female,Hyderabad,Telangana,1476494,Combination,2023-05-10
2276,Customer_2276,52,Male,Delhi,Delhi,1101968,Dry,2023-05-24
2277,Customer_2277,41,Male,Jaipur,Rajasthan,1248479,Oily,2023-08-15
2278,Customer_2278,43,Male,Bengaluru,Karnataka,1237605,Combination,2023-05-04
2279,Customer_2279,24,Female,Chandigarh,Chandigarh,997167,Oily,2024-04-09
2280,Customer_2280,24,Male,Hyderabad,Telangana,735540,Sensitive,2023-08-31
2281,Customer_2281,23,Male,Mumbai,Maharashtra,1145561,Normal,2024-05-08
2282,Customer_2282,51,Male,Indore,Madhya Pradesh,423591,Sensitive,2022-09-16
2283,Customer_2283,37,Female,Jaipur,Rajasthan,615856,Dry,2022-11-26
2284,Customer_2284,56,Female,Chandigarh,Chandigarh,311684,Combination,2023-12-08
2285,Customer_2285,53,Female,Mumbai,Maharashtra,1444182,Sensitive,2022-11-17
2286,Customer_2286,38,Female,Mumbai,Maharashtra,1786604,Sensitive,2023-06-11
2287,Customer_2287,23,Male,Lucknow,Uttar Pradesh,1192761,Dry,2023-01-20
2288,Customer_2288,18,Male,Pune,Maharashtra,1390391,Dry,2022-06-20
2289,Customer_2289,46,Male,Mumbai,Maharashtra,381918,Sensitive,2023-05-23
2290,Customer_2290,58,Female,Pune,Maharashtra,593318,Normal,2023-03-05
2291,Customer_2291,18,Female,Jaipur,Rajasthan,546590,Sensitive,2022-10-29
2292,Customer_2292,51,Female,Delhi,Delhi,1589959,Combination,2023-08-01
2293,Customer_2293,27,Female,Pune,Maharashtra,1397337,Oily,2024-04-02
2294,Customer_2294,41,Female,Chandigarh,Chandigarh,1290086,Sensitive,2022-08-04
2295,Customer_2295,26,Male,Ahmedabad,Gujarat,1399701,Sensitive,2022-01-11
2296,Customer_2296,44,Male,Ahmedabad,Gujarat,615304,Sensitive,2022-03-10
2297,Customer_2297,37,Male,Bengaluru,Karnataka,717894,Dry,2023-07-05
2298,Customer_2298,39,Male,Indore,Madhya Pradesh,428152,Normal,2023-04-25
2299,Customer_2299,28,Male,Chandigarh,Chandigarh,1034952,Normal,2022-08-20
2300,Customer_2300,58,Male,Ahmedabad,Gujarat,703996,Combination,2022-10-19
2301,Customer_2301,55,Female,Jaipur,Rajasthan,1070231,Normal,2024-02-25
2302,Customer_2302,34,Male,Jaipur,Rajasthan,462479,Normal,2022-06-06
2303,Customer_2303,31,Female,Hyderabad,Telangana,673975,Combination,2023-08-01
2304,Customer_2304,26,Female,Hyderabad,Telangana,992396,Normal,2024-03-01
2305,Customer_2305,56,Female,Chandigarh,Chandigarh,1591609,Sensitive,2022-08-03
2306,Customer_2306,18,Male,Pune,Maharashtra,753914,Dry,2024-04-02
2307,Customer_2307,27,Male,Chandigarh,Chandigarh,645649,Sensitive,2024-06-14
2308,Customer_2308,38,Male,Bengaluru,Karnataka,409448,Oily,2023-06-08
2309,Customer_2309,45,Female,Indore,Madhya Pradesh,985956,Combination,2023-05-28
2310,Customer_2310,33,Female,Hyderabad,Telangana,1091275,Sensitive,2023-12-25
2311,Customer_2311,40,Female,Indore,Madhya Pradesh,1394683,Combination,2023-06-28
2312,Customer_2312,56,Male,Hyderabad,Telangana,648371,Combination,2023-12-30
2313,Customer_2313,45,Female,Pune,Maharashtra,1327800,Combination,2023-12-03
2314,Customer_2314,53,Female,Hyderabad,Telangana,1667536,Combination,2022-07-02
2315,Customer_2315,41,Female,Bengaluru,Karnataka,1705173,Combination,2024-01-16
2316,Customer_2316,31,Male,Jaipur,Rajasthan,1102071,Combination,2022-07-03
2317,Customer_2317,30,Female,Bengaluru,Karnataka,1057053,Normal,2022-07-19
2318,Customer_2318,55,Female,Bengaluru,Karnataka,988812,Dry,2023-01-13
2319,Customer_2319,50,Male,Delhi,Delhi,1572498,Combination,2022-02-04
2320,Customer_2320,59,Female,Delhi,Delhi,1135283,Dry,2023-12-14
2321,Customer_2321,35,Male,Delhi,Delhi,1499950,Dry,2024-06-02
2322,Customer_2322,56,Female,Indore,Madhya Pradesh,1328234,Oily,2023-04-30
2323,Customer_2323,24,Male,Lucknow,Uttar Pradesh,1074968,Dry,2023-09-20
2324,Customer_2324,29,Male,Pune,Maharashtra,473695,Sensitive,2024-05-04
2325,Customer_2325,21,Female,Hyderabad,Telangana,1636888,Dry,2022-11-18
2326,Customer_2326,52,Female,Hyderabad,Telangana,707229,Normal,2024-01-26
2327,Customer_2327,39,Female,Bengaluru,Karnataka,1787528,Oily,2023-08-24
2328,Customer_2328,51,Male,Ahmedabad,Gujarat,1693547,Sensitive,2023-03-03
2329,Customer_2329,22,Male,Bengaluru,Karnataka,1351775,Oily,2024-01-17
2330,Customer_2330,23,Male,Delhi,Delhi,1229874,Dry,2022-10-10
2331,Customer_2331,30,Female,Chandigarh,Chandigarh,662740,Dry,2022-11-15
2332,Customer_2332,53,Female,Delhi,Delhi,546865,Combination,2023-04-23
2333,Customer_2333,23,Female,Chandigarh,Chandigarh,484889,Dry,2022-04-03
2334,Customer_2334,23,Male,Pune,Maharashtra,965848,Normal,2023-10-04
2335,Customer_2335,28,Male,Bengaluru,Karnataka,756184,Combination,2023-04-17
2336,Customer_2336,33,Female,Hyderabad,Telangana,1727931,Oily,2024-02-05
2337,Customer_2337,37,Male,Pune,Maharashtra,1095471,Combination,2022-07-02
2338,Customer_2338,26,Female,Delhi,Delhi,1168184,Oily,2024-05-05
2339,Customer_2339,35,Male,Mumbai,Maharashtra,671430,Combination,2022-09-23
2340,Customer_2340,34,Male,Indore,Madhya Pradesh,1327364,Combination,2023-08-16
2341,Customer_2341,40,Female,Ahmedabad,Gujarat,1623358,Oily,2022-02-07
2342,Customer_2342,42,Male,Chandigarh,Chandigarh,1428160,Normal,2022-08-04
2343,Customer_2343,40,Female,Jaipur,Rajasthan,735047,Combination,2023-12-18
2344,Customer_2344,53,Female,Lucknow,Uttar Pradesh,490332,Normal,2024-03-02
2345,Customer_2345,34,Male,Mumbai,Maharashtra,1280813,Combination,2022-02-02
2346,Customer_2346,51,Male,Hyderabad,Telangana,1296587,Oily,2023-04-24
2347,Customer_2347,38,Female,Chandigarh,Chandigarh,1482310,Sensitive,2023-11-06
2348,Customer_2348,20,Female,Chandigarh,Chandigarh,1770708,Dry,2023-10-07
2349,Customer_2349,18,Male,Ahmedabad,Gujarat,1183756,Sensitive,2022-12-09
2350,Customer_2350,59,Male,Ahmedabad,Gujarat,692401,Combination,2022-11-10
2351,Customer_2351,47,Male,Pune,Maharashtra,345612,Sensitive,2024-04-08
2352,Customer_2352,47,Female,Chandigarh,Chandigarh,1137463,Sensitive,2024-05-04
2353,Customer_2353,34,Female,Mumbai,Maharashtra,1560266,Combination,2023-05-10
2354,Customer_2354,37,Male,Jaipur,Rajasthan,791369,Normal,2022-04-21
2355,Customer_2355,45,Female,Jaipur,Rajasthan,1511080,Sensitive,2023-08-31
2356,Customer_2356,28,Male,Bengaluru,Karnataka,930367,Normal,2023-12-16
2357,Customer_2357,30,Male,Lucknow,Uttar Pradesh,572400,Combination,2024-03-18
2358,Customer_2358,23,Female,Bengaluru,Karnataka,596665,Combination,2023-04-15
2359,Customer_2359,28,Female,Jaipur,Rajasthan,301768,Oily,2022-07-25
2360,Customer_2360,37,Female,Pune,Maharashtra,468559,Oily,2022-08-30
2361,Customer_2361,45,Male,Mumbai,Maharashtra,813241,Oily,2023-12-03
2362,Customer_2362,41,Male,Lucknow,Uttar Pradesh,1301063,Oily,2022-12-19
2363,Customer_2363,48,Female,Hyderabad,Telangana,1765447,Oily,2023-04-29
2364,Customer_2364,47,Male,Jaipur,Rajasthan,500959,Sensitive,2022-05-12
2365,Customer_2365,26,Female,Ahmedabad,Gujarat,986003,Combination,2024-04-19
2366,Customer_2366,56,Female,Jaipur,Rajasthan,1420120,Dry,2022-12-22
2367,Customer_2367,60,Male,Indore,Madhya Pradesh,764926,Normal,2022-07-02
2368,Customer_2368,41,Female,Mumbai,Maharashtra,1012719,Normal,2024-04-22
2369,Customer_2369,57,Female,Bengaluru,Karnataka,462046,Oily,2022-05-22
2370,Customer_2370,30,Male,Indore,Madhya Pradesh,742986,Combination,2023-03-22
2371,Customer_2371,39,Female,Hyderabad,Telangana,1671631,Oily,2023-03-12
2372,Customer_2372,36,Female,Pune,Maharashtra,1111210,Sensitive,2022-02-05
2373,Customer_2373,44,Male,Delhi,Delhi,642974,Sensitive,2023-11-30
2374,Customer_2374,24,Female,Lucknow,Uttar Pradesh,473309,Combination,2023-12-04
2375,Customer_2375,59,Female,Hyderabad,Telangana,325636,Oily,2022-11-23
2376,Customer_2376,54,Female,Pune,Maharashtra,1739272,Sensitive,2022-01-12
2377,Customer_2377,59,Female,Indore,Madhya Pradesh,1185956,Dry,2022-11-07
2378,Customer_2378,34,Male,Jaipur,Rajasthan,1565916,Sensitive,2023-05-30
2379,Customer_2379,48,Female,Ahmedabad,Gujarat,1422026,Combination,2022-04-25
2380,Customer_2380,45,Female,Pune,Maharashtra,1714988,Dry,2022-06-03
2381,Customer_2381,39,Female,Bengaluru,Karnataka,714424,Normal,2024-04-12
2382,Customer_2382,47,Female,Chandigarh,Chandigarh,401803,Sensitive,2022-10-16
2383,Customer_2383,25,Female,Bengaluru,Karnataka,1265215,Combination,2022-02-21
2384,Customer_2384,41,Female,Chandigarh,Chandigarh,1192762,Combination,2023-11-23
2385,Customer_2385,19,Female,Delhi,Delhi,674820,Combination,2023-01-01
2386,Customer_2386,19,Female,Jaipur,Rajasthan,980803,Combination,2023-10-14
2387,Customer_2387,56,Male,Bengaluru,Karnataka,1049195,Dry,2023-06-29
2388,Customer_2388,33,Male,Jaipur,Rajasthan,476259,Normal,2022-04-07
2389,Customer_2389,27,Female,Pune,Maharashtra,1204083,Combination,2022-12-20
2390,Customer_2390,57,Male,Indore,Madhya Pradesh,1397982,Normal,2023-04-15
2391,Customer_2391,22,Female,Bengaluru,Karnataka,1081808,Dry,2022-05-31
2392,Customer_2392,58,Male,Chandigarh,Chandigarh,1100929,Normal,2024-01-13
2393,Customer_2393,39,Female,Hyderabad,Telangana,1186109,Sensitive,2022-01-23
2394,Customer_2394,34,Male,Pune,Maharashtra,1208979,Dry,2024-03-23
2395,Customer_2395,54,Female,Mumbai,Maharashtra,935859,Normal,2023-06-11
2396,Customer_2396,33,Male,Lucknow,Uttar Pradesh,1084830,Normal,2023-04-30
2397,Customer_2397,45,Female,Mumbai,Maharashtra,1744651,Oily,2022-10-11
2398,Customer_2398,60,Male,Lucknow,Uttar Pradesh,1567985,Sensitive,2022-07-05
2399,Customer_2399,35,Male,Delhi,Delhi,1153924,Oily,2022-01-20
2400,Customer_2400,60,Male,Jaipur,Rajasthan,876231,Combination,2023-04-19
2401,Customer_2401,58,Female,Chandigarh,Chandigarh,503733,Oily,2022-08-19
2402,Customer_2402,38,Male,Bengaluru,Karnataka,433635,Normal,2022-10-22
2403,Customer_2403,47,Female,Chandigarh,Chandigarh,1631214,Normal,2022-12-03
2404,Customer_2404,42,Female,Lucknow,Uttar Pradesh,1469491,Dry,2022-12-18
2405,Customer_2405,38,Female,Ahmedabad,Gujarat,1231938,Oily,2023-04-19
2406,Customer_2406,31,Male,Indore,Madhya Pradesh,1711353,Sensitive,2022-09-19
2407,Customer_2407,20,Male,Jaipur,Rajasthan,1624108,Sensitive,2023-07-29
2408,Customer_2408,23,Male,Ahmedabad,Gujarat,1410634,Combination,2022-11-08
2409,Customer_2409,38,Female,Delhi,Delhi,1714531,Sensitive,2022-01-31
2410,Customer_2410,57,Male,Pune,Maharashtra,1609178,Combination,2023-08-02
2411,Customer_2411,44,Male,Jaipur,Rajasthan,895355,Normal,2024-02-01
2412,Customer_2412,33,Female,Indore,Madhya Pradesh,1427413,Oily,2023-01-23
2413,Customer_2413,25,Male,Chandigarh,Chandigarh,1129947,Oily,2022-08-05
2414,Customer_2414,54,Female,Hyderabad,Telangana,674598,Oily,2024-02-25
2415,Customer_2415,53,Female,Jaipur,Rajasthan,1038249,Oily,2023-03-05
2416,Customer_2416,35,Female,Chandigarh,Chandigarh,1061632,Dry,2023-11-12
2417,Customer_2417,50,Female,Ahmedabad,Gujarat,772067,Sensitive,2023-05-22
2418,Customer_2418,36,Female,Indore,Madhya Pradesh,629185,Oily,2023-02-14
2419,Customer_2419,18,Female,Delhi,Delhi,1273123,Oily,2023-12-01
2420,Customer_2420,42,Female,Hyderabad,Telangana,1177174,Sensitive,2022-07-13
2421,Customer_2421,57,Male,Bengaluru,Karnataka,590606,Normal,2023-09-27
2422,Customer_2422,23,Female,Lucknow,Uttar Pradesh,347885,Combination,2023-09-17
2423,Customer_2423,28,Female,Mumbai,Maharashtra,1735213,Dry,2023-01-15
2424,Customer_2424,56,Female,Bengaluru,Karnataka,1457748,Normal,2024-06-03
2425,Customer_2425,28,Female,Mumbai,Maharashtra,1073983,Oily,2022-06-29
2426,Customer_2426,30,Female,Indore,Madhya Pradesh,578187,Combination,2022-03-08
2427,Customer_2427,31,Female,Bengaluru,Karnataka,1262997,Oily,2023-12-02
2428,Customer_2428,46,Male,Chandigarh,Chandigarh,670939,Sensitive,2023-05-28
2429,Customer_2429,56,Female,Hyderabad,Telangana,634006,Oily,2023-04-19
2430,Customer_2430,18,Male,Hyderabad,Telangana,1730307,Sensitive,2024-06-06
2431,Customer_2431,48,Female,Lucknow,Uttar Pradesh,447567,Sensitive,2022-09-24
2432,Customer_2432,25,Male,Lucknow,Uttar Pradesh,1219645,Sensitive,2024-04-27
2433,Customer_2433,36,Female,Bengaluru,Karnataka,383689,Combination,2023-02-14
2434,Customer_2434,58,Female,Lucknow,Uttar Pradesh,1198815,Dry,2022-04-17
2435,Customer_2435,34,Male,Pune,Maharashtra,654321,Combination,2023-02-27
2436,Customer_2436,27,Male,Ahmedabad,Gujarat,1312066,Oily,2022-09-28
2437,Customer_2437,39,Male,Hyderabad,Telangana,1261003,Sensitive,2024-02-10
2438,Customer_2438,34,Female,Mumbai,Maharashtra,919272,Sensitive,2022-12-05
2439,Customer_2439,34,Female,Indore,Madhya Pradesh,1546606,Dry,2024-02-19
2440,Customer_2440,27,Female,Pune,Maharashtra,354401,Oily,2023-01-15
2441,Customer_2441,41,Female,Chandigarh,Chandigarh,943118,Oily,2023-08-05
2442,Customer_2442,48,Female,Delhi,Delhi,1711967,Combination,2022-06-08
2443,Customer_2443,27,Female,Pune,Maharashtra,1105781,Combination,2023-10-15
2444,Customer_2444,19,Male,Mumbai,Maharashtra,1523122,Combination,2022-06-01
2445,Customer_2445,18,Female,Chandigarh,Chandigarh,1063702,Normal,2024-02-03
2446,Customer_2446,43,Female,Lucknow,Uttar Pradesh,1597004,Oily,2022-12-19
2447,Customer_2447,55,Female,Pune,Maharashtra,1397518,Combination,2023-01-23
2448,Customer_2448,59,Male,Indore,Madhya Pradesh,1401501,Sensitive,2022-06-29
2449,Customer_2449,42,Male,Indore,Madhya Pradesh,1702459,Dry,2022-12-17
2450,Customer_2450,37,Male,Mumbai,Maharashtra,770412,Oily,2022-10-12
2451,Customer_2451,25,Male,Chandigarh,Chandigarh,1047637,Sensitive,2023-04-16
2452,Customer_2452,58,Male,Chandigarh,Chandigarh,1399155,Oily,2024-01-30
2453,Customer_2453,41,Male,Mumbai,Maharashtra,1135696,Dry,2022-12-04
2454,Customer_2454,22,Female,Lucknow,Uttar Pradesh,1460321,Normal,2024-05-16
2455,Customer_2455,23,Male,Lucknow,Uttar Pradesh,1236656,Normal,2023-06-20
2456,Customer_2456,33,Female,Mumbai,Maharashtra,683117,Oily,2022-08-22
2457,Customer_2457,29,Male,Indore,Madhya Pradesh,1577454,Combination,2023-07-20
2458,Customer_2458,23,Male,Delhi,Delhi,433523,Oily,2023-06-20
2459,Customer_2459,21,Male,Delhi,Delhi,777282,Oily,2023-08-23
2460,Customer_2460,48,Female,Chandigarh,Chandigarh,506087,Normal,2024-03-11
2461,Customer_2461,38,Male,Bengaluru,Karnataka,711934,Sensitive,2022-04-30
2462,Customer_2462,23,Female,Indore,Madhya Pradesh,713969,Dry,2023-07-10
2463,Customer_2463,31,Female,Chandigarh,Chandigarh,929063,Normal,2022-01-10
2464,Customer_2464,45,Male,Chandigarh,Chandigarh,1228287,Oily,2023-08-27
2465,Customer_2465,47,Male,Chandigarh,Chandigarh,827953,Sensitive,2023-09-08
2466,Customer_2466,49,Male,Delhi,Delhi,989206,Normal,2023-05-10
2467,Customer_2467,36,Female,Lucknow,Uttar Pradesh,854067,Normal,2022-09-12
2468,Customer_2468,35,Female,Ahmedabad,Gujarat,1612652,Sensitive,2022-04-25
2469,Customer_2469,49,Male,Pune,Maharashtra,969426,Normal,2023-04-27
2470,Customer_2470,28,Male,Indore,Madhya Pradesh,437488,Sensitive,2023-11-21
2471,Customer_2471,24,Female,Delhi,Delhi,1018131,Normal,2024-04-22
2472,Customer_2472,30,Male,Pune,Maharashtra,786125,Oily,2022-11-11
2473,Customer_2473,37,Female,Lucknow,Uttar Pradesh,1412328,Sensitive,2022-04-16
2474,Customer_2474,57,Male,Delhi,Delhi,1497491,Oily,2022-11-28
2475,Customer_2475,30,Female,Pune,Maharashtra,660243,Oily,2023-09-17
2476,Customer_2476,38,Female,Pune,Maharashtra,1670469,Normal,2024-03-18
2477,Customer_2477,35,Male,Jaipur,Rajasthan,851247,Sensitive,2024-05-26
2478,Customer_2478,41,Male,Delhi,Delhi,942215,Combination,2024-01-15
2479,Customer_2479,38,Female,Ahmedabad,Gujarat,945958,Sensitive,2023-07-31
2480,Customer_2480,44,Male,Jaipur,Rajasthan,1147419,Dry,2023-02-23
2481,Customer_2481,59,Male,Ahmedabad,Gujarat,1258167,Combination,2022-01-20
2482,Customer_2482,31,Female,Mumbai,Maharashtra,918233,Combination,2022-01-25
2483,Customer_2483,45,Female,Ahmedabad,Gujarat,983011,Normal,2023-07-28
2484,Customer_2484,31,Female,Mumbai,Maharashtra,874542,Dry,2022-03-18
2485,Customer_2485,28,Female,Mumbai,Maharashtra,1305967,Normal,2023-04-27
2486,Customer_2486,60,Female,Bengaluru,Karnataka,1742423,Sensitive,2022-09-13
2487,Customer_2487,56,Female,Delhi,Delhi,424396,Dry,2022-02-27
2488,Customer_2488,35,Female,Ahmedabad,Gujarat,1218813,Combination,2022-04-24
2489,Customer_2489,26,Male,Indore,Madhya Pradesh,980621,Sensitive,2024-04-24
2490,Customer_2490,27,Female,Pune,Maharashtra,1503950,Oily,2023-07-30
2491,Customer_2491,46,Male,Hyderabad,Telangana,987534,Normal,2023-07-14
2492,Customer_2492,53,Female,Delhi,Delhi,1746133,Dry,2022-05-24
2493,Customer_2493,38,Female,Hyderabad,Telangana,1234995,Oily,2022-07-08
2494,Customer_2494,47,Male,Ahmedabad,Gujarat,1266375,Combination,2022-12-08
2495,Customer_2495,34,Female,Mumbai,Maharashtra,1565876,Dry,2022-05-24
2496,Customer_2496,59,Female,Hyderabad,Telangana,1196177,Sensitive,2024-04-05
2497,Customer_2497,21,Male,Indore,Madhya Pradesh,1374290,Combination,2022-01-17
2498,Customer_2498,45,Male,Chandigarh,Chandigarh,1357408,Combination,2024-03-20
2499,Customer_2499,49,Female,Lucknow,Uttar Pradesh,1505475,Combination,2023-10-12
2500,Customer_2500,22,Male,Hyderabad,Telangana,1470820,Dry,2023-06-29
2501,Customer_2501,50,Male,Pune,Maharashtra,1503608,Sensitive,2023-09-17
2502,Customer_2502,22,Female,Mumbai,Maharashtra,880627,Sensitive,2023-04-08
2503,Customer_2503,59,Female,Pune,Maharashtra,453146,Oily,2023-10-26
2504,Customer_2504,39,Female,Chandigarh,Chandigarh,1406696,Sensitive,2022-01-22
2505,Customer_2505,54,Female,Jaipur,Rajasthan,313325,Normal,2024-04-28
2506,Customer_2506,19,Male,Jaipur,Rajasthan,772341,Combination,2023-03-14
2507,Customer_2507,34,Male,Pune,Maharashtra,1525526,Combination,2023-06-30
2508,Customer_2508,59,Male,Indore,Madhya Pradesh,1504684,Combination,2024-01-03
2509,Customer_2509,27,Male,Chandigarh,Chandigarh,610973,Oily,2022-11-12
2510,Customer_2510,24,Male,Pune,Maharashtra,1418667,Normal,2024-05-14
2511,Customer_2511,26,Female,Bengaluru,Karnataka,445263,Combination,2024-06-10
2512,Customer_2512,32,Male,Ahmedabad,Gujarat,722998,Combination,2022-06-17
2513,Customer_2513,35,Male,Jaipur,Rajasthan,755576,Combination,2022-01-28
2514,Customer_2514,46,Male,Pune,Maharashtra,1086670,Dry,2023-03-31
2515,Customer_2515,42,Male,Mumbai,Maharashtra,1237033,Sensitive,2023-02-13
2516,Customer_2516,31,Female,Mumbai,Maharashtra,1537775,Dry,2022-04-06
2517,Customer_2517,50,Male,Pune,Maharashtra,641590,Oily,2022-05-04
2518,Customer_2518,56,Female,Indore,Madhya Pradesh,964544,Sensitive,2022-07-15
2519,Customer_2519,23,Female,Mumbai,Maharashtra,1302394,Combination,2023-06-05
2520,Customer_2520,47,Male,Hyderabad,Telangana,315216,Sensitive,2024-04-02
2521,Customer_2521,43,Male,Jaipur,Rajasthan,1043820,Combination,2022-11-14
2522,Customer_2522,45,Female,Hyderabad,Telangana,781000,Dry,2023-10-29
2523,Customer_2523,48,Male,Jaipur,Rajasthan,876121,Combination,2022-02-16
2524,Customer_2524,33,Male,Pune,Maharashtra,1484008,Dry,2022-05-12
2525,Customer_2525,27,Male,Lucknow,Uttar Pradesh,1757667,Sensitive,2024-02-20
2526,Customer_2526,21,Male,Bengaluru,Karnataka,1686117,Combination,2023-01-16
2527,Customer_2527,44,Male,Chandigarh,Chandigarh,1179208,Oily,2022-06-28
2528,Customer_2528,27,Male,Lucknow,Uttar Pradesh,1065603,Dry,2024-03-16
2529,Customer_2529,19,Female,Pune,Maharashtra,727980,Combination,2023-02-18
2530,Customer_2530,34,Female,Ahmedabad,Gujarat,359723,Dry,2022-12-06
2531,Customer_2531,48,Male,Bengaluru,Karnataka,602704,Sensitive,2022-02-17
2532,Customer_2532,42,Male,Lucknow,Uttar Pradesh,631711,Dry,2022-01-16
2533,Customer_2533,32,Male,Ahmedabad,Gujarat,1180558,Dry,2022-04-26
2534,Customer_2534,47,Female,Indore,Madhya Pradesh,1425598,Sensitive,2022-05-18
2535,Customer_2535,58,Male,Chandigarh,Chandigarh,953117,Sensitive,2023-04-26
2536,Customer_2536,26,Female,Delhi,Delhi,1676516,Normal,2023-01-10
2537,Customer_2537,60,Male,Chandigarh,Chandigarh,1301997,Sensitive,2024-02-06
2538,Customer_2538,30,Male,Chandigarh,Chandigarh,759928,Normal,2022-05-13
2539,Customer_2539,32,Male,Pune,Maharashtra,498787,Sensitive,2022-10-17
2540,Customer_2540,24,Male,Chandigarh,Chandigarh,774424,Combination,2022-07-09
2541,Customer_2541,39,Female,Delhi,Delhi,1701644,Normal,2023-06-17
2542,Customer_2542,54,Female,Lucknow,Uttar Pradesh,576209,Combination,2023-03-09
2543,Customer_2543,60,Male,Ahmedabad,Gujarat,1515023,Dry,2024-02-05
2544,Customer_2544,58,Male,Jaipur,Rajasthan,715018,Oily,2022-01-15
2545,Customer_2545,58,Male,Pune,Maharashtra,798764,Oily,2023-02-11
2546,Customer_2546,18,Female,Ahmedabad,Gujarat,1314696,Combination,2022-07-12
2547,Customer_2547,43,Female,Chandigarh,Chandigarh,750544,Sensitive,2023-09-29
2548,Customer_2548,52,Female,Delhi,Delhi,547084,Combination,2023-11-03
2549,Customer_2549,39,Female,Lucknow,Uttar Pradesh,690740,Combination,2022-12-16
2550,Customer_2550,53,Female,Indore,Madhya Pradesh,1690932,Dry,2023-11-16
2551,Customer_2551,51,Female,Ahmedabad,Gujarat,432367,Combination,2023-03-13
2552,Customer_2552,52,Male,Bengaluru,Karnataka,498356,Oily,2023-04-14
2553,Customer_2553,25,Female,Hyderabad,Telangana,564868,Combination,2022-11-11
2554,Customer_2554,45,Male,Indore,Madhya Pradesh,1358482,Oily,2023-02-12
2555,Customer_2555,30,Male,Lucknow,Uttar Pradesh,1727267,Oily,2024-03-05
2556,Customer_2556,30,Female,Bengaluru,Karnataka,1402210,Normal,2024-03-09
2557,Customer_2557,54,Male,Pune,Maharashtra,1418109,Combination,2023-07-07
2558,Customer_2558,51,Male,Mumbai,Maharashtra,1085324,Oily,2022-04-13
2559,Customer_2559,58,Male,Pune,Maharashtra,618874,Normal,2023-09-17
2560,Customer_2560,30,Female,Jaipur,Rajasthan,402576,Sensitive,2022-10-31
2561,Customer_2561,51,Female,Jaipur,Rajasthan,1299389,Sensitive,2022-11-26
2562,Customer_2562,37,Male,Pune,Maharashtra,457014,Combination,2023-12-27
2563,Customer_2563,60,Female,Lucknow,Uttar Pradesh,737790,Normal,2023-09-01
2564,Customer_2564,21,Female,Hyderabad,Telangana,594237,Oily,2023-05-08
2565,Customer_2565,33,Female,Pune,Maharashtra,634376,Sensitive,2023-02-05
2566,Customer_2566,30,Male,Chandigarh,Chandigarh,1034857,Dry,2022-08-20
2567,Customer_2567,26,Female,Delhi,Delhi,558938,Normal,2023-11-20
2568,Customer_2568,31,Female,Pune,Maharashtra,598652,Combination,2024-02-18
2569,Customer_2569,18,Male,Ahmedabad,Gujarat,1391819,Combination,2023-06-21
2570,Customer_2570,58,Female,Hyderabad,Telangana,786919,Sensitive,2022-11-02
2571,Customer_2571,52,Female,Hyderabad,Telangana,622283,Dry,2024-02-12
2572,Customer_2572,35,Male,Ahmedabad,Gujarat,1100067,Combination,2022-04-26
2573,Customer_2573,45,Male,Indore,Madhya Pradesh,1788476,Sensitive,2024-02-16
2574,Customer_2574,32,Male,Delhi,Delhi,485750,Normal,2023-09-06
2575,Customer_2575,33,Female,Ahmedabad,Gujarat,1771359,Sensitive,2023-03-08
2576,Customer_2576,58,Male,Bengaluru,Karnataka,887629,Combination,2022-09-15
2577,Customer_2577,39,Female,Lucknow,Uttar Pradesh,1698755,Combination,2023-01-01
2578,Customer_2578,18,Male,Hyderabad,Telangana,1795469,Sensitive,2022-09-06
2579,Customer_2579,49,Male,Chandigarh,Chandigarh,1539593,Sensitive,2023-11-13
2580,Customer_2580,24,Female,Delhi,Delhi,1475811,Normal,2024-05-07
2581,Customer_2581,42,Female,Chandigarh,Chandigarh,388292,Normal,2022-04-21
2582,Customer_2582,59,Male,Chandigarh,Chandigarh,1507174,Dry,2022-05-01
2583,Customer_2583,41,Female,Mumbai,Maharashtra,1125743,Dry,2022-12-22
2584,Customer_2584,47,Male,Indore,Madhya Pradesh,1136119,Sensitive,2023-11-17
2585,Customer_2585,31,Male,Bengaluru,Karnataka,350634,Combination,2022-04-12
2586,Customer_2586,44,Male,Delhi,Delhi,1257608,Combination,2023-01-03
2587,Customer_2587,40,Male,Ahmedabad,Gujarat,880140,Sensitive,2024-03-13
2588,Customer_2588,38,Female,Bengaluru,Karnataka,1766128,Combination,2024-02-27
2589,Customer_2589,31,Female,Pune,Maharashtra,1141630,Combination,2024-03-10
2590,Customer_2590,49,Male,Pune,Maharashtra,999952,Combination,2023-09-24
2591,Customer_2591,32,Female,Lucknow,Uttar Pradesh,941382,Dry,2024-01-10
2592,Customer_2592,58,Female,Hyderabad,Telangana,956249,Normal,2023-05-25
2593,Customer_2593,42,Male,Pune,Maharashtra,855075,Sensitive,2022-12-26
2594,Customer_2594,46,Female,Ahmedabad,Gujarat,633903,Oily,2022-11-27
2595,Customer_2595,25,Male,Bengaluru,Karnataka,1520221,Combination,2023-06-03
2596,Customer_2596,36,Male,Lucknow,Uttar Pradesh,1134606,Normal,2023-12-14
2597,Customer_2597,30,Male,Hyderabad,Telangana,489880,Normal,2024-06-16
2598,Customer_2598,34,Male,Jaipur,Rajasthan,1013375,Normal,2022-12-29
2599,Customer_2599,26,Female,Jaipur,Rajasthan,517319,Combination,2023-09-21
2600,Customer_2600,23,Female,Chandigarh,Chandigarh,771491,Sensitive,2024-04-25
2601,Customer_2601,33,Male,Bengaluru,Karnataka,1699893,Combination,2022-01-27
2602,Customer_2602,32,Male,Indore,Madhya Pradesh,814539,Oily,2023-03-27
2603,Customer_2603,27,Male,Mumbai,Maharashtra,922420,Oily,2022-01-22
2604,Customer_2604,48,Female,Chandigarh,Chandigarh,1169323,Normal,2023-07-19
2605,Customer_2605,30,Female,Chandigarh,Chandigarh,690191,Normal,2023-08-18
2606,Customer_2606,58,Female,Jaipur,Rajasthan,848389,Combination,2024-04-02
2607,Customer_2607,45,Female,Delhi,Delhi,1064442,Oily,2022-11-24
2608,Customer_2608,40,Male,Lucknow,Uttar Pradesh,1753743,Oily,2022-11-26
2609,Customer_2609,52,Male,Mumbai,Maharashtra,502629,Normal,2023-12-27
2610,Customer_2610,52,Female,Indore,Madhya Pradesh,519797,Normal,2022-08-22
2611,Customer_2611,59,Male,Ahmedabad,Gujarat,1275776,Combination,2023-08-12
2612,Customer_2612,47,Female,Bengaluru,Karnataka,1342563,Normal,2023-03-23
2613,Customer_2613,28,Male,Hyderabad,Telangana,1474318,Sensitive,2023-07-27
2614,Customer_2614,40,Female,Bengaluru,Karnataka,1781237,Oily,2022-03-07
2615,Customer_2615,22,Female,Ahmedabad,Gujarat,1494859,Combination,2024-01-16
2616,Customer_2616,56,Female,Bengaluru,Karnataka,1203516,Oily,2023-02-10
2617,Customer_2617,60,Female,Mumbai,Maharashtra,949750,Normal,2023-12-15
2618,Customer_2618,39,Male,Delhi,Delhi,1495077,Normal,2023-02-21
2619,Customer_2619,52,Female,Pune,Maharashtra,314208,Normal,2022-02-24
2620,Customer_2620,55,Male,Ahmedabad,Gujarat,448925,Normal,2022-03-07
2621,Customer_2621,44,Male,Lucknow,Uttar Pradesh,708145,Oily,2023-09-08
2622,Customer_2622,29,Male,Pune,Maharashtra,1661905,Sensitive,2024-01-17
2623,Customer_2623,39,Male,Hyderabad,Telangana,497470,Sensitive,2023-08-11
2624,Customer_2624,44,Female,Jaipur,Rajasthan,1760488,Sensitive,2022-05-22
2625,Customer_2625,29,Male,Ahmedabad,Gujarat,952624,Combination,2022-07-01
2626,Customer_2626,34,Female,Jaipur,Rajasthan,490284,Oily,2022-09-24
2627,Customer_2627,30,Male,Jaipur,Rajasthan,1036521,Dry,2022-12-14
2628,Customer_2628,24,Female,Indore,Madhya Pradesh,342783,Normal,2022-03-04
2629,Customer_2629,21,Female,Lucknow,Uttar Pradesh,500257,Oily,2022-01-02
2630,Customer_2630,18,Male,Lucknow,Uttar Pradesh,985474,Sensitive,2022-11-10
2631,Customer_2631,54,Female,Bengaluru,Karnataka,445519,Oily,2022-07-13
2632,Customer_2632,49,Male,Chandigarh,Chandigarh,1422425,Oily,2022-12-20
2633,Customer_2633,27,Female,Hyderabad,Telangana,1503733,Oily,2023-03-28
2634,Customer_2634,50,Male,Pune,Maharashtra,1233455,Dry,2023-09-30
2635,Customer_2635,52,Male,Bengaluru,Karnataka,953609,Combination,2022-04-21
2636,Customer_2636,29,Male,Ahmedabad,Gujarat,509131,Sensitive,2022-07-17
2637,Customer_2637,27,Female,Chandigarh,Chandigarh,1253505,Normal,2024-05-01
2638,Customer_2638,46,Male,Jaipur,Rajasthan,1702376,Normal,2022-03-09
2639,Customer_2639,33,Female,Ahmedabad,Gujarat,596498,Oily,2024-04-17
2640,Customer_2640,30,Female,Indore,Madhya Pradesh,387221,Combination,2022-03-02
2641,Customer_2641,60,Male,Indore,Madhya Pradesh,1390191,Dry,2023-11-11
2642,Customer_2642,51,Female,Ahmedabad,Gujarat,1445844,Oily,2022-10-17
2643,Customer_2643,26,Female,Ahmedabad,Gujarat,715323,Combination,2023-10-04
2644,Customer_2644,43,Female,Jaipur,Rajasthan,1090766,Dry,2023-05-18
2645,Customer_2645,49,Male,Bengaluru,Karnataka,974264,Normal,2023-05-11
2646,Customer_2646,42,Female,Chandigarh,Chandigarh,1343573,Combination,2024-02-29
2647,Customer_2647,51,Male,Bengaluru,Karnataka,694430,Dry,2022-11-11
2648,Customer_2648,54,Male,Chandigarh,Chandigarh,1644132,Combination,2024-01-27
2649,Customer_2649,52,Male,Bengaluru,Karnataka,399001,Combination,2023-01-30
2650,Customer_2650,40,Male,Mumbai,Maharashtra,1734798,Sensitive,2024-01-27
2651,Customer_2651,51,Male,Lucknow,Uttar Pradesh,1366916,Combination,2023-11-29
2652,Customer_2652,31,Male,Bengaluru,Karnataka,1258888,Oily,2022-08-15
2653,Customer_2653,22,Male,Ahmedabad,Gujarat,1338667,Oily,2023-08-08
2654,Customer_2654,18,Male,Chandigarh,Chandigarh,1100039,Oily,2023-12-07
2655,Customer_2655,36,Male,Hyderabad,Telangana,804128,Combination,2022-07-01
2656,Customer_2656,32,Female,Jaipur,Rajasthan,1142968,Dry,2022-06-09
2657,Customer_2657,56,Male,Pune,Maharashtra,1603933,Combination,2023-03-09
2658,Customer_2658,58,Female,Chandigarh,Chandigarh,729656,Combination,2023-02-24
2659,Customer_2659,44,Female,Bengaluru,Karnataka,1090902,Combination,2024-05-12
2660,Customer_2660,49,Female,Mumbai,Maharashtra,1558563,Dry,2023-10-04
2661,Customer_2661,20,Female,Jaipur,Rajasthan,570298,Oily,2022-03-14
2662,Customer_2662,25,Male,Hyderabad,Telangana,1324535,Dry,2022-07-07
2663,Customer_2663,38,Male,Lucknow,Uttar Pradesh,837917,Sensitive,2022-10-19
2664,Customer_2664,36,Female,Lucknow,Uttar Pradesh,1495603,Combination,2022-04-22
2665,Customer_2665,43,Male,Hyderabad,Telangana,481410,Normal,2024-05-16
2666,Customer_2666,30,Male,Indore,Madhya Pradesh,1386797,Dry,2023-04-26
2667,Customer_2667,24,Male,Indore,Madhya Pradesh,779503,Dry,2024-05-03
2668,Customer_2668,29,Male,Jaipur,Rajasthan,1754619,Dry,2022-09-05
2669,Customer_2669,57,Female,Jaipur,Rajasthan,1218780,Oily,2023-03-29
2670,Customer_2670,20,Male,Chandigarh,Chandigarh,741306,Combination,2022-02-14
2671,Customer_2671,18,Male,Chandigarh,Chandigarh,1015857,Combination,2022-06-29
2672,Customer_2672,47,Male,Ahmedabad,Gujarat,1650849,Dry,2023-02-05
2673,Customer_2673,27,Female,Jaipur,Rajasthan,1360308,Dry,2022-08-19
2674,Customer_2674,58,Male,Pune,Maharashtra,1004409,Sensitive,2022-01-26
2675,Customer_2675,22,Male,Indore,Madhya Pradesh,1561772,Normal,2022-10-22
2676,Customer_2676,28,Male,Lucknow,Uttar Pradesh,1447400,Combination,2022-02-28
2677,Customer_2677,22,Female,Hyderabad,Telangana,1386423,Normal,2022-01-18
2678,Customer_2678,28,Female,Chandigarh,Chandigarh,1076726,Dry,2022-05-27
2679,Customer_2679,32,Male,Hyderabad,Telangana,1099462,Dry,2023-07-31
2680,Customer_2680,42,Male,Bengaluru,Karnataka,770848,Dry,2023-08-01
2681,Customer_2681,22,Male,Lucknow,Uttar Pradesh,1660763,Sensitive,2023-08-09
2682,Customer_2682,36,Female,Jaipur,Rajasthan,1243028,Oily,2023-12-01
2683,Customer_2683,57,Female,Indore,Madhya Pradesh,1023824,Sensitive,2023-05-06
2684,Customer_2684,47,Female,Pune,Maharashtra,769426,Oily,2022-10-21
2685,Customer_2685,42,Female,Pune,Maharashtra,636208,Combination,2024-01-28
2686,Customer_2686,45,Female,Bengaluru,Karnataka,601955,Dry,2023-04-16
2687,Customer_2687,52,Male,Jaipur,Rajasthan,1143539,Oily,2024-05-10
2688,Customer_2688,31,Female,Ahmedabad,Gujarat,1183195,Sensitive,2023-04-17
2689,Customer_2689,46,Female,Indore,Madhya Pradesh,1272065,Combination,2022-12-12
2690,Customer_2690,60,Female,Ahmedabad,Gujarat,579161,Normal,2022-07-30
2691,Customer_2691,31,Male,Mumbai,Maharashtra,1491993,Oily,2024-06-13
2692,Customer_2692,41,Female,Chandigarh,Chandigarh,1449670,Sensitive,2023-01-19
2693,Customer_2693,31,Female,Delhi,Delhi,596393,Sensitive,2022-04-22
2694,Customer_2694,59,Female,Lucknow,Uttar Pradesh,929817,Normal,2023-02-27
2695,Customer_2695,30,Male,Bengaluru,Karnataka,1008172,Normal,2022-06-10
2696,Customer_2696,51,Female,Jaipur,Rajasthan,678148,Sensitive,2022-01-25
2697,Customer_2697,42,Male,Mumbai,Maharashtra,873193,Normal,2024-02-27
2698,Customer_2698,59,Female,Pune,Maharashtra,1506007,Oily,2022-06-04
2699,Customer_2699,38,Female,Jaipur,Rajasthan,815267,Oily,2024-02-20
2700,Customer_2700,38,Male,Indore,Madhya Pradesh,1718071,Dry,2024-03-16
2701,Customer_2701,23,Male,Hyderabad,Telangana,318179,Dry,2022-12-06
2702,Customer_2702,38,Female,Hyderabad,Telangana,725736,Oily,2022-08-07
2703,Customer_2703,22,Female,Delhi,Delhi,1607011,Combination,2023-08-21
2704,Customer_2704,48,Female,Indore,Madhya Pradesh,1775562,Oily,2022-10-24
2705,Customer_2705,24,Male,Delhi,Delhi,618802,Oily,2023-03-02
2706,Customer_2706,52,Female,Hyderabad,Telangana,631938,Normal,2023-07-20
2707,Customer_2707,35,Male,Indore,Madhya Pradesh,537734,Oily,2023-04-01
2708,Customer_2708,20,Male,Hyderabad,Telangana,1098908,Sensitive,2023-01-24
2709,Customer_2709,28,Male,Indore,Madhya Pradesh,1529298,Combination,2023-03-28
2710,Customer_2710,54,Male,Chandigarh,Chandigarh,1238126,Dry,2023-05-19
2711,Customer_2711,40,Female,Chandigarh,Chandigarh,478279,Combination,2022-03-12
2712,Customer_2712,26,Female,Pune,Maharashtra,1720554,Sensitive,2022-06-03
2713,Customer_2713,60,Male,Hyderabad,Telangana,1630061,Combination,2022-10-27
2714,Customer_2714,40,Female,Hyderabad,Telangana,333461,Normal,2023-08-28
2715,Customer_2715,28,Female,Jaipur,Rajasthan,829983,Oily,2023-06-10
2716,Customer_2716,51,Male,Delhi,Delhi,1326784,Combination,2022-06-20
2717,Customer_2717,59,Male,Bengaluru,Karnataka,1769086,Combination,2022-09-27
2718,Customer_2718,45,Female,Indore,Madhya Pradesh,384841,Combination,2024-02-07
2719,Customer_2719,60,Male,Indore,Madhya Pradesh,998181,Normal,2022-02-02
2720,Customer_2720,57,Male,Pune,Maharashtra,1503036,Dry,2022-11-06
2721,Customer_2721,30,Female,Jaipur,Rajasthan,1096953,Sensitive,2022-02-06
2722,Customer_2722,42,Female,Delhi,Delhi,1069222,Normal,2024-05-24
2723,Customer_2723,44,Female,Jaipur,Rajasthan,577537,Combination,2024-01-07
2724,Customer_2724,53,Male,Delhi,Delhi,1325151,Combination,2022-10-01
2725,Customer_2725,46,Male,Hyderabad,Telangana,1697170,Combination,2024-06-01
2726,Customer_2726,25,Male,Lucknow,Uttar Pradesh,569538,Dry,2022-09-06
2727,Customer_2727,29,Female,Hyderabad,Telangana,436229,Oily,2023-08-09
2728,Customer_2728,23,Male,Mumbai,Maharashtra,320227,Dry,2024-01-25
2729,Customer_2729,57,Male,Ahmedabad,Gujarat,627666,Normal,2023-10-04
2730,Customer_2730,58,Female,Indore,Madhya Pradesh,1694476,Dry,2023-09-20
2731,Customer_2731,21,Male,Hyderabad,Telangana,718426,Dry,2022-07-10
2732,Customer_2732,23,Male,Hyderabad,Telangana,1208002,Oily,2022-08-04
2733,Customer_2733,23,Female,Bengaluru,Karnataka,971937,Normal,2022-07-17
2734,Customer_2734,30,Female,Indore,Madhya Pradesh,1569737,Oily,2023-04-26
2735,Customer_2735,55,Male,Delhi,Delhi,1228024,Oily,2023-06-04
2736,Customer_2736,23,Male,Bengaluru,Karnataka,714649,Combination,2022-05-28
2737,Customer_2737,54,Male,Lucknow,Uttar Pradesh,1767937,Dry,2023-12-21
2738,Customer_2738,30,Male,Hyderabad,Telangana,974036,Oily,2022-06-16
2739,Customer_2739,58,Female,Jaipur,Rajasthan,1561550,Sensitive,2023-06-03
2740,Customer_2740,31,Female,Delhi,Delhi,826279,Combination,2024-01-24
2741,Customer_2741,51,Male,Mumbai,Maharashtra,1673303,Combination,2022-10-16
2742,Customer_2742,22,Male,Pune,Maharashtra,431665,Sensitive,2022-12-19
2743,Customer_2743,57,Female,Bengaluru,Karnataka,467670,Sensitive,2022-01-13
2744,Customer_2744,38,Female,Hyderabad,Telangana,1763971,Normal,2023-11-26
2745,Customer_2745,54,Female,Hyderabad,Telangana,969125,Sensitive,2023-01-02
2746,Customer_2746,41,Female,Indore,Madhya Pradesh,929663,Sensitive,2022-11-17
2747,Customer_2747,30,Male,Lucknow,Uttar Pradesh,1531508,Oily,2022-02-13
2748,Customer_2748,44,Female,Ahmedabad,Gujarat,1268129,Combination,2024-03-26
2749,Customer_2749,47,Female,Jaipur,Rajasthan,1248282,Oily,2022-05-26
2750,Customer_2750,44,Male,Jaipur,Rajasthan,592410,Combination,2023-01-26
2751,Customer_2751,43,Female,Pune,Maharashtra,329255,Sensitive,2024-03-21
2752,Customer_2752,27,Male,Pune,Maharashtra,755068,Dry,2022-01-17
2753,Customer_2753,48,Male,Jaipur,Rajasthan,868097,Combination,2022-07-22
2754,Customer_2754,49,Female,Bengaluru,Karnataka,632013,Combination,2024-04-29
2755,Customer_2755,35,Male,Lucknow,Uttar Pradesh,698345,Sensitive,2023-09-14
2756,Customer_2756,45,Female,Indore,Madhya Pradesh,635168,Sensitive,2023-11-13
2757,Customer_2757,40,Male,Bengaluru,Karnataka,440312,Combination,2023-12-24
2758,Customer_2758,56,Female,Indore,Madhya Pradesh,596700,Oily,2023-06-16
2759,Customer_2759,31,Female,Indore,Madhya Pradesh,1328667,Dry,2022-11-12
2760,Customer_2760,39,Female,Pune,Maharashtra,1734572,Normal,2023-03-16
2761,Customer_2761,25,Male,Chandigarh,Chandigarh,1410728,Combination,2022-12-16
2762,Customer_2762,26,Female,Ahmedabad,Gujarat,1485578,Sensitive,2022-03-06
2763,Customer_2763,46,Female,Bengaluru,Karnataka,1174513,Oily,2022-08-03
2764,Customer_2764,32,Female,Ahmedabad,Gujarat,1629324,Sensitive,2024-03-16
2765,Customer_2765,53,Female,Delhi,Delhi,1510517,Combination,2023-12-17
2766,Customer_2766,26,Female,Mumbai,Maharashtra,1626829,Normal,2022-08-23
2767,Customer_2767,57,Male,Chandigarh,Chandigarh,822398,Sensitive,2023-07-31
2768,Customer_2768,19,Female,Indore,Madhya Pradesh,1371561,Dry,2023-01-29
2769,Customer_2769,57,Female,Pune,Maharashtra,470514,Normal,2023-05-18
2770,Customer_2770,56,Female,Indore,Madhya Pradesh,440352,Sensitive,2023-02-03
2771,Customer_2771,35,Male,Mumbai,Maharashtra,1062907,Dry,2023-05-01
2772,Customer_2772,32,Male,Mumbai,Maharashtra,986218,Combination,2024-04-24
2773,Customer_2773,48,Male,Chandigarh,Chandigarh,872014,Combination,2023-05-12
2774,Customer_2774,56,Male,Ahmedabad,Gujarat,1654427,Oily,2023-09-04
2775,Customer_2775,25,Female,Chandigarh,Chandigarh,427009,Oily,2023-06-21
2776,Customer_2776,36,Male,Lucknow,Uttar Pradesh,1088547,Sensitive,2023-12-19
2777,Customer_2777,37,Female,Bengaluru,Karnataka,728322,Oily,2022-10-31
2778,Customer_2778,19,Female,Bengaluru,Karnataka,465066,Combination,2023-04-22
2779,Customer_2779,46,Female,Pune,Maharashtra,1464473,Oily,2023-09-01
2780,Customer_2780,38,Male,Indore,Madhya Pradesh,873680,Sensitive,2022-10-10
2781,Customer_2781,56,Female,Mumbai,Maharashtra,897190,Oily,2023-08-24
2782,Customer_2782,38,Male,Pune,Maharashtra,559868,Dry,2024-06-07
2783,Customer_2783,53,Female,Ahmedabad,Gujarat,1073475,Oily,2022-11-19
2784,Customer_2784,53,Male,Jaipur,Rajasthan,1618878,Sensitive,2023-10-24
2785,Customer_2785,43,Male,Ahmedabad,Gujarat,984951,Normal,2024-05-06
2786,Customer_2786,59,Female,Bengaluru,Karnataka,979506,Normal,2024-02-14
2787,Customer_2787,20,Male,Chandigarh,Chandigarh,1796662,Oily,2023-05-24
2788,Customer_2788,22,Male,Hyderabad,Telangana,617865,Dry,2023-06-20
2789,Customer_2789,33,Male,Pune,Maharashtra,1055639,Combination,2022-12-13
2790,Customer_2790,44,Female,Hyderabad,Telangana,445912,Sensitive,2023-02-15
2791,Customer_2791,21,Female,Lucknow,Uttar Pradesh,1645991,Sensitive,2023-12-13
2792,Customer_2792,53,Male,Pune,Maharashtra,734644,Sensitive,2022-06-12
2793,Customer_2793,34,Male,Hyderabad,Telangana,801775,Dry,2023-10-23
2794,Customer_2794,19,Male,Lucknow,Uttar Pradesh,1648264,Oily,2023-05-06
2795,Customer_2795,20,Male,Bengaluru,Karnataka,787935,Oily,2024-06-10
2796,Customer_2796,50,Female,Pune,Maharashtra,977275,Sensitive,2024-02-14
2797,Customer_2797,19,Female,Jaipur,Rajasthan,1332275,Dry,2023-11-17
2798,Customer_2798,53,Male,Jaipur,Rajasthan,384158,Oily,2023-08-27
2799,Customer_2799,31,Male,Bengaluru,Karnataka,1522092,Sensitive,2022-01-08
2800,Customer_2800,23,Female,Ahmedabad,Gujarat,1367762,Oily,2023-02-11
2801,Customer_2801,27,Male,Mumbai,Maharashtra,1616339,Normal,2022-10-16
2802,Customer_2802,53,Female,Delhi,Delhi,1371392,Sensitive,2022-06-13
2803,Customer_2803,56,Female,Mumbai,Maharashtra,1001467,Oily,2022-12-01
2804,Customer_2804,43,Male,Delhi,Delhi,1664119,Combination,2023-04-08
2805,Customer_2805,46,Female,Bengaluru,Karnataka,729056,Oily,2022-04-26
2806,Customer_2806,42,Male,Bengaluru,Karnataka,731139,Oily,2024-02-17
2807,Customer_2807,37,Male,Chandigarh,Chandigarh,1544152,Combination,2023-01-05
2808,Customer_2808,21,Male,Indore,Madhya Pradesh,1488763,Combination,2022-08-11
2809,Customer_2809,19,Female,Lucknow,Uttar Pradesh,325921,Oily,2024-04-29
2810,Customer_2810,39,Male,Pune,Maharashtra,1347721,Sensitive,2024-01-08
2811,Customer_2811,47,Female,Ahmedabad,Gujarat,1562093,Oily,2023-05-19
2812,Customer_2812,53,Female,Indore,Madhya Pradesh,1698851,Oily,2022-03-21
2813,Customer_2813,24,Male,Chandigarh,Chandigarh,365431,Normal,2022-02-21
2814,Customer_2814,35,Male,Bengaluru,Karnataka,936373,Sensitive,2023-01-26
2815,Customer_2815,28,Male,Chandigarh,Chandigarh,412276,Combination,2022-08-09
2816,Customer_2816,45,Female,Mumbai,Maharashtra,459592,Combination,2023-03-04
2817,Customer_2817,37,Male,Bengaluru,Karnataka,551818,Combination,2022-05-26
2818,Customer_2818,47,Male,Delhi,Delhi,552339,Dry,2023-05-03
2819,Customer_2819,18,Male,Pune,Maharashtra,480554,Oily,2023-04-12
2820,Customer_2820,53,Female,Chandigarh,Chandigarh,866371,Dry,2023-12-21
2821,Customer_2821,48,Male,Chandigarh,Chandigarh,1750812,Oily,2022-08-09
2822,Customer_2822,43,Female,Hyderabad,Telangana,362700,Dry,2023-05-25
2823,Customer_2823,47,Female,Jaipur,Rajasthan,667049,Dry,2023-08-14
2824,Customer_2824,60,Male,Bengaluru,Karnataka,888928,Combination,2024-01-07
2825,Customer_2825,30,Female,Indore,Madhya Pradesh,351197,Combination,2024-06-11
2826,Customer_2826,33,Female,Mumbai,Maharashtra,304086,Dry,2024-06-13
2827,Customer_2827,45,Female,Chandigarh,Chandigarh,785534,Dry,2022-10-21
2828,Customer_2828,23,Female,Ahmedabad,Gujarat,1256841,Sensitive,2023-07-12
2829,Customer_2829,41,Female,Pune,Maharashtra,1455581,Normal,2022-05-30
2830,Customer_2830,58,Female,Ahmedabad,Gujarat,1153544,Oily,2023-08-18
2831,Customer_2831,41,Female,Jaipur,Rajasthan,1028628,Combination,2022-06-01
2832,Customer_2832,52,Female,Indore,Madhya Pradesh,1055664,Sensitive,2022-03-30
2833,Customer_2833,34,Male,Chandigarh,Chandigarh,997940,Combination,2023-10-23
2834,Customer_2834,46,Male,Indore,Madhya Pradesh,389665,Combination,2023-06-03
2835,Customer_2835,56,Female,Pune,Maharashtra,1432904,Oily,2024-05-21
2836,Customer_2836,26,Male,Chandigarh,Chandigarh,1753776,Sensitive,2022-03-25
2837,Customer_2837,25,Male,Jaipur,Rajasthan,1389614,Dry,2023-08-13
2838,Customer_2838,34,Male,Bengaluru,Karnataka,775597,Combination,2023-05-16
2839,Customer_2839,38,Female,Hyderabad,Telangana,1450184,Sensitive,2023-06-20
2840,Customer_2840,32,Female,Jaipur,Rajasthan,1155634,Dry,2022-08-20
2841,Customer_2841,27,Male,Indore,Madhya Pradesh,301250,Normal,2024-03-30
2842,Customer_2842,49,Male,Hyderabad,Telangana,451428,Combination,2022-09-05
2843,Customer_2843,37,Male,Jaipur,Rajasthan,1436586,Dry,2024-04-14
2844,Customer_2844,19,Male,Mumbai,Maharashtra,365216,Combination,2022-05-04
2845,Customer_2845,29,Male,Mumbai,Maharashtra,440555,Combination,2023-04-09
2846,Customer_2846,45,Female,Hyderabad,Telangana,1687444,Sensitive,2022-01-11
2847,Customer_2847,37,Female,Chandigarh,Chandigarh,1113165,Combination,2022-08-02
2848,Customer_2848,45,Female,Delhi,Delhi,1632152,Normal,2023-08-31
2849,Customer_2849,49,Male,Bengaluru,Karnataka,1348565,Combination,2022-12-26
2850,Customer_2850,34,Female,Bengaluru,Karnataka,1104793,Normal,2024-02-28
2851,Customer_2851,45,Female,Hyderabad,Telangana,1736230,Sensitive,2022-01-28
2852,Customer_2852,20,Female,Jaipur,Rajasthan,482092,Sensitive,2022-09-16
2853,Customer_2853,23,Male,Lucknow,Uttar Pradesh,814619,Dry,2023-04-11
2854,Customer_2854,39,Male,Jaipur,Rajasthan,1565859,Sensitive,2022-02-05
2855,Customer_2855,37,Female,Ahmedabad,Gujarat,754149,Normal,2023-02-25
2856,Customer_2856,18,Male,Hyderabad,Telangana,1544510,Dry,2023-06-03
2857,Customer_2857,22,Male,Indore,Madhya Pradesh,1271358,Combination,2023-12-15
2858,Customer_2858,42,Male,Chandigarh,Chandigarh,831007,Normal,2022-05-01
2859,Customer_2859,49,Male,Lucknow,Uttar Pradesh,1247337,Combination,2024-05-24
2860,Customer_2860,20,Female,Pune,Maharashtra,1560640,Combination,2023-03-13
2861,Customer_2861,27,Male,Hyderabad,Telangana,717591,Sensitive,2023-05-13
2862,Customer_2862,18,Female,Mumbai,Maharashtra,1671267,Oily,2024-03-02
2863,Customer_2863,20,Female,Jaipur,Rajasthan,683103,Oily,2022-12-15
2864,Customer_2864,49,Male,Chandigarh,Chandigarh,1797005,Sensitive,2024-04-07
2865,Customer_2865,24,Male,Hyderabad,Telangana,591934,Oily,2024-01-29
2866,Customer_2866,54,Male,Chandigarh,Chandigarh,1218756,Sensitive,2023-01-11
2867,Customer_2867,19,Female,Jaipur,Rajasthan,1631339,Normal,2022-04-19
2868,Customer_2868,48,Male,Jaipur,Rajasthan,884900,Sensitive,2023-07-25
2869,Customer_2869,22,Male,Jaipur,Rajasthan,482961,Combination,2024-06-17
2870,Customer_2870,48,Female,Ahmedabad,Gujarat,1363494,Oily,2024-06-15
2871,Customer_2871,25,Male,Pune,Maharashtra,639728,Dry,2023-08-08
2872,Customer_2872,60,Male,Pune,Maharashtra,1235543,Normal,2023-01-18
2873,Customer_2873,34,Female,Lucknow,Uttar Pradesh,440129,Oily,2023-08-20
2874,Customer_2874,25,Male,Jaipur,Rajasthan,787059,Oily,2022-05-31
2875,Customer_2875,26,Female,Delhi,Delhi,323474,Combination,2022-03-03
2876,Customer_2876,18,Male,Lucknow,Uttar Pradesh,1400088,Combination,2023-08-23
2877,Customer_2877,18,Female,Lucknow,Uttar Pradesh,587439,Combination,2022-09-07
2878,Customer_2878,31,Male,Indore,Madhya Pradesh,1692585,Sensitive,2023-05-05
2879,Customer_2879,31,Male,Indore,Madhya Pradesh,661586,Sensitive,2023-07-21
2880,Customer_2880,22,Male,Lucknow,Uttar Pradesh,1698973,Oily,2024-05-28
2881,Customer_2881,27,Male,Lucknow,Uttar Pradesh,1301785,Normal,2022-03-16
2882,Customer_2882,28,Male,Chandigarh,Chandigarh,1614790,Sensitive,2024-05-09
2883,Customer_2883,32,Female,Ahmedabad,Gujarat,1152264,Dry,2024-02-10
2884,Customer_2884,20,Female,Jaipur,Rajasthan,1127596,Dry,2022-07-17
2885,Customer_2885,43,Female,Ahmedabad,Gujarat,1571789,Oily,2024-02-06
2886,Customer_2886,48,Female,Pune,Maharashtra,1654846,Oily,2022-09-05
2887,Customer_2887,51,Female,Chandigarh,Chandigarh,1342564,Dry,2023-03-20
2888,Customer_2888,19,Female,Chandigarh,Chandigarh,439112,Normal,2022-03-28
2889,Customer_2889,59,Male,Pune,Maharashtra,1074941,Combination,2023-02-07
2890,Customer_2890,47,Female,Delhi,Delhi,936479,Normal,2023-09-12
2891,Customer_2891,37,Female,Ahmedabad,Gujarat,1372567,Sensitive,2023-01-31
2892,Customer_2892,53,Male,Chandigarh,Chandigarh,1284252,Combination,2022-04-04
2893,Customer_2893,39,Male,Indore,Madhya Pradesh,827628,Combination,2022-10-05
2894,Customer_2894,56,Male,Delhi,Delhi,956516,Combination,2022-09-03
2895,Customer_2895,30,Female,Chandigarh,Chandigarh,942457,Oily,2024-04-25
2896,Customer_2896,51,Female,Ahmedabad,Gujarat,884103,Combination,2023-09-05
2897,Customer_2897,60,Male,Jaipur,Rajasthan,1585666,Oily,2024-04-01
2898,Customer_2898,30,Female,Delhi,Delhi,1794474,Normal,2023-07-21
2899,Customer_2899,31,Female,Ahmedabad,Gujarat,1520016,Normal,2022-06-27
2900,Customer_2900,36,Male,Hyderabad,Telangana,731455,Normal,2024-03-19
2901,Customer_2901,29,Female,Ahmedabad,Gujarat,1086429,Oily,2023-02-06
2902,Customer_2902,35,Female,Indore,Madhya Pradesh,1427027,Combination,2022-05-30
2903,Customer_2903,56,Male,Delhi,Delhi,829605,Dry,2023-01-21
2904,Customer_2904,43,Male,Lucknow,Uttar Pradesh,439557,Oily,2024-04-11
2905,Customer_2905,49,Female,Delhi,Delhi,1454784,Normal,2024-04-20
2906,Customer_2906,50,Female,Delhi,Delhi,717731,Combination,2022-02-22
2907,Customer_2907,58,Female,Jaipur,Rajasthan,1548375,Dry,2023-05-03
2908,Customer_2908,42,Female,Jaipur,Rajasthan,550493,Oily,2022-07-05
2909,Customer_2909,41,Male,Hyderabad,Telangana,386055,Dry,2022-10-12
2910,Customer_2910,53,Female,Hyderabad,Telangana,567223,Dry,2024-01-31
2911,Customer_2911,31,Male,Jaipur,Rajasthan,1684743,Normal,2022-03-03
2912,Customer_2912,25,Female,Bengaluru,Karnataka,1609377,Combination,2022-10-19
2913,Customer_2913,33,Male,Jaipur,Rajasthan,762291,Normal,2023-09-11
2914,Customer_2914,35,Female,Chandigarh,Chandigarh,795687,Oily,2022-01-24
2915,Customer_2915,55,Female,Lucknow,Uttar Pradesh,761105,Oily,2024-04-05
2916,Customer_2916,31,Male,Jaipur,Rajasthan,636374,Dry,2023-08-08
2917,Customer_2917,35,Female,Chandigarh,Chandigarh,561228,Dry,2022-09-10
2918,Customer_2918,32,Male,Jaipur,Rajasthan,1263655,Normal,2022-06-19
2919,Customer_2919,32,Female,Pune,Maharashtra,525206,Dry,2022-09-02
2920,Customer_2920,45,Female,Delhi,Delhi,1235676,Oily,2022-08-26
2921,Customer_2921,23,Female,Hyderabad,Telangana,1794063,Sensitive,2023-03-30
2922,Customer_2922,42,Female,Pune,Maharashtra,348290,Normal,2024-02-23
2923,Customer_2923,31,Female,Delhi,Delhi,1215722,Normal,2022-12-17
2924,Customer_2924,19,Female,Ahmedabad,Gujarat,1364429,Normal,2023-02-02
2925,Customer_2925,56,Male,Indore,Madhya Pradesh,1082156,Oily,2023-12-22
2926,Customer_2926,56,Female,Hyderabad,Telangana,653121,Sensitive,2022-08-01
2927,Customer_2927,38,Female,Mumbai,Maharashtra,1149561,Combination,2022-09-12
2928,Customer_2928,32,Female,Delhi,Delhi,1559204,Sensitive,2022-01-25
2929,Customer_2929,33,Male,Chandigarh,Chandigarh,1248428,Dry,2023-02-03
2930,Customer_2930,40,Female,Chandigarh,Chandigarh,1098953,Dry,2023-05-18
2931,Customer_2931,46,Female,Jaipur,Rajasthan,487613,Sensitive,2022-09-19
2932,Customer_2932,32,Female,Ahmedabad,Gujarat,1068804,Combination,2023-05-06
2933,Customer_2933,28,Male,Pune,Maharashtra,1527871,Normal,2023-09-06
2934,Customer_2934,30,Male,Lucknow,Uttar Pradesh,1099946,Combination,2022-02-19
2935,Customer_2935,23,Male,Mumbai,Maharashtra,493728,Normal,2023-12-14
2936,Customer_2936,21,Female,Lucknow,Uttar Pradesh,466210,Normal,2022-09-19
2937,Customer_2937,27,Female,Indore,Madhya Pradesh,597028,Sensitive,2022-10-13
2938,Customer_2938,32,Female,Pune,Maharashtra,953469,Oily,2023-06-18
2939,Customer_2939,32,Male,Hyderabad,Telangana,1602215,Dry,2023-08-10
2940,Customer_2940,36,Female,Pune,Maharashtra,1187648,Oily,2022-08-30
2941,Customer_2941,30,Male,Bengaluru,Karnataka,441310,Dry,2022-10-03
2942,Customer_2942,52,Male,Pune,Maharashtra,1270010,Normal,2024-02-19
2943,Customer_2943,29,Male,Ahmedabad,Gujarat,1419160,Oily,2022-09-09
2944,Customer_2944,38,Male,Bengaluru,Karnataka,871133,Normal,2024-04-12
2945,Customer_2945,50,Male,Bengaluru,Karnataka,1125870,Oily,2022-06-21
2946,Customer_2946,48,Male,Bengaluru,Karnataka,577434,Oily,2024-06-01
2947,Customer_2947,41,Female,Chandigarh,Chandigarh,1269734,Oily,2023-04-11
2948,Customer_2948,25,Male,Pune,Maharashtra,639920,Normal,2024-02-12
2949,Customer_2949,22,Female,Bengaluru,Karnataka,585011,Dry,2022-10-22
2950,Customer_2950,51,Female,Indore,Madhya Pradesh,1720873,Sensitive,2023-07-18
2951,Customer_2951,43,Female,Lucknow,Uttar Pradesh,1657598,Normal,2022-12-29
2952,Customer_2952,54,Female,Chandigarh,Chandigarh,827286,Normal,2023-02-22
2953,Customer_2953,50,Female,Pune,Maharashtra,564744,Dry,2022-07-31
2954,Customer_2954,56,Female,Hyderabad,Telangana,925878,Dry,2023-09-11
2955,Customer_2955,42,Female,Jaipur,Rajasthan,928134,Combination,2022-01-25
2956,Customer_2956,49,Male,Ahmedabad,Gujarat,333641,Oily,2023-03-22
2957,Customer_2957,46,Male,Pune,Maharashtra,1661201,Combination,2023-02-10
2958,Customer_2958,27,Male,Mumbai,Maharashtra,776203,Sensitive,2022-09-16
2959,Customer_2959,43,Female,Indore,Madhya Pradesh,1795039,Sensitive,2023-01-16
2960,Customer_2960,47,Male,Mumbai,Maharashtra,1171995,Dry,2022-09-09
2961,Customer_2961,58,Male,Pune,Maharashtra,919536,Combination,2022-02-24
2962,Customer_2962,47,Female,Ahmedabad,Gujarat,1670346,Sensitive,2022-03-21
2963,Customer_2963,36,Female,Chandigarh,Chandigarh,1374919,Normal,2023-05-04
2964,Customer_2964,48,Male,Bengaluru,Karnataka,1039209,Combination,2022-07-18
2965,Customer_2965,50,Male,Delhi,Delhi,323186,Dry,2022-05-30
2966,Customer_2966,35,Male,Lucknow,Uttar Pradesh,351765,Normal,2022-08-12
2967,Customer_2967,41,Male,Lucknow,Uttar Pradesh,1240276,Sensitive,2022-12-09
2968,Customer_2968,47,Female,Chandigarh,Chandigarh,1603951,Combination,2022-10-19
2969,Customer_2969,21,Male,Ahmedabad,Gujarat,1219386,Sensitive,2023-03-20
2970,Customer_2970,20,Male,Lucknow,Uttar Pradesh,621556,Sensitive,2022-12-05
2971,Customer_2971,58,Female,Indore,Madhya Pradesh,601888,Oily,2024-02-20
2972,Customer_2972,23,Female,Mumbai,Maharashtra,878310,Sensitive,2022-08-14
2973,Customer_2973,20,Female,Bengaluru,Karnataka,325406,Oily,2022-07-19
2974,Customer_2974,54,Male,Jaipur,Rajasthan,1175747,Oily,2023-03-14
2975,Customer_2975,54,Female,Lucknow,Uttar Pradesh,741693,Dry,2022-03-09
2976,Customer_2976,20,Female,Pune,Maharashtra,1312220,Dry,2022-08-13
2977,Customer_2977,28,Female,Indore,Madhya Pradesh,539572,Dry,2023-11-17
2978,Customer_2978,39,Female,Indore,Madhya Pradesh,1283409,Combination,2023-08-14
2979,Customer_2979,53,Female,Lucknow,Uttar Pradesh,1624402,Combination,2023-06-24
2980,Customer_2980,60,Female,Pune,Maharashtra,1545394,Oily,2022-08-20
2981,Customer_2981,45,Female,Bengaluru,Karnataka,870820,Combination,2023-06-06
2982,Customer_2982,49,Female,Delhi,Delhi,407555,Normal,2022-11-04
2983,Customer_2983,24,Male,Delhi,Delhi,1463948,Oily,2024-05-14
2984,Customer_2984,33,Female,Mumbai,Maharashtra,621405,Dry,2023-12-16
2985,Customer_2985,50,Female,Lucknow,Uttar Pradesh,1165379,Sensitive,2023-03-06
2986,Customer_2986,39,Female,Chandigarh,Chandigarh,470140,Oily,2022-06-16
2987,Customer_2987,48,Male,Chandigarh,Chandigarh,958415,Dry,2023-03-23
2988,Customer_2988,45,Male,Jaipur,Rajasthan,1168688,Sensitive,2022-02-01
2989,Customer_2989,41,Male,Ahmedabad,Gujarat,945938,Oily,2023-05-14
2990,Customer_2990,43,Male,Indore,Madhya Pradesh,1150012,Sensitive,2024-05-19
2991,Customer_2991,36,Male,Mumbai,Maharashtra,1580463,Oily,2022-12-11
2992,Customer_2992,56,Female,Pune,Maharashtra,1544546,Sensitive,2024-05-23
2993,Customer_2993,24,Male,Hyderabad,Telangana,472617,Dry,2022-06-03
2994,Customer_2994,45,Female,Lucknow,Uttar Pradesh,493598,Oily,2022-02-22
2995,Customer_2995,48,Male,Bengaluru,Karnataka,368544,Oily,2022-10-26
2996,Customer_2996,40,Male,Ahmedabad,Gujarat,384787,Oily,2022-11-14
2997,Customer_2997,24,Male,Ahmedabad,Gujarat,1522353,Dry,2022-02-10
2998,Customer_2998,18,Male,Chandigarh,Chandigarh,656378,Sensitive,2024-04-23
2999,Customer_2999,24,Female,Indore,Madhya Pradesh,1544387,Combination,2023-09-23
3000,Customer_3000,22,Female,Lucknow,Uttar Pradesh,590698,Dry,2023-04-19
3001,Customer_3001,34,Male,Chandigarh,Chandigarh,1649441,Normal,2022-04-09
3002,Customer_3002,56,Male,Indore,Madhya Pradesh,1745004,Combination,2022-02-02
3003,Customer_3003,39,Male,Jaipur,Rajasthan,1757329,Sensitive,2024-04-09
3004,Customer_3004,40,Female,Indore,Madhya Pradesh,915835,Sensitive,2023-03-05
3005,Customer_3005,37,Female,Mumbai,Maharashtra,741549,Oily,2023-04-18
3006,Customer_3006,27,Male,Pune,Maharashtra,466625,Dry,2023-08-25
3007,Customer_3007,27,Male,Hyderabad,Telangana,1241453,Oily,2022-06-02
3008,Customer_3008,36,Female,Hyderabad,Telangana,1742265,Combination,2023-08-17
3009,Customer_3009,48,Female,Mumbai,Maharashtra,1159581,Dry,2023-10-22
3010,Customer_3010,55,Female,Lucknow,Uttar Pradesh,1787113,Oily,2023-04-30
3011,Customer_3011,41,Male,Bengaluru,Karnataka,1119555,Oily,2022-12-20
3012,Customer_3012,21,Male,Hyderabad,Telangana,828863,Sensitive,2022-07-11
3013,Customer_3013,47,Female,Indore,Madhya Pradesh,1787177,Combination,2023-04-06
3014,Customer_3014,38,Female,Pune,Maharashtra,1680774,Combination,2024-02-09
3015,Customer_3015,29,Male,Chandigarh,Chandigarh,644308,Combination,2023-03-02
3016,Customer_3016,49,Female,Hyderabad,Telangana,610730,Dry,2022-05-24
3017,Customer_3017,50,Female,Mumbai,Maharashtra,882719,Oily,2024-01-09
3018,Customer_3018,44,Male,Pune,Maharashtra,319346,Combination,2023-12-30
3019,Customer_3019,57,Female,Ahmedabad,Gujarat,1007117,Dry,2022-04-18
3020,Customer_3020,50,Male,Indore,Madhya Pradesh,742628,Oily,2022-12-07
3021,Customer_3021,35,Female,Lucknow,Uttar Pradesh,1408837,Normal,2023-09-20
3022,Customer_3022,30,Female,Chandigarh,Chandigarh,382680,Sensitive,2024-01-07
3023,Customer_3023,53,Female,Chandigarh,Chandigarh,1429929,Sensitive,2022-02-15
3024,Customer_3024,39,Male,Delhi,Delhi,1154246,Normal,2023-10-05
3025,Customer_3025,48,Female,Hyderabad,Telangana,1272120,Normal,2023-08-09
3026,Customer_3026,38,Male,Mumbai,Maharashtra,1242190,Combination,2022-11-04
3027,Customer_3027,32,Female,Bengaluru,Karnataka,1127981,Combination,2022-01-05
3028,Customer_3028,32,Male,Lucknow,Uttar Pradesh,765150,Sensitive,2022-09-02
3029,Customer_3029,18,Female,Jaipur,Rajasthan,400167,Dry,2024-04-01
3030,Customer_3030,52,Female,Delhi,Delhi,334274,Normal,2024-06-08
3031,Customer_3031,56,Male,Delhi,Delhi,1341520,Normal,2022-08-07
3032,Customer_3032,60,Female,Lucknow,Uttar Pradesh,543000,Oily,2023-02-03
3033,Customer_3033,39,Male,Lucknow,Uttar Pradesh,1443080,Oily,2022-01-15
3034,Customer_3034,23,Female,Jaipur,Rajasthan,1656528,Oily,2023-05-07
3035,Customer_3035,24,Male,Bengaluru,Karnataka,841470,Oily,2023-11-05
3036,Customer_3036,60,Female,Delhi,Delhi,1171525,Oily,2023-03-13
3037,Customer_3037,28,Female,Mumbai,Maharashtra,504691,Combination,2022-11-13
3038,Customer_3038,53,Male,Lucknow,Uttar Pradesh,459857,Oily,2024-06-13
3039,Customer_3039,18,Male,Hyderabad,Telangana,438374,Combination,2022-07-03
3040,Customer_3040,46,Female,Hyderabad,Telangana,554676,Normal,2024-02-24
3041,Customer_3041,47,Male,Lucknow,Uttar Pradesh,1309237,Normal,2022-10-12
3042,Customer_3042,40,Male,Hyderabad,Telangana,1040798,Oily,2023-02-02
3043,Customer_3043,52,Female,Mumbai,Maharashtra,338225,Normal,2024-04-03
3044,Customer_3044,22,Male,Hyderabad,Telangana,605791,Combination,2022-06-14
3045,Customer_3045,52,Male,Lucknow,Uttar Pradesh,1303886,Combination,2022-01-31
3046,Customer_3046,42,Female,Ahmedabad,Gujarat,517200,Normal,2024-03-05
3047,Customer_3047,31,Male,Jaipur,Rajasthan,698760,Normal,2023-10-15
3048,Customer_3048,55,Male,Indore,Madhya Pradesh,775531,Sensitive,2023-07-25
3049,Customer_3049,42,Female,Indore,Madhya Pradesh,1647477,Combination,2022-07-23
3050,Customer_3050,20,Female,Bengaluru,Karnataka,694433,Dry,2023-08-08
3051,Customer_3051,19,Female,Ahmedabad,Gujarat,1660457,Combination,2023-03-02
3052,Customer_3052,38,Female,Bengaluru,Karnataka,478730,Oily,2024-05-13
3053,Customer_3053,56,Male,Hyderabad,Telangana,1543371,Oily,2023-04-30
3054,Customer_3054,53,Female,Indore,Madhya Pradesh,551140,Normal,2024-04-10
3055,Customer_3055,58,Female,Bengaluru,Karnataka,815978,Combination,2023-07-04
3056,Customer_3056,36,Male,Jaipur,Rajasthan,523502,Dry,2022-11-04
3057,Customer_3057,34,Female,Pune,Maharashtra,620941,Combination,2022-12-15
3058,Customer_3058,22,Female,Jaipur,Rajasthan,457520,Sensitive,2022-11-12
3059,Customer_3059,44,Male,Delhi,Delhi,354835,Combination,2022-12-02
3060,Customer_3060,23,Male,Pune,Maharashtra,1400909,Normal,2023-09-06
3061,Customer_3061,41,Male,Hyderabad,Telangana,499559,Combination,2024-02-26
3062,Customer_3062,38,Male,Ahmedabad,Gujarat,682979,Normal,2022-08-06
3063,Customer_3063,23,Male,Chandigarh,Chandigarh,402925,Combination,2022-11-15
3064,Customer_3064,52,Male,Lucknow,Uttar Pradesh,1794879,Normal,2023-08-15
3065,Customer_3065,37,Female,Lucknow,Uttar Pradesh,510628,Sensitive,2024-02-10
3066,Customer_3066,37,Female,Bengaluru,Karnataka,494966,Combination,2022-10-03
3067,Customer_3067,26,Male,Bengaluru,Karnataka,497792,Normal,2022-01-05
3068,Customer_3068,48,Male,Hyderabad,Telangana,1284032,Combination,2023-02-20
3069,Customer_3069,24,Female,Lucknow,Uttar Pradesh,633042,Normal,2023-07-29
3070,Customer_3070,23,Female,Mumbai,Maharashtra,653118,Oily,2023-10-27
3071,Customer_3071,24,Male,Chandigarh,Chandigarh,1286323,Oily,2024-01-17
3072,Customer_3072,28,Male,Pune,Maharashtra,1155450,Dry,2023-11-29
3073,Customer_3073,35,Male,Lucknow,Uttar Pradesh,1333167,Normal,2022-09-01
3074,Customer_3074,45,Male,Bengaluru,Karnataka,1586095,Sensitive,2022-07-17
3075,Customer_3075,36,Female,Lucknow,Uttar Pradesh,585654,Sensitive,2023-08-28
3076,Customer_3076,55,Female,Jaipur,Rajasthan,864889,Oily,2023-09-24
3077,Customer_3077,44,Female,Hyderabad,Telangana,1659662,Normal,2023-05-25
3078,Customer_3078,25,Female,Bengaluru,Karnataka,1538866,Oily,2024-02-04
3079,Customer_3079,26,Male,Delhi,Delhi,1643898,Normal,2022-05-03
3080,Customer_3080,26,Male,Mumbai,Maharashtra,784139,Oily,2024-02-02
3081,Customer_3081,22,Female,Bengaluru,Karnataka,578841,Oily,2022-10-11
3082,Customer_3082,54,Male,Hyderabad,Telangana,1667034,Oily,2024-01-05
3083,Customer_3083,18,Female,Hyderabad,Telangana,524298,Combination,2022-07-31
3084,Customer_3084,27,Male,Indore,Madhya Pradesh,1658877,Dry,2024-06-08
3085,Customer_3085,38,Female,Ahmedabad,Gujarat,1094243,Normal,2023-11-28
3086,Customer_3086,46,Male,Delhi,Delhi,1631799,Oily,2022-07-31
3087,Customer_3087,40,Male,Jaipur,Rajasthan,1696403,Oily,2023-05-17
3088,Customer_3088,35,Female,Indore,Madhya Pradesh,402620,Combination,2022-01-04
3089,Customer_3089,47,Male,Jaipur,Rajasthan,428774,Dry,2024-02-06
3090,Customer_3090,51,Female,Indore,Madhya Pradesh,727483,Sensitive,2022-04-24
3091,Customer_3091,27,Female,Delhi,Delhi,885793,Oily,2023-03-13
3092,Customer_3092,48,Male,Bengaluru,Karnataka,1529947,Sensitive,2022-12-23
3093,Customer_3093,59,Male,Delhi,Delhi,1242340,Oily,2023-12-06
3094,Customer_3094,48,Female,Delhi,Delhi,865475,Oily,2023-05-07
3095,Customer_3095,46,Male,Mumbai,Maharashtra,335957,Oily,2023-10-23
3096,Customer_3096,42,Male,Indore,Madhya Pradesh,1457096,Normal,2023-10-20
3097,Customer_3097,25,Female,Pune,Maharashtra,1077695,Normal,2022-09-18
3098,Customer_3098,35,Female,Hyderabad,Telangana,1146651,Dry,2022-03-06
3099,Customer_3099,24,Male,Chandigarh,Chandigarh,893102,Combination,2024-04-09
3100,Customer_3100,60,Male,Mumbai,Maharashtra,1616003,Sensitive,2023-06-26
3101,Customer_3101,27,Male,Bengaluru,Karnataka,986558,Normal,2023-03-06
3102,Customer_3102,39,Male,Chandigarh,Chandigarh,1308770,Oily,2022-07-11
3103,Customer_3103,37,Female,Hyderabad,Telangana,826736,Combination,2023-08-24
3104,Customer_3104,58,Female,Mumbai,Maharashtra,1704748,Normal,2023-08-02
3105,Customer_3105,40,Male,Chandigarh,Chandigarh,1096753,Sensitive,2023-10-02
3106,Customer_3106,33,Female,Mumbai,Maharashtra,396056,Combination,2023-01-01
3107,Customer_3107,33,Female,Indore,Madhya Pradesh,1334211,Oily,2023-03-18
3108,Customer_3108,19,Male,Lucknow,Uttar Pradesh,516410,Normal,2022-05-21
3109,Customer_3109,44,Male,Mumbai,Maharashtra,729830,Sensitive,2023-02-27
3110,Customer_3110,22,Male,Lucknow,Uttar Pradesh,1728078,Normal,2023-03-28
3111,Customer_3111,32,Male,Pune,Maharashtra,758165,Combination,2022-04-10
3112,Customer_3112,34,Male,Bengaluru,Karnataka,1532076,Sensitive,2022-05-04
3113,Customer_3113,59,Female,Delhi,Delhi,738481,Dry,2022-12-15
3114,Customer_3114,57,Male,Mumbai,Maharashtra,496105,Combination,2024-03-21
3115,Customer_3115,52,Male,Chandigarh,Chandigarh,392632,Sensitive,2023-12-07
3116,Customer_3116,52,Male,Delhi,Delhi,1678451,Dry,2024-05-12
3117,Customer_3117,31,Female,Indore,Madhya Pradesh,993620,Dry,2022-04-01
3118,Customer_3118,55,Male,Lucknow,Uttar Pradesh,1507277,Combination,2022-01-01
3119,Customer_3119,40,Female,Jaipur,Rajasthan,1248658,Normal,2023-12-14
3120,Customer_3120,19,Male,Pune,Maharashtra,1615347,Normal,2022-01-22
3121,Customer_3121,30,Male,Delhi,Delhi,629156,Oily,2024-01-26
3122,Customer_3122,29,Male,Bengaluru,Karnataka,738453,Oily,2022-05-16
3123,Customer_3123,47,Male,Delhi,Delhi,1687604,Sensitive,2022-08-20
3124,Customer_3124,26,Male,Chandigarh,Chandigarh,547204,Oily,2023-01-11
3125,Customer_3125,45,Male,Delhi,Delhi,1742666,Dry,2024-05-03
3126,Customer_3126,48,Female,Pune,Maharashtra,315986,Oily,2023-01-19
3127,Customer_3127,52,Male,Bengaluru,Karnataka,1735373,Sensitive,2022-04-22
3128,Customer_3128,28,Male,Hyderabad,Telangana,453538,Oily,2023-03-02
3129,Customer_3129,45,Male,Hyderabad,Telangana,1767351,Oily,2022-09-30
3130,Customer_3130,53,Female,Lucknow,Uttar Pradesh,1250125,Oily,2024-04-28
3131,Customer_3131,52,Male,Chandigarh,Chandigarh,1241744,Sensitive,2022-06-26
3132,Customer_3132,46,Female,Chandigarh,Chandigarh,962134,Combination,2023-09-13
3133,Customer_3133,19,Male,Mumbai,Maharashtra,1151058,Combination,2023-01-20
3134,Customer_3134,47,Male,Lucknow,Uttar Pradesh,1519289,Dry,2024-03-26
3135,Customer_3135,21,Male,Pune,Maharashtra,1768571,Normal,2024-05-27
3136,Customer_3136,53,Female,Hyderabad,Telangana,1127550,Normal,2023-12-31
3137,Customer_3137,21,Male,Pune,Maharashtra,1430418,Oily,2024-03-29
3138,Customer_3138,33,Male,Pune,Maharashtra,1366225,Normal,2023-07-11
3139,Customer_3139,33,Male,Hyderabad,Telangana,1011169,Normal,2023-07-05
3140,Customer_3140,34,Female,Hyderabad,Telangana,996413,Normal,2022-05-20
3141,Customer_3141,20,Female,Pune,Maharashtra,1328670,Oily,2022-05-24
3142,Customer_3142,58,Male,Mumbai,Maharashtra,1386230,Oily,2023-10-02
3143,Customer_3143,22,Female,Indore,Madhya Pradesh,1629289,Normal,2022-03-24
3144,Customer_3144,47,Male,Ahmedabad,Gujarat,1728871,Combination,2024-05-17
3145,Customer_3145,19,Male,Ahmedabad,Gujarat,324179,Dry,2024-03-04
3146,Customer_3146,19,Male,Bengaluru,Karnataka,976324,Oily,2024-02-15
3147,Customer_3147,23,Male,Chandigarh,Chandigarh,1742749,Oily,2023-05-08
3148,Customer_3148,46,Female,Hyderabad,Telangana,420056,Normal,2022-01-27
3149,Customer_3149,40,Female,Pune,Maharashtra,1094915,Dry,2024-03-24
3150,Customer_3150,59,Female,Lucknow,Uttar Pradesh,912657,Combination,2022-06-13
3151,Customer_3151,52,Male,Hyderabad,Telangana,1559021,Normal,2023-07-07
3152,Customer_3152,36,Female,Indore,Madhya Pradesh,1395179,Dry,2022-06-04
3153,Customer_3153,36,Male,Pune,Maharashtra,958744,Sensitive,2023-04-26
3154,Customer_3154,50,Female,Bengaluru,Karnataka,1280025,Dry,2022-02-15
3155,Customer_3155,21,Male,Chandigarh,Chandigarh,1688392,Combination,2022-09-09
3156,Customer_3156,40,Female,Jaipur,Rajasthan,485993,Combination,2024-01-12
3157,Customer_3157,35,Male,Lucknow,Uttar Pradesh,1149731,Sensitive,2023-07-31
3158,Customer_3158,33,Female,Hyderabad,Telangana,613048,Combination,2023-06-08
3159,Customer_3159,38,Female,Mumbai,Maharashtra,1686896,Dry,2023-01-10
3160,Customer_3160,28,Female,Delhi,Delhi,387814,Normal,2024-01-02
3161,Customer_3161,58,Female,Bengaluru,Karnataka,411226,Sensitive,2022-08-01
3162,Customer_3162,44,Female,Mumbai,Maharashtra,1596230,Combination,2024-03-16
3163,Customer_3163,57,Male,Bengaluru,Karnataka,563751,Dry,2022-03-04
3164,Customer_3164,21,Male,Delhi,Delhi,1121405,Combination,2024-05-04
3165,Customer_3165,25,Male,Lucknow,Uttar Pradesh,848631,Combination,2024-05-27
3166,Customer_3166,53,Female,Pune,Maharashtra,1345319,Oily,2023-06-13
3167,Customer_3167,42,Male,Mumbai,Maharashtra,1407970,Dry,2023-02-14
3168,Customer_3168,33,Male,Delhi,Delhi,1711382,Dry,2022-05-25
3169,Customer_3169,57,Female,Jaipur,Rajasthan,658342,Normal,2023-08-09
3170,Customer_3170,44,Female,Delhi,Delhi,632593,Dry,2022-09-06
3171,Customer_3171,26,Female,Jaipur,Rajasthan,1407969,Sensitive,2022-08-08
3172,Customer_3172,37,Female,Hyderabad,Telangana,472319,Sensitive,2024-06-13
3173,Customer_3173,42,Female,Bengaluru,Karnataka,1624628,Sensitive,2022-06-10
3174,Customer_3174,41,Female,Ahmedabad,Gujarat,388749,Oily,2023-02-17
3175,Customer_3175,41,Female,Mumbai,Maharashtra,1439737,Oily,2022-10-28
3176,Customer_3176,19,Male,Mumbai,Maharashtra,1285309,Sensitive,2022-11-12
3177,Customer_3177,35,Female,Jaipur,Rajasthan,1375797,Normal,2024-04-14
3178,Customer_3178,50,Male,Lucknow,Uttar Pradesh,773676,Dry,2023-01-13
3179,Customer_3179,53,Male,Mumbai,Maharashtra,877625,Combination,2024-01-13
3180,Customer_3180,47,Male,Pune,Maharashtra,1712804,Combination,2022-02-08
3181,Customer_3181,58,Male,Delhi,Delhi,911060,Oily,2022-07-29
3182,Customer_3182,31,Female,Mumbai,Maharashtra,707537,Normal,2022-09-21
3183,Customer_3183,38,Male,Chandigarh,Chandigarh,1127787,Oily,2024-04-06
3184,Customer_3184,24,Male,Pune,Maharashtra,498337,Normal,2023-04-11
3185,Customer_3185,47,Male,Lucknow,Uttar Pradesh,1441643,Dry,2023-09-14
3186,Customer_3186,33,Male,Mumbai,Maharashtra,1623037,Oily,2023-05-20
3187,Customer_3187,26,Female,Mumbai,Maharashtra,1650625,Combination,2022-08-20
3188,Customer_3188,44,Male,Bengaluru,Karnataka,461146,Dry,2024-02-08
3189,Customer_3189,50,Female,Chandigarh,Chandigarh,986693,Sensitive,2022-04-08
3190,Customer_3190,50,Female,Indore,Madhya Pradesh,1458780,Normal,2022-01-09
3191,Customer_3191,29,Male,Bengaluru,Karnataka,355719,Dry,2023-08-24
3192,Customer_3192,39,Female,Hyderabad,Telangana,534911,Normal,2022-05-11
3193,Customer_3193,51,Male,Chandigarh,Chandigarh,812514,Sensitive,2022-12-08
3194,Customer_3194,58,Female,Indore,Madhya Pradesh,853411,Combination,2024-04-22
3195,Customer_3195,25,Female,Chandigarh,Chandigarh,306446,Normal,2023-11-28
3196,Customer_3196,43,Female,Mumbai,Maharashtra,1578722,Combination,2022-05-18
3197,Customer_3197,22,Female,Bengaluru,Karnataka,1566032,Dry,2024-04-07
3198,Customer_3198,51,Female,Hyderabad,Telangana,528287,Normal,2022-10-27
3199,Customer_3199,32,Female,Mumbai,Maharashtra,1411256,Sensitive,2022-12-18
3200,Customer_3200,55,Male,Bengaluru,Karnataka,1154126,Oily,2022-06-24
3201,Customer_3201,31,Male,Pune,Maharashtra,454143,Oily,2023-04-08
3202,Customer_3202,39,Female,Delhi,Delhi,1177173,Dry,2022-04-05
3203,Customer_3203,20,Female,Delhi,Delhi,572739,Normal,2023-07-03
3204,Customer_3204,20,Female,Jaipur,Rajasthan,1622208,Dry,2024-03-07
3205,Customer_3205,33,Female,Ahmedabad,Gujarat,1129416,Sensitive,2023-03-22
3206,Customer_3206,51,Male,Bengaluru,Karnataka,544344,Oily,2023-03-13
3207,Customer_3207,20,Male,Bengaluru,Karnataka,416155,Normal,2022-07-28
3208,Customer_3208,42,Female,Ahmedabad,Gujarat,1573867,Dry,2024-04-17
3209,Customer_3209,42,Male,Bengaluru,Karnataka,1736356,Sensitive,2022-03-16
3210,Customer_3210,31,Male,Ahmedabad,Gujarat,668067,Oily,2022-09-18
3211,Customer_3211,40,Male,Ahmedabad,Gujarat,1201342,Normal,2023-07-18
3212,Customer_3212,45,Male,Pune,Maharashtra,1317928,Sensitive,2023-03-11
3213,Customer_3213,59,Male,Lucknow,Uttar Pradesh,1602706,Oily,2023-06-22
3214,Customer_3214,36,Male,Delhi,Delhi,542910,Oily,2022-11-08
3215,Customer_3215,18,Female,Lucknow,Uttar Pradesh,706992,Combination,2022-11-02
3216,Customer_3216,48,Male,Mumbai,Maharashtra,1154499,Dry,2022-08-06
3217,Customer_3217,59,Female,Mumbai,Maharashtra,1588717,Dry,2022-02-24
3218,Customer_3218,60,Female,Hyderabad,Telangana,1246935,Dry,2023-09-13
3219,Customer_3219,50,Female,Bengaluru,Karnataka,1483762,Normal,2023-12-26
3220,Customer_3220,36,Female,Hyderabad,Telangana,1503948,Oily,2022-01-17
3221,Customer_3221,34,Male,Indore,Madhya Pradesh,1144848,Normal,2023-12-25
3222,Customer_3222,57,Female,Chandigarh,Chandigarh,1609637,Normal,2024-04-07
3223,Customer_3223,60,Female,Jaipur,Rajasthan,1459092,Normal,2024-02-17
3224,Customer_3224,47,Male,Chandigarh,Chandigarh,1395158,Combination,2022-05-29
3225,Customer_3225,41,Female,Lucknow,Uttar Pradesh,1635418,Normal,2022-09-12
3226,Customer_3226,39,Male,Pune,Maharashtra,917417,Dry,2024-03-01
3227,Customer_3227,37,Male,Lucknow,Uttar Pradesh,667260,Oily,2022-04-21
3228,Customer_3228,32,Female,Pune,Maharashtra,596311,Sensitive,2023-02-18
3229,Customer_3229,53,Male,Chandigarh,Chandigarh,1155258,Normal,2023-12-18
3230,Customer_3230,53,Female,Bengaluru,Karnataka,625060,Sensitive,2023-10-18
3231,Customer_3231,47,Female,Hyderabad,Telangana,364005,Sensitive,2022-06-28
3232,Customer_3232,37,Male,Mumbai,Maharashtra,1390505,Normal,2022-08-14
3233,Customer_3233,60,Female,Ahmedabad,Gujarat,1663546,Oily,2023-06-17
3234,Customer_3234,60,Male,Pune,Maharashtra,897062,Dry,2022-12-19
3235,Customer_3235,60,Male,Jaipur,Rajasthan,598752,Normal,2023-09-17
3236,Customer_3236,39,Male,Jaipur,Rajasthan,1451865,Oily,2023-02-20
3237,Customer_3237,40,Male,Chandigarh,Chandigarh,1210469,Combination,2022-04-06
3238,Customer_3238,42,Female,Lucknow,Uttar Pradesh,1022924,Sensitive,2023-10-08
3239,Customer_3239,31,Male,Hyderabad,Telangana,1478167,Sensitive,2024-04-08
3240,Customer_3240,24,Male,Jaipur,Rajasthan,699059,Normal,2022-11-18
3241,Customer_3241,39,Male,Chandigarh,Chandigarh,828336,Oily,2024-03-06
3242,Customer_3242,43,Male,Delhi,Delhi,804576,Normal,2024-03-26
3243,Customer_3243,50,Female,Delhi,Delhi,1612903,Dry,2024-05-25
3244,Customer_3244,28,Female,Bengaluru,Karnataka,769205,Dry,2022-01-07
3245,Customer_3245,45,Female,Lucknow,Uttar Pradesh,1116392,Dry,2022-02-26
3246,Customer_3246,42,Male,Hyderabad,Telangana,457405,Dry,2023-11-16
3247,Customer_3247,57,Female,Mumbai,Maharashtra,353446,Dry,2022-03-09
3248,Customer_3248,51,Male,Jaipur,Rajasthan,1583598,Combination,2022-03-24
3249,Customer_3249,58,Male,Delhi,Delhi,974009,Dry,2023-04-10
3250,Customer_3250,29,Male,Jaipur,Rajasthan,1521512,Sensitive,2023-10-20
3251,Customer_3251,58,Male,Jaipur,Rajasthan,405485,Combination,2022-08-14
3252,Customer_3252,35,Male,Delhi,Delhi,1338653,Sensitive,2023-03-30
3253,Customer_3253,36,Female,Chandigarh,Chandigarh,640393,Dry,2024-01-02
3254,Customer_3254,26,Female,Indore,Madhya Pradesh,1163284,Oily,2023-09-03
3255,Customer_3255,40,Male,Pune,Maharashtra,1464893,Dry,2024-02-03
3256,Customer_3256,58,Female,Indore,Madhya Pradesh,1106298,Dry,2022-06-14
3257,Customer_3257,56,Male,Chandigarh,Chandigarh,852695,Dry,2023-02-11
3258,Customer_3258,52,Female,Lucknow,Uttar Pradesh,440840,Oily,2022-07-23
3259,Customer_3259,47,Male,Mumbai,Maharashtra,487038,Oily,2022-11-18
3260,Customer_3260,28,Male,Ahmedabad,Gujarat,1022974,Sensitive,2022-04-22
3261,Customer_3261,52,Male,Indore,Madhya Pradesh,1273613,Dry,2022-07-29
3262,Customer_3262,24,Male,Pune,Maharashtra,1564429,Oily,2022-01-01
3263,Customer_3263,25,Male,Jaipur,Rajasthan,1184787,Oily,2024-04-24
3264,Customer_3264,60,Female,Lucknow,Uttar Pradesh,577571,Sensitive,2023-05-23
3265,Customer_3265,54,Female,Lucknow,Uttar Pradesh,1088489,Dry,2022-07-14
3266,Customer_3266,46,Male,Mumbai,Maharashtra,1700637,Normal,2022-10-31
3267,Customer_3267,34,Male,Delhi,Delhi,653776,Normal,2022-11-27
3268,Customer_3268,27,Female,Bengaluru,Karnataka,916597,Normal,2022-02-14
3269,Customer_3269,45,Female,Hyderabad,Telangana,897186,Dry,2022-08-31
3270,Customer_3270,31,Female,Indore,Madhya Pradesh,513103,Sensitive,2023-04-27
3271,Customer_3271,24,Male,Lucknow,Uttar Pradesh,1271411,Sensitive,2023-11-15
3272,Customer_3272,28,Male,Lucknow,Uttar Pradesh,457660,Dry,2024-05-03
3273,Customer_3273,58,Male,Pune,Maharashtra,1330908,Normal,2023-07-04
3274,Customer_3274,24,Male,Pune,Maharashtra,847562,Normal,2023-03-06
3275,Customer_3275,54,Female,Pune,Maharashtra,1330343,Normal,2023-03-25
3276,Customer_3276,45,Male,Mumbai,Maharashtra,1431119,Oily,2024-06-16
3277,Customer_3277,50,Male,Hyderabad,Telangana,1439826,Combination,2023-02-23
3278,Customer_3278,39,Male,Bengaluru,Karnataka,1500462,Sensitive,2024-01-27
3279,Customer_3279,49,Female,Bengaluru,Karnataka,1144693,Dry,2023-04-10
3280,Customer_3280,21,Female,Indore,Madhya Pradesh,1341161,Oily,2023-02-19
3281,Customer_3281,27,Male,Lucknow,Uttar Pradesh,1065641,Dry,2023-01-21
3282,Customer_3282,27,Male,Lucknow,Uttar Pradesh,1681835,Oily,2022-07-04
3283,Customer_3283,58,Female,Mumbai,Maharashtra,987636,Oily,2022-03-30
3284,Customer_3284,60,Female,Jaipur,Rajasthan,331105,Combination,2023-07-07
3285,Customer_3285,24,Female,Indore,Madhya Pradesh,1149209,Normal,2022-06-03
3286,Customer_3286,51,Male,Hyderabad,Telangana,452574,Normal,2022-05-23
3287,Customer_3287,54,Female,Ahmedabad,Gujarat,1257823,Normal,2022-02-10
3288,Customer_3288,55,Female,Lucknow,Uttar Pradesh,793290,Sensitive,2023-10-01
3289,Customer_3289,52,Female,Chandigarh,Chandigarh,1446567,Dry,2022-06-12
3290,Customer_3290,20,Female,Pune,Maharashtra,371116,Normal,2023-12-10
3291,Customer_3291,60,Female,Mumbai,Maharashtra,1554564,Combination,2023-06-04
3292,Customer_3292,59,Male,Delhi,Delhi,925239,Normal,2022-12-12
3293,Customer_3293,50,Male,Chandigarh,Chandigarh,1657425,Dry,2022-10-18
3294,Customer_3294,46,Female,Ahmedabad,Gujarat,375076,Sensitive,2022-04-04
3295,Customer_3295,29,Male,Ahmedabad,Gujarat,1440785,Sensitive,2023-04-04
3296,Customer_3296,48,Male,Jaipur,Rajasthan,1430931,Oily,2022-01-27
3297,Customer_3297,46,Female,Chandigarh,Chandigarh,1097857,Dry,2023-09-21
3298,Customer_3298,58,Female,Hyderabad,Telangana,1337876,Normal,2023-06-29
3299,Customer_3299,42,Male,Indore,Madhya Pradesh,1607870,Normal,2023-03-23
3300,Customer_3300,49,Male,Lucknow,Uttar Pradesh,571555,Combination,2023-06-13
3301,Customer_3301,30,Female,Chandigarh,Chandigarh,380069,Normal,2022-11-22
3302,Customer_3302,18,Female,Lucknow,Uttar Pradesh,1649621,Oily,2023-11-30
3303,Customer_3303,41,Male,Mumbai,Maharashtra,1758572,Combination,2022-01-31
3304,Customer_3304,42,Female,Ahmedabad,Gujarat,1599267,Combination,2023-12-04
3305,Customer_3305,54,Male,Indore,Madhya Pradesh,364244,Dry,2022-06-21
3306,Customer_3306,52,Male,Delhi,Delhi,1018550,Combination,2022-10-02
3307,Customer_3307,29,Female,Delhi,Delhi,1266128,Normal,2023-02-08
3308,Customer_3308,26,Female,Mumbai,Maharashtra,1582172,Combination,2022-07-10
3309,Customer_3309,58,Male,Mumbai,Maharashtra,1733457,Normal,2024-01-28
3310,Customer_3310,35,Female,Chandigarh,Chandigarh,765981,Oily,2023-07-14
3311,Customer_3311,24,Female,Chandigarh,Chandigarh,1149139,Oily,2022-09-24
3312,Customer_3312,38,Male,Hyderabad,Telangana,1417866,Combination,2024-01-10
3313,Customer_3313,29,Female,Indore,Madhya Pradesh,1115952,Oily,2023-08-13
3314,Customer_3314,43,Male,Pune,Maharashtra,1756676,Oily,2022-12-18
3315,Customer_3315,56,Female,Lucknow,Uttar Pradesh,514372,Oily,2024-05-31
3316,Customer_3316,24,Female,Lucknow,Uttar Pradesh,1074334,Combination,2022-01-27
3317,Customer_3317,51,Female,Indore,Madhya Pradesh,1110085,Normal,2022-11-29
3318,Customer_3318,57,Female,Bengaluru,Karnataka,1322924,Combination,2024-04-24
3319,Customer_3319,32,Male,Delhi,Delhi,707182,Combination,2023-10-06
3320,Customer_3320,25,Male,Chandigarh,Chandigarh,537391,Sensitive,2023-09-06
3321,Customer_3321,28,Male,Indore,Madhya Pradesh,717643,Normal,2024-05-03
3322,Customer_3322,55,Male,Ahmedabad,Gujarat,864414,Dry,2022-03-30
3323,Customer_3323,31,Female,Ahmedabad,Gujarat,945043,Dry,2022-11-30
3324,Customer_3324,47,Male,Delhi,Delhi,985281,Combination,2022-07-27
3325,Customer_3325,31,Male,Hyderabad,Telangana,1067788,Normal,2022-08-08
3326,Customer_3326,48,Male,Jaipur,Rajasthan,799434,Sensitive,2023-04-04
3327,Customer_3327,20,Male,Ahmedabad,Gujarat,1601850,Combination,2024-05-16
3328,Customer_3328,59,Male,Pune,Maharashtra,894498,Dry,2022-02-06
3329,Customer_3329,29,Female,Ahmedabad,Gujarat,1103067,Normal,2023-06-26
3330,Customer_3330,55,Female,Hyderabad,Telangana,1477520,Dry,2023-09-12
3331,Customer_3331,48,Male,Pune,Maharashtra,869758,Combination,2022-05-13
3332,Customer_3332,50,Female,Mumbai,Maharashtra,1143461,Oily,2022-05-21
3333,Customer_3333,53,Female,Ahmedabad,Gujarat,1172589,Dry,2022-11-29
3334,Customer_3334,50,Female,Chandigarh,Chandigarh,1243256,Normal,2023-03-29
3335,Customer_3335,37,Male,Delhi,Delhi,589866,Sensitive,2023-12-25
3336,Customer_3336,50,Female,Ahmedabad,Gujarat,1703654,Combination,2023-07-09
3337,Customer_3337,55,Female,Ahmedabad,Gujarat,1062754,Combination,2024-03-17
3338,Customer_3338,36,Male,Chandigarh,Chandigarh,1352835,Oily,2022-11-08
3339,Customer_3339,25,Male,Chandigarh,Chandigarh,1753704,Sensitive,2022-12-07
3340,Customer_3340,26,Male,Bengaluru,Karnataka,382632,Dry,2022-06-09
3341,Customer_3341,41,Male,Delhi,Delhi,1529625,Oily,2022-03-16
3342,Customer_3342,26,Male,Mumbai,Maharashtra,983626,Combination,2022-03-12
3343,Customer_3343,18,Female,Mumbai,Maharashtra,1012884,Sensitive,2022-02-04
3344,Customer_3344,31,Female,Lucknow,Uttar Pradesh,1465064,Oily,2023-11-30
3345,Customer_3345,36,Female,Hyderabad,Telangana,896352,Normal,2023-06-22
3346,Customer_3346,42,Female,Chandigarh,Chandigarh,1529840,Normal,2024-01-04
3347,Customer_3347,27,Female,Indore,Madhya Pradesh,1747791,Oily,2023-03-10
3348,Customer_3348,58,Female,Indore,Madhya Pradesh,913769,Sensitive,2022-06-03
3349,Customer_3349,26,Female,Bengaluru,Karnataka,1380691,Oily,2023-01-13
3350,Customer_3350,31,Male,Delhi,Delhi,1402740,Oily,2024-04-04
3351,Customer_3351,52,Male,Pune,Maharashtra,580443,Oily,2024-05-06
3352,Customer_3352,26,Male,Hyderabad,Telangana,1572088,Oily,2024-06-18
3353,Customer_3353,58,Female,Bengaluru,Karnataka,1608765,Dry,2022-03-02
3354,Customer_3354,18,Male,Jaipur,Rajasthan,1389660,Oily,2023-03-02
3355,Customer_3355,49,Male,Delhi,Delhi,727728,Normal,2023-04-20
3356,Customer_3356,19,Male,Ahmedabad,Gujarat,1289144,Sensitive,2023-06-16
3357,Customer_3357,60,Female,Hyderabad,Telangana,671072,Oily,2022-12-25
3358,Customer_3358,47,Female,Indore,Madhya Pradesh,845973,Combination,2023-07-30
3359,Customer_3359,48,Male,Delhi,Delhi,1094631,Oily,2024-06-02
3360,Customer_3360,20,Female,Chandigarh,Chandigarh,598730,Normal,2022-04-03
3361,Customer_3361,60,Female,Lucknow,Uttar Pradesh,1101977,Normal,2022-09-04
3362,Customer_3362,43,Male,Hyderabad,Telangana,1452120,Oily,2024-01-06
3363,Customer_3363,25,Female,Indore,Madhya Pradesh,668152,Dry,2023-04-14
3364,Customer_3364,30,Female,Mumbai,Maharashtra,755648,Normal,2023-11-03
3365,Customer_3365,29,Male,Chandigarh,Chandigarh,983299,Oily,2022-06-26
3366,Customer_3366,54,Male,Pune,Maharashtra,1163901,Oily,2022-04-14
3367,Customer_3367,38,Male,Jaipur,Rajasthan,1642927,Combination,2022-08-30
3368,Customer_3368,53,Male,Lucknow,Uttar Pradesh,795881,Oily,2022-11-29
3369,Customer_3369,33,Male,Ahmedabad,Gujarat,971515,Normal,2022-11-12
3370,Customer_3370,44,Male,Delhi,Delhi,1325723,Sensitive,2024-01-25
3371,Customer_3371,32,Male,Indore,Madhya Pradesh,1124352,Combination,2022-09-11
3372,Customer_3372,54,Female,Bengaluru,Karnataka,847436,Combination,2023-08-15
3373,Customer_3373,57,Male,Indore,Madhya Pradesh,678453,Sensitive,2023-09-11
3374,Customer_3374,46,Male,Chandigarh,Chandigarh,691736,Normal,2022-06-28
3375,Customer_3375,22,Male,Indore,Madhya Pradesh,416260,Combination,2022-09-10
3376,Customer_3376,47,Female,Chandigarh,Chandigarh,535957,Oily,2023-05-18
3377,Customer_3377,26,Male,Ahmedabad,Gujarat,574031,Oily,2022-01-29
3378,Customer_3378,26,Female,Hyderabad,Telangana,1132845,Dry,2023-07-16
3379,Customer_3379,29,Male,Mumbai,Maharashtra,393251,Combination,2024-02-19
3380,Customer_3380,49,Female,Lucknow,Uttar Pradesh,1387633,Normal,2023-06-03
3381,Customer_3381,46,Female,Chandigarh,Chandigarh,1733607,Oily,2023-12-11
3382,Customer_3382,60,Female,Ahmedabad,Gujarat,687252,Oily,2023-10-15
3383,Customer_3383,43,Male,Lucknow,Uttar Pradesh,384804,Oily,2022-01-18
3384,Customer_3384,37,Male,Delhi,Delhi,1113382,Dry,2024-04-14
3385,Customer_3385,54,Female,Chandigarh,Chandigarh,529597,Sensitive,2022-03-10
3386,Customer_3386,28,Male,Ahmedabad,Gujarat,1496459,Dry,2022-01-24
3387,Customer_3387,59,Male,Pune,Maharashtra,1530775,Combination,2023-11-11
3388,Customer_3388,23,Female,Bengaluru,Karnataka,716996,Sensitive,2022-10-11
3389,Customer_3389,30,Male,Lucknow,Uttar Pradesh,1583625,Oily,2022-01-06
3390,Customer_3390,44,Female,Chandigarh,Chandigarh,473325,Oily,2023-12-05
3391,Customer_3391,49,Male,Chandigarh,Chandigarh,1576530,Dry,2022-05-29
3392,Customer_3392,21,Male,Jaipur,Rajasthan,618321,Dry,2022-08-01
3393,Customer_3393,25,Female,Pune,Maharashtra,1160066,Sensitive,2024-02-10
3394,Customer_3394,21,Male,Pune,Maharashtra,1570532,Dry,2022-04-29
3395,Customer_3395,42,Female,Hyderabad,Telangana,519163,Oily,2022-07-05
3396,Customer_3396,25,Male,Bengaluru,Karnataka,1236359,Oily,2024-01-11
3397,Customer_3397,60,Female,Ahmedabad,Gujarat,821506,Oily,2023-09-30
3398,Customer_3398,20,Female,Mumbai,Maharashtra,1499327,Oily,2023-03-18
3399,Customer_3399,39,Male,Jaipur,Rajasthan,1424384,Dry,2023-11-08
3400,Customer_3400,47,Female,Pune,Maharashtra,1392600,Dry,2022-06-03
3401,Customer_3401,29,Male,Delhi,Delhi,488954,Combination,2022-01-24
3402,Customer_3402,43,Male,Lucknow,Uttar Pradesh,1007066,Dry,2023-08-14
3403,Customer_3403,26,Male,Ahmedabad,Gujarat,1550580,Combination,2023-01-20
3404,Customer_3404,19,Male,Pune,Maharashtra,1769318,Combination,2022-12-25
3405,Customer_3405,22,Male,Jaipur,Rajasthan,750086,Normal,2023-09-03
3406,Customer_3406,26,Female,Ahmedabad,Gujarat,335837,Dry,2022-08-23
3407,Customer_3407,25,Male,Indore,Madhya Pradesh,877685,Oily,2023-03-11
3408,Customer_3408,53,Female,Ahmedabad,Gujarat,1431705,Combination,2023-02-01
3409,Customer_3409,26,Male,Delhi,Delhi,356711,Combination,2022-03-18
3410,Customer_3410,19,Male,Pune,Maharashtra,1310517,Dry,2023-03-09
3411,Customer_3411,41,Male,Hyderabad,Telangana,1305186,Oily,2023-07-25
3412,Customer_3412,35,Male,Indore,Madhya Pradesh,648865,Normal,2023-09-27
3413,Customer_3413,46,Male,Bengaluru,Karnataka,1204337,Sensitive,2024-06-01
3414,Customer_3414,19,Female,Chandigarh,Chandigarh,778572,Oily,2022-05-10
3415,Customer_3415,51,Male,Delhi,Delhi,1018044,Combination,2022-09-25
3416,Customer_3416,58,Male,Pune,Maharashtra,765225,Combination,2022-02-03
3417,Customer_3417,21,Male,Mumbai,Maharashtra,335358,Normal,2023-01-07
3418,Customer_3418,49,Female,Jaipur,Rajasthan,1072939,Sensitive,2024-03-16
3419,Customer_3419,57,Male,Delhi,Delhi,1077808,Sensitive,2023-08-28
3420,Customer_3420,41,Female,Ahmedabad,Gujarat,1191646,Oily,2022-09-10
3421,Customer_3421,48,Male,Delhi,Delhi,587014,Combination,2023-04-18
3422,Customer_3422,18,Male,Jaipur,Rajasthan,392533,Normal,2022-03-02
3423,Customer_3423,50,Male,Hyderabad,Telangana,381223,Oily,2022-01-28
3424,Customer_3424,53,Male,Jaipur,Rajasthan,510506,Sensitive,2023-02-13
3425,Customer_3425,23,Female,Delhi,Delhi,639475,Sensitive,2023-06-13
3426,Customer_3426,52,Male,Bengaluru,Karnataka,1383917,Dry,2024-04-11
3427,Customer_3427,46,Male,Ahmedabad,Gujarat,610655,Normal,2022-02-01
3428,Customer_3428,39,Male,Hyderabad,Telangana,1271936,Dry,2022-07-20
3429,Customer_3429,20,Female,Lucknow,Uttar Pradesh,1249932,Dry,2022-09-10
3430,Customer_3430,47,Male,Bengaluru,Karnataka,996546,Dry,2022-02-18
3431,Customer_3431,41,Female,Delhi,Delhi,1331868,Combination,2022-07-24
3432,Customer_3432,29,Male,Jaipur,Rajasthan,1776530,Oily,2022-01-26
3433,Customer_3433,54,Female,Bengaluru,Karnataka,681106,Combination,2023-06-29
3434,Customer_3434,40,Female,Lucknow,Uttar Pradesh,1193194,Sensitive,2023-09-03
3435,Customer_3435,49,Male,Delhi,Delhi,728997,Dry,2023-07-29
3436,Customer_3436,39,Male,Bengaluru,Karnataka,1707295,Oily,2023-09-14
3437,Customer_3437,28,Female,Jaipur,Rajasthan,833140,Sensitive,2023-02-08
3438,Customer_3438,27,Male,Jaipur,Rajasthan,1040784,Normal,2022-03-07
3439,Customer_3439,33,Male,Lucknow,Uttar Pradesh,1766910,Sensitive,2022-01-20
3440,Customer_3440,21,Female,Bengaluru,Karnataka,1145119,Sensitive,2023-03-12
3441,Customer_3441,37,Female,Hyderabad,Telangana,1614573,Normal,2022-01-26
3442,Customer_3442,25,Male,Hyderabad,Telangana,1237283,Normal,2023-05-13
3443,Customer_3443,25,Female,Indore,Madhya Pradesh,378330,Dry,2024-02-06
3444,Customer_3444,55,Male,Delhi,Delhi,1440594,Normal,2022-03-11
3445,Customer_3445,58,Female,Chandigarh,Chandigarh,1504119,Dry,2022-11-19
3446,Customer_3446,60,Male,Mumbai,Maharashtra,964096,Oily,2022-02-13
3447,Customer_3447,57,Male,Delhi,Delhi,1536576,Combination,2023-10-25
3448,Customer_3448,49,Female,Chandigarh,Chandigarh,1571102,Normal,2023-05-20
3449,Customer_3449,59,Male,Mumbai,Maharashtra,716628,Sensitive,2023-08-28
3450,Customer_3450,25,Female,Indore,Madhya Pradesh,1101576,Normal,2023-07-24
3451,Customer_3451,24,Female,Delhi,Delhi,1101120,Dry,2022-06-02
3452,Customer_3452,49,Female,Mumbai,Maharashtra,402978,Sensitive,2023-05-07
3453,Customer_3453,35,Male,Chandigarh,Chandigarh,789263,Oily,2024-02-20
3454,Customer_3454,45,Male,Ahmedabad,Gujarat,742363,Normal,2023-11-17
3455,Customer_3455,56,Female,Chandigarh,Chandigarh,1522354,Normal,2022-04-27
3456,Customer_3456,46,Male,Chandigarh,Chandigarh,440499,Combination,2022-06-19
3457,Customer_3457,60,Male,Jaipur,Rajasthan,355169,Oily,2023-04-24
3458,Customer_3458,50,Female,Bengaluru,Karnataka,1433616,Oily,2022-04-19
3459,Customer_3459,44,Male,Hyderabad,Telangana,632101,Dry,2023-10-08
3460,Customer_3460,24,Male,Delhi,Delhi,793272,Combination,2023-12-02
3461,Customer_3461,54,Female,Chandigarh,Chandigarh,607454,Dry,2022-03-27
3462,Customer_3462,19,Female,Indore,Madhya Pradesh,1687237,Normal,2022-02-01
3463,Customer_3463,52,Female,Hyderabad,Telangana,845334,Combination,2023-07-02
3464,Customer_3464,28,Male,Pune,Maharashtra,1246426,Combination,2023-06-19
3465,Customer_3465,32,Female,Lucknow,Uttar Pradesh,1362937,Combination,2023-03-25
3466,Customer_3466,52,Male,Bengaluru,Karnataka,429424,Dry,2022-09-23
3467,Customer_3467,20,Female,Lucknow,Uttar Pradesh,1294695,Combination,2023-04-30
3468,Customer_3468,29,Male,Hyderabad,Telangana,1097441,Normal,2022-03-29
3469,Customer_3469,56,Female,Delhi,Delhi,491897,Dry,2022-06-11
3470,Customer_3470,49,Female,Lucknow,Uttar Pradesh,646762,Normal,2023-11-18
3471,Customer_3471,53,Male,Jaipur,Rajasthan,1271734,Sensitive,2023-08-16
3472,Customer_3472,60,Male,Indore,Madhya Pradesh,860221,Dry,2023-08-26
3473,Customer_3473,32,Male,Ahmedabad,Gujarat,842431,Dry,2024-03-20
3474,Customer_3474,45,Male,Chandigarh,Chandigarh,1043671,Sensitive,2022-02-15
3475,Customer_3475,53,Male,Indore,Madhya Pradesh,671257,Sensitive,2022-10-18
3476,Customer_3476,53,Male,Lucknow,Uttar Pradesh,998995,Sensitive,2022-12-29
3477,Customer_3477,47,Female,Hyderabad,Telangana,681105,Combination,2023-10-18
3478,Customer_3478,56,Female,Bengaluru,Karnataka,1772223,Combination,2024-05-05
3479,Customer_3479,42,Female,Chandigarh,Chandigarh,1446719,Oily,2024-01-08
3480,Customer_3480,57,Female,Delhi,Delhi,353731,Combination,2023-04-09
3481,Customer_3481,37,Male,Lucknow,Uttar Pradesh,435811,Sensitive,2022-01-12
3482,Customer_3482,53,Female,Pune,Maharashtra,514349,Sensitive,2022-05-26
3483,Customer_3483,40,Male,Pune,Maharashtra,1621868,Sensitive,2022-10-09
3484,Customer_3484,52,Male,Lucknow,Uttar Pradesh,300719,Normal,2023-08-11
3485,Customer_3485,35,Female,Mumbai,Maharashtra,1417160,Normal,2022-08-22
3486,Customer_3486,20,Female,Chandigarh,Chandigarh,588273,Combination,2023-02-09
3487,Customer_3487,27,Female,Indore,Madhya Pradesh,1562364,Normal,2022-03-11
3488,Customer_3488,19,Male,Jaipur,Rajasthan,487027,Combination,2022-03-17
3489,Customer_3489,25,Male,Mumbai,Maharashtra,1050250,Normal,2023-10-18
3490,Customer_3490,31,Female,Pune,Maharashtra,526409,Oily,2022-08-07
3491,Customer_3491,44,Male,Indore,Madhya Pradesh,1016657,Oily,2022-09-12
3492,Customer_3492,34,Female,Bengaluru,Karnataka,1466632,Normal,2022-04-07
3493,Customer_3493,39,Male,Jaipur,Rajasthan,647232,Combination,2022-10-13
3494,Customer_3494,49,Male,Delhi,Delhi,849837,Dry,2023-09-24
3495,Customer_3495,45,Female,Hyderabad,Telangana,1663748,Dry,2024-06-12
3496,Customer_3496,36,Female,Mumbai,Maharashtra,359254,Normal,2023-03-03
3497,Customer_3497,22,Female,Jaipur,Rajasthan,1315524,Dry,2024-03-01
3498,Customer_3498,26,Female,Lucknow,Uttar Pradesh,1546855,Normal,2023-08-10
3499,Customer_3499,58,Male,Lucknow,Uttar Pradesh,1446522,Normal,2024-01-17
3500,Customer_3500,43,Female,Bengaluru,Karnataka,1455851,Oily,2022-04-10
3501,Customer_3501,23,Female,Delhi,Delhi,868055,Sensitive,2023-06-14
3502,Customer_3502,32,Female,Hyderabad,Telangana,1605576,Oily,2023-02-08
3503,Customer_3503,34,Female,Jaipur,Rajasthan,1592827,Normal,2023-09-25
3504,Customer_3504,55,Female,Mumbai,Maharashtra,1760622,Normal,2023-07-17
3505,Customer_3505,37,Female,Indore,Madhya Pradesh,1489549,Combination,2023-12-07
3506,Customer_3506,38,Female,Hyderabad,Telangana,1533863,Combination,2022-11-18
3507,Customer_3507,25,Male,Bengaluru,Karnataka,1587016,Oily,2024-01-10
3508,Customer_3508,29,Male,Chandigarh,Chandigarh,1741692,Sensitive,2023-01-05
3509,Customer_3509,42,Male,Mumbai,Maharashtra,1036647,Dry,2022-03-14
3510,Customer_3510,23,Female,Indore,Madhya Pradesh,1731864,Dry,2022-08-21
3511,Customer_3511,52,Female,Chandigarh,Chandigarh,734407,Sensitive,2022-11-18
3512,Customer_3512,44,Male,Mumbai,Maharashtra,509732,Normal,2023-08-17
3513,Customer_3513,38,Female,Delhi,Delhi,1557229,Dry,2023-01-24
3514,Customer_3514,18,Male,Indore,Madhya Pradesh,351953,Normal,2023-11-03
3515,Customer_3515,37,Male,Chandigarh,Chandigarh,926447,Normal,2023-08-18
3516,Customer_3516,29,Male,Delhi,Delhi,915131,Sensitive,2023-01-20
3517,Customer_3517,53,Female,Delhi,Delhi,1204585,Sensitive,2023-02-25
3518,Customer_3518,38,Female,Bengaluru,Karnataka,849728,Oily,2022-01-15
3519,Customer_3519,38,Female,Delhi,Delhi,1063756,Sensitive,2024-02-14
3520,Customer_3520,39,Male,Indore,Madhya Pradesh,1497914,Sensitive,2024-03-12
3521,Customer_3521,38,Male,Delhi,Delhi,703256,Normal,2024-04-04
3522,Customer_3522,19,Female,Chandigarh,Chandigarh,574424,Oily,2024-05-27
3523,Customer_3523,34,Female,Ahmedabad,Gujarat,1099561,Oily,2024-05-24
3524,Customer_3524,44,Female,Pune,Maharashtra,1769261,Combination,2022-02-25
3525,Customer_3525,43,Female,Hyderabad,Telangana,1565946,Normal,2022-12-22
3526,Customer_3526,21,Male,Mumbai,Maharashtra,1757085,Sensitive,2022-06-14
3527,Customer_3527,25,Male,Pune,Maharashtra,619093,Combination,2022-07-05
3528,Customer_3528,45,Female,Indore,Madhya Pradesh,1755317,Sensitive,2022-11-15
3529,Customer_3529,26,Female,Jaipur,Rajasthan,1586126,Dry,2023-02-04
3530,Customer_3530,24,Male,Bengaluru,Karnataka,670939,Combination,2023-12-28
3531,Customer_3531,23,Female,Hyderabad,Telangana,1355623,Combination,2023-07-01
3532,Customer_3532,58,Female,Lucknow,Uttar Pradesh,425763,Dry,2024-02-18
3533,Customer_3533,18,Male,Lucknow,Uttar Pradesh,1295277,Normal,2023-06-13
3534,Customer_3534,48,Female,Jaipur,Rajasthan,1471950,Oily,2022-07-20
3535,Customer_3535,29,Female,Hyderabad,Telangana,1231320,Dry,2024-04-01
3536,Customer_3536,46,Male,Delhi,Delhi,1156788,Combination,2024-05-23
3537,Customer_3537,58,Female,Pune,Maharashtra,459676,Oily,2024-01-18
3538,Customer_3538,28,Male,Hyderabad,Telangana,727590,Normal,2022-09-15
3539,Customer_3539,48,Female,Mumbai,Maharashtra,778100,Sensitive,2022-12-21
3540,Customer_3540,42,Male,Chandigarh,Chandigarh,1267215,Normal,2022-12-25
3541,Customer_3541,41,Female,Pune,Maharashtra,1378053,Oily,2022-11-14
3542,Customer_3542,25,Male,Pune,Maharashtra,1355837,Combination,2024-06-18
3543,Customer_3543,41,Female,Delhi,Delhi,398878,Dry,2023-11-24
3544,Customer_3544,34,Female,Jaipur,Rajasthan,1669065,Combination,2022-10-20
3545,Customer_3545,39,Male,Indore,Madhya Pradesh,712739,Dry,2022-04-25
3546,Customer_3546,30,Male,Pune,Maharashtra,1795112,Sensitive,2022-10-20
3547,Customer_3547,57,Female,Lucknow,Uttar Pradesh,1730618,Normal,2024-01-22
3548,Customer_3548,46,Female,Hyderabad,Telangana,1134968,Oily,2022-09-06
3549,Customer_3549,59,Male,Delhi,Delhi,1326105,Oily,2022-02-01
3550,Customer_3550,53,Female,Mumbai,Maharashtra,1736723,Oily,2024-04-19
3551,Customer_3551,48,Female,Hyderabad,Telangana,1797821,Dry,2023-11-02
3552,Customer_3552,21,Male,Lucknow,Uttar Pradesh,1572427,Sensitive,2022-09-10
3553,Customer_3553,34,Female,Bengaluru,Karnataka,1798956,Oily,2022-02-03
3554,Customer_3554,56,Male,Jaipur,Rajasthan,981573,Normal,2023-05-31
3555,Customer_3555,35,Male,Pune,Maharashtra,994207,Oily,2022-11-09
3556,Customer_3556,20,Male,Bengaluru,Karnataka,1379408,Dry,2024-01-03
3557,Customer_3557,46,Female,Jaipur,Rajasthan,1359389,Combination,2023-06-11
3558,Customer_3558,45,Female,Hyderabad,Telangana,661234,Combination,2022-09-18
3559,Customer_3559,60,Female,Delhi,Delhi,848725,Combination,2023-03-14
3560,Customer_3560,52,Male,Bengaluru,Karnataka,1422144,Combination,2023-12-06
3561,Customer_3561,48,Male,Hyderabad,Telangana,1244423,Normal,2022-04-20
3562,Customer_3562,59,Female,Bengaluru,Karnataka,805253,Normal,2022-05-07
3563,Customer_3563,52,Female,Pune,Maharashtra,1353481,Normal,2023-11-08
3564,Customer_3564,52,Female,Delhi,Delhi,1604635,Normal,2023-08-17
3565,Customer_3565,55,Male,Jaipur,Rajasthan,1748292,Normal,2022-03-04
3566,Customer_3566,38,Female,Delhi,Delhi,1513779,Oily,2024-05-07
3567,Customer_3567,24,Female,Indore,Madhya Pradesh,1242489,Oily,2022-09-17
3568,Customer_3568,32,Male,Jaipur,Rajasthan,487782,Normal,2023-07-08
3569,Customer_3569,34,Male,Jaipur,Rajasthan,861616,Oily,2022-07-28
3570,Customer_3570,59,Male,Lucknow,Uttar Pradesh,1542337,Sensitive,2022-06-16
3571,Customer_3571,33,Male,Lucknow,Uttar Pradesh,1491209,Dry,2022-06-04
3572,Customer_3572,59,Female,Hyderabad,Telangana,363089,Sensitive,2024-04-16
3573,Customer_3573,54,Male,Pune,Maharashtra,661554,Normal,2024-06-06
3574,Customer_3574,21,Male,Lucknow,Uttar Pradesh,651866,Oily,2022-05-05
3575,Customer_3575,25,Male,Bengaluru,Karnataka,688212,Oily,2022-06-29
3576,Customer_3576,19,Male,Bengaluru,Karnataka,1750526,Normal,2023-01-31
3577,Customer_3577,45,Female,Indore,Madhya Pradesh,540363,Dry,2022-01-31
3578,Customer_3578,58,Female,Lucknow,Uttar Pradesh,1799182,Sensitive,2022-05-05
3579,Customer_3579,53,Male,Bengaluru,Karnataka,919649,Oily,2023-01-17
3580,Customer_3580,23,Female,Jaipur,Rajasthan,429419,Oily,2023-07-21
3581,Customer_3581,38,Male,Delhi,Delhi,1644595,Dry,2023-08-27
3582,Customer_3582,21,Female,Lucknow,Uttar Pradesh,879576,Sensitive,2024-03-12
3583,Customer_3583,59,Male,Lucknow,Uttar Pradesh,708918,Combination,2022-11-13
3584,Customer_3584,55,Female,Jaipur,Rajasthan,1718264,Dry,2022-02-05
3585,Customer_3585,30,Male,Bengaluru,Karnataka,1258490,Sensitive,2022-07-06
3586,Customer_3586,41,Female,Bengaluru,Karnataka,990852,Normal,2023-01-24
3587,Customer_3587,22,Female,Indore,Madhya Pradesh,340989,Dry,2023-03-23
3588,Customer_3588,60,Female,Jaipur,Rajasthan,1185169,Combination,2022-04-05
3589,Customer_3589,18,Female,Hyderabad,Telangana,1077977,Combination,2024-06-07
3590,Customer_3590,23,Male,Hyderabad,Telangana,891800,Dry,2024-04-07
3591,Customer_3591,52,Female,Indore,Madhya Pradesh,510913,Sensitive,2023-09-21
3592,Customer_3592,35,Female,Chandigarh,Chandigarh,387991,Normal,2023-09-22
3593,Customer_3593,41,Male,Bengaluru,Karnataka,1201558,Sensitive,2023-07-16
3594,Customer_3594,36,Male,Mumbai,Maharashtra,1092557,Normal,2024-01-14
3595,Customer_3595,54,Female,Chandigarh,Chandigarh,634088,Sensitive,2023-09-14
3596,Customer_3596,18,Male,Indore,Madhya Pradesh,1432327,Sensitive,2023-07-26
3597,Customer_3597,51,Male,Lucknow,Uttar Pradesh,1290859,Normal,2023-11-30
3598,Customer_3598,57,Male,Indore,Madhya Pradesh,1063540,Dry,2023-01-15
3599,Customer_3599,45,Male,Chandigarh,Chandigarh,1061310,Sensitive,2024-05-14
3600,Customer_3600,54,Female,Hyderabad,Telangana,1090740,Dry,2023-12-11
3601,Customer_3601,33,Male,Chandigarh,Chandigarh,346718,Dry,2022-05-16
3602,Customer_3602,40,Female,Jaipur,Rajasthan,1623428,Normal,2023-08-15
3603,Customer_3603,29,Female,Lucknow,Uttar Pradesh,330812,Combination,2022-03-22
3604,Customer_3604,18,Female,Lucknow,Uttar Pradesh,591923,Dry,2024-03-13
3605,Customer_3605,41,Female,Indore,Madhya Pradesh,1370589,Combination,2022-05-01
3606,Customer_3606,49,Female,Indore,Madhya Pradesh,909825,Dry,2023-11-19
3607,Customer_3607,49,Female,Pune,Maharashtra,1107606,Normal,2022-07-09
3608,Customer_3608,24,Male,Hyderabad,Telangana,887896,Dry,2023-09-16
3609,Customer_3609,43,Male,Chandigarh,Chandigarh,1213818,Combination,2022-07-01
3610,Customer_3610,27,Female,Pune,Maharashtra,1001009,Normal,2023-08-25
3611,Customer_3611,46,Male,Hyderabad,Telangana,1782965,Combination,2024-01-09
3612,Customer_3612,35,Male,Ahmedabad,Gujarat,520695,Normal,2022-12-21
3613,Customer_3613,41,Female,Delhi,Delhi,395150,Combination,2023-03-22
3614,Customer_3614,26,Male,Lucknow,Uttar Pradesh,1512107,Oily,2022-05-10
3615,Customer_3615,49,Male,Ahmedabad,Gujarat,1789620,Normal,2022-01-19
3616,Customer_3616,22,Female,Bengaluru,Karnataka,760445,Combination,2023-02-24
3617,Customer_3617,21,Female,Delhi,Delhi,660032,Oily,2024-04-27
3618,Customer_3618,35,Female,Pune,Maharashtra,672507,Normal,2022-06-16
3619,Customer_3619,57,Female,Lucknow,Uttar Pradesh,887199,Dry,2022-03-01
3620,Customer_3620,49,Male,Hyderabad,Telangana,637469,Combination,2024-01-05
3621,Customer_3621,33,Male,Indore,Madhya Pradesh,585736,Sensitive,2022-03-16
3622,Customer_3622,52,Female,Jaipur,Rajasthan,313100,Sensitive,2022-03-09
3623,Customer_3623,40,Male,Bengaluru,Karnataka,491819,Dry,2023-08-12
3624,Customer_3624,18,Male,Ahmedabad,Gujarat,1272704,Dry,2024-04-15
3625,Customer_3625,38,Male,Hyderabad,Telangana,1196330,Dry,2024-02-05
3626,Customer_3626,41,Male,Bengaluru,Karnataka,1223981,Dry,2024-04-20
3627,Customer_3627,26,Male,Chandigarh,Chandigarh,391960,Dry,2023-04-19
3628,Customer_3628,45,Female,Hyderabad,Telangana,1727081,Dry,2022-01-05
3629,Customer_3629,34,Male,Indore,Madhya Pradesh,1357342,Normal,2024-03-15
3630,Customer_3630,53,Female,Delhi,Delhi,1766175,Combination,2022-08-21
3631,Customer_3631,54,Female,Pune,Maharashtra,1166552,Normal,2023-07-23
3632,Customer_3632,31,Female,Chandigarh,Chandigarh,1022707,Oily,2023-09-02
3633,Customer_3633,35,Female,Delhi,Delhi,542361,Sensitive,2024-05-06
3634,Customer_3634,57,Male,Hyderabad,Telangana,1294333,Oily,2024-04-04
3635,Customer_3635,52,Male,Delhi,Delhi,747149,Dry,2022-02-06
3636,Customer_3636,39,Male,Delhi,Delhi,622393,Combination,2024-03-04
3637,Customer_3637,60,Female,Lucknow,Uttar Pradesh,765104,Oily,2022-03-12
3638,Customer_3638,36,Male,Indore,Madhya Pradesh,1054855,Sensitive,2022-09-20
3639,Customer_3639,33,Female,Lucknow,Uttar Pradesh,617475,Sensitive,2023-06-27
3640,Customer_3640,43,Female,Bengaluru,Karnataka,1444352,Sensitive,2022-02-09
3641,Customer_3641,46,Male,Jaipur,Rajasthan,1533725,Normal,2022-08-13
3642,Customer_3642,37,Male,Delhi,Delhi,1447482,Combination,2022-07-01
3643,Customer_3643,32,Female,Ahmedabad,Gujarat,1622510,Combination,2023-02-20
3644,Customer_3644,52,Male,Pune,Maharashtra,993839,Combination,2022-02-24
3645,Customer_3645,46,Female,Indore,Madhya Pradesh,1777837,Dry,2023-02-07
3646,Customer_3646,46,Female,Ahmedabad,Gujarat,1039118,Dry,2023-01-08
3647,Customer_3647,28,Male,Jaipur,Rajasthan,1483991,Oily,2024-01-17
3648,Customer_3648,56,Male,Bengaluru,Karnataka,1434228,Combination,2024-02-24
3649,Customer_3649,24,Male,Ahmedabad,Gujarat,1334702,Combination,2024-01-19
3650,Customer_3650,60,Male,Bengaluru,Karnataka,789833,Dry,2022-03-27
3651,Customer_3651,47,Female,Hyderabad,Telangana,498715,Normal,2023-12-05
3652,Customer_3652,27,Female,Bengaluru,Karnataka,918517,Sensitive,2023-11-30
3653,Customer_3653,21,Male,Jaipur,Rajasthan,652720,Dry,2023-02-20
3654,Customer_3654,41,Male,Chandigarh,Chandigarh,960869,Combination,2023-12-17
3655,Customer_3655,29,Male,Hyderabad,Telangana,473419,Oily,2022-07-06
3656,Customer_3656,38,Female,Indore,Madhya Pradesh,424824,Dry,2022-06-11
3657,Customer_3657,21,Male,Jaipur,Rajasthan,970055,Dry,2022-12-12
3658,Customer_3658,29,Female,Mumbai,Maharashtra,1672955,Normal,2022-09-23
3659,Customer_3659,58,Female,Indore,Madhya Pradesh,367089,Sensitive,2022-10-17
3660,Customer_3660,49,Male,Bengaluru,Karnataka,1228917,Oily,2024-05-14
3661,Customer_3661,47,Male,Pune,Maharashtra,1042109,Normal,2023-11-22
3662,Customer_3662,59,Male,Ahmedabad,Gujarat,783602,Dry,2022-02-19
3663,Customer_3663,43,Female,Bengaluru,Karnataka,1720901,Normal,2022-08-10
3664,Customer_3664,18,Male,Delhi,Delhi,1747096,Normal,2022-05-02
3665,Customer_3665,35,Female,Bengaluru,Karnataka,564359,Dry,2024-06-18
3666,Customer_3666,45,Male,Mumbai,Maharashtra,1362170,Normal,2023-12-17
3667,Customer_3667,22,Male,Delhi,Delhi,1438252,Combination,2023-10-04
3668,Customer_3668,24,Male,Chandigarh,Chandigarh,1671414,Combination,2023-09-23
3669,Customer_3669,29,Female,Chandigarh,Chandigarh,1025841,Oily,2023-01-18
3670,Customer_3670,39,Male,Chandigarh,Chandigarh,395849,Combination,2023-02-02
3671,Customer_3671,20,Male,Hyderabad,Telangana,1154709,Sensitive,2023-08-07
3672,Customer_3672,18,Male,Chandigarh,Chandigarh,1134212,Normal,2023-03-15
3673,Customer_3673,21,Male,Lucknow,Uttar Pradesh,1446587,Sensitive,2024-01-05
3674,Customer_3674,48,Female,Indore,Madhya Pradesh,392460,Oily,2023-05-06
3675,Customer_3675,35,Male,Lucknow,Uttar Pradesh,756768,Oily,2023-08-07
3676,Customer_3676,37,Female,Delhi,Delhi,771918,Dry,2022-01-03
3677,Customer_3677,49,Female,Jaipur,Rajasthan,1090577,Oily,2022-12-09
3678,Customer_3678,18,Male,Ahmedabad,Gujarat,636970,Combination,2024-04-28
3679,Customer_3679,22,Female,Bengaluru,Karnataka,745679,Sensitive,2022-11-17
3680,Customer_3680,26,Female,Delhi,Delhi,685131,Combination,2022-04-19
3681,Customer_3681,52,Female,Indore,Madhya Pradesh,685394,Normal,2022-03-04
3682,Customer_3682,60,Male,Pune,Maharashtra,758930,Oily,2022-11-12
3683,Customer_3683,24,Male,Ahmedabad,Gujarat,331946,Dry,2023-08-09
3684,Customer_3684,59,Female,Bengaluru,Karnataka,1719283,Dry,2022-12-31
3685,Customer_3685,18,Female,Mumbai,Maharashtra,1370463,Combination,2022-09-06
3686,Customer_3686,27,Male,Bengaluru,Karnataka,485359,Sensitive,2023-02-07
3687,Customer_3687,32,Male,Indore,Madhya Pradesh,1592404,Dry,2022-10-16
3688,Customer_3688,47,Female,Ahmedabad,Gujarat,1479800,Normal,2024-03-19
3689,Customer_3689,46,Female,Lucknow,Uttar Pradesh,1486135,Oily,2022-03-31
3690,Customer_3690,55,Female,Pune,Maharashtra,953650,Oily,2023-02-09
3691,Customer_3691,32,Male,Bengaluru,Karnataka,1178875,Oily,2024-03-27
3692,Customer_3692,27,Female,Bengaluru,Karnataka,1076038,Combination,2023-06-18
3693,Customer_3693,22,Female,Pune,Maharashtra,1268766,Sensitive,2022-01-26
3694,Customer_3694,26,Male,Chandigarh,Chandigarh,1233059,Dry,2022-04-04
3695,Customer_3695,28,Male,Ahmedabad,Gujarat,1796725,Normal,2022-01-07
3696,Customer_3696,30,Female,Pune,Maharashtra,1768895,Oily,2022-04-12
3697,Customer_3697,60,Male,Chandigarh,Chandigarh,441610,Combination,2023-06-22
3698,Customer_3698,51,Female,Hyderabad,Telangana,308967,Combination,2023-08-03
3699,Customer_3699,45,Male,Hyderabad,Telangana,535016,Normal,2023-03-24
3700,Customer_3700,52,Female,Mumbai,Maharashtra,996916,Normal,2023-07-18
3701,Customer_3701,55,Female,Hyderabad,Telangana,1493227,Sensitive,2023-12-08
3702,Customer_3702,28,Male,Indore,Madhya Pradesh,1100524,Normal,2023-06-14
3703,Customer_3703,21,Female,Bengaluru,Karnataka,795626,Sensitive,2023-07-02
3704,Customer_3704,31,Male,Chandigarh,Chandigarh,1448167,Sensitive,2023-09-16
3705,Customer_3705,50,Female,Pune,Maharashtra,661503,Normal,2022-10-10
3706,Customer_3706,37,Male,Ahmedabad,Gujarat,1678576,Dry,2023-06-11
3707,Customer_3707,28,Female,Pune,Maharashtra,640815,Dry,2022-02-25
3708,Customer_3708,53,Male,Pune,Maharashtra,1589836,Combination,2023-07-04
3709,Customer_3709,58,Male,Pune,Maharashtra,583682,Oily,2022-03-02
3710,Customer_3710,23,Female,Delhi,Delhi,884569,Sensitive,2022-10-13
3711,Customer_3711,26,Male,Mumbai,Maharashtra,438493,Sensitive,2023-01-04
3712,Customer_3712,56,Male,Chandigarh,Chandigarh,1770314,Dry,2023-11-21
3713,Customer_3713,58,Male,Pune,Maharashtra,567556,Dry,2023-10-12
3714,Customer_3714,21,Female,Mumbai,Maharashtra,1798193,Oily,2022-08-13
3715,Customer_3715,26,Female,Pune,Maharashtra,1344438,Combination,2024-05-20
3716,Customer_3716,24,Male,Pune,Maharashtra,1082092,Oily,2022-02-12
3717,Customer_3717,50,Male,Pune,Maharashtra,1176459,Combination,2022-02-18
3718,Customer_3718,34,Female,Jaipur,Rajasthan,713225,Dry,2023-11-30
3719,Customer_3719,40,Male,Bengaluru,Karnataka,1222684,Sensitive,2023-04-16
3720,Customer_3720,43,Male,Ahmedabad,Gujarat,1581580,Normal,2022-08-18
3721,Customer_3721,22,Male,Pune,Maharashtra,1666842,Oily,2023-09-05
3722,Customer_3722,44,Male,Hyderabad,Telangana,1284982,Combination,2023-01-23
3723,Customer_3723,20,Male,Chandigarh,Chandigarh,1520626,Normal,2022-08-12
3724,Customer_3724,19,Female,Hyderabad,Telangana,819970,Normal,2024-04-20
3725,Customer_3725,22,Female,Delhi,Delhi,1121836,Oily,2022-06-04
3726,Customer_3726,23,Male,Chandigarh,Chandigarh,548544,Sensitive,2023-05-14
3727,Customer_3727,50,Male,Bengaluru,Karnataka,1069429,Sensitive,2023-07-25
3728,Customer_3728,44,Female,Ahmedabad,Gujarat,1265748,Dry,2023-01-28
3729,Customer_3729,43,Male,Mumbai,Maharashtra,476397,Normal,2023-06-09
3730,Customer_3730,41,Female,Jaipur,Rajasthan,426761,Combination,2023-08-19
3731,Customer_3731,34,Female,Delhi,Delhi,1675788,Dry,2023-03-28
3732,Customer_3732,43,Male,Jaipur,Rajasthan,1736250,Combination,2023-09-12
3733,Customer_3733,32,Female,Mumbai,Maharashtra,1020979,Dry,2022-11-06
3734,Customer_3734,42,Male,Chandigarh,Chandigarh,1251300,Oily,2022-05-13
3735,Customer_3735,42,Male,Pune,Maharashtra,1209828,Dry,2022-04-01
3736,Customer_3736,27,Female,Delhi,Delhi,753912,Sensitive,2023-11-13
3737,Customer_3737,39,Female,Pune,Maharashtra,859006,Oily,2022-04-14
3738,Customer_3738,50,Male,Lucknow,Uttar Pradesh,1419461,Sensitive,2023-09-01
3739,Customer_3739,24,Female,Chandigarh,Chandigarh,609369,Oily,2024-01-12
3740,Customer_3740,23,Female,Delhi,Delhi,852955,Oily,2022-07-25
3741,Customer_3741,39,Male,Lucknow,Uttar Pradesh,580972,Combination,2023-04-17
3742,Customer_3742,41,Male,Pune,Maharashtra,1064769,Normal,2022-08-30
3743,Customer_3743,33,Female,Mumbai,Maharashtra,724268,Dry,2024-04-08
3744,Customer_3744,22,Male,Mumbai,Maharashtra,1781440,Combination,2024-05-18
3745,Customer_3745,49,Female,Lucknow,Uttar Pradesh,358698,Combination,2024-01-07
3746,Customer_3746,41,Female,Delhi,Delhi,1118737,Normal,2023-11-23
3747,Customer_3747,49,Female,Delhi,Delhi,1251124,Sensitive,2023-08-24
3748,Customer_3748,58,Female,Delhi,Delhi,718105,Combination,2022-09-03
3749,Customer_3749,41,Female,Jaipur,Rajasthan,868023,Sensitive,2023-01-31
3750,Customer_3750,50,Female,Chandigarh,Chandigarh,433341,Sensitive,2022-08-02
3751,Customer_3751,26,Male,Delhi,Delhi,671370,Combination,2022-10-20
3752,Customer_3752,19,Male,Ahmedabad,Gujarat,1501010,Combination,2024-05-08
3753,Customer_3753,37,Male,Chandigarh,Chandigarh,1016576,Oily,2024-02-18
3754,Customer_3754,56,Male,Jaipur,Rajasthan,977582,Combination,2023-08-13
3755,Customer_3755,43,Female,Jaipur,Rajasthan,1236764,Oily,2022-04-26
3756,Customer_3756,18,Female,Mumbai,Maharashtra,879199,Oily,2022-09-03
3757,Customer_3757,55,Male,Ahmedabad,Gujarat,857202,Oily,2023-01-30
3758,Customer_3758,36,Male,Hyderabad,Telangana,1700263,Combination,2023-10-29
3759,Customer_3759,55,Male,Lucknow,Uttar Pradesh,819700,Oily,2023-03-02
3760,Customer_3760,37,Female,Hyderabad,Telangana,947907,Oily,2024-01-06
3761,Customer_3761,46,Female,Bengaluru,Karnataka,761395,Sensitive,2022-08-20
3762,Customer_3762,19,Male,Hyderabad,Telangana,1420210,Dry,2023-05-23
3763,Customer_3763,40,Male,Lucknow,Uttar Pradesh,597981,Dry,2022-03-23
3764,Customer_3764,53,Female,Ahmedabad,Gujarat,493730,Normal,2022-10-15
3765,Customer_3765,28,Male,Ahmedabad,Gujarat,1060737,Combination,2024-01-27
3766,Customer_3766,45,Female,Pune,Maharashtra,844759,Combination,2024-05-14
3767,Customer_3767,21,Male,Indore,Madhya Pradesh,1342746,Oily,2023-10-21
3768,Customer_3768,59,Male,Pune,Maharashtra,1750182,Normal,2023-02-25
3769,Customer_3769,27,Male,Ahmedabad,Gujarat,1232623,Sensitive,2023-04-09
3770,Customer_3770,54,Female,Pune,Maharashtra,1139500,Combination,2023-02-21
3771,Customer_3771,30,Female,Mumbai,Maharashtra,307141,Dry,2022-10-13
3772,Customer_3772,59,Male,Bengaluru,Karnataka,1619737,Combination,2024-04-14
3773,Customer_3773,46,Male,Pune,Maharashtra,351561,Combination,2022-11-30
3774,Customer_3774,60,Male,Lucknow,Uttar Pradesh,376266,Dry,2022-06-05
3775,Customer_3775,29,Male,Indore,Madhya Pradesh,437809,Combination,2022-07-10
3776,Customer_3776,47,Male,Ahmedabad,Gujarat,551480,Sensitive,2022-01-28
3777,Customer_3777,37,Male,Chandigarh,Chandigarh,1503061,Dry,2024-02-27
3778,Customer_3778,43,Male,Mumbai,Maharashtra,1336783,Oily,2022-02-05
3779,Customer_3779,25,Male,Mumbai,Maharashtra,1092898,Normal,2022-12-21
3780,Customer_3780,27,Female,Ahmedabad,Gujarat,669120,Dry,2023-09-08
3781,Customer_3781,54,Female,Pune,Maharashtra,816174,Combination,2022-05-11
3782,Customer_3782,57,Female,Ahmedabad,Gujarat,1682597,Oily,2022-08-29
3783,Customer_3783,28,Male,Pune,Maharashtra,1642044,Sensitive,2022-08-21
3784,Customer_3784,30,Male,Chandigarh,Chandigarh,302986,Combination,2023-01-08
3785,Customer_3785,32,Female,Indore,Madhya Pradesh,772911,Oily,2022-08-21
3786,Customer_3786,45,Male,Jaipur,Rajasthan,1363834,Combination,2022-02-05
3787,Customer_3787,43,Male,Indore,Madhya Pradesh,402665,Normal,2023-04-16
3788,Customer_3788,50,Male,Bengaluru,Karnataka,1115980,Normal,2023-05-25
3789,Customer_3789,50,Male,Hyderabad,Telangana,719227,Sensitive,2022-02-09
3790,Customer_3790,18,Female,Hyderabad,Telangana,561475,Oily,2023-02-10
3791,Customer_3791,40,Male,Hyderabad,Telangana,1470789,Normal,2023-10-10
3792,Customer_3792,23,Female,Pune,Maharashtra,1697165,Sensitive,2023-12-26
3793,Customer_3793,52,Female,Delhi,Delhi,1144181,Sensitive,2022-07-25
3794,Customer_3794,46,Female,Ahmedabad,Gujarat,574777,Oily,2022-08-03
3795,Customer_3795,27,Male,Mumbai,Maharashtra,638450,Normal,2022-01-18
3796,Customer_3796,56,Female,Hyderabad,Telangana,832165,Oily,2022-12-21
3797,Customer_3797,60,Male,Lucknow,Uttar Pradesh,1694614,Oily,2022-07-02
3798,Customer_3798,43,Male,Ahmedabad,Gujarat,1090682,Oily,2024-04-20
3799,Customer_3799,39,Male,Chandigarh,Chandigarh,1079282,Dry,2023-02-03
3800,Customer_3800,58,Female,Mumbai,Maharashtra,813051,Dry,2024-05-25
3801,Customer_3801,52,Male,Hyderabad,Telangana,869494,Sensitive,2023-12-02
3802,Customer_3802,35,Male,Indore,Madhya Pradesh,795587,Dry,2023-05-13
3803,Customer_3803,32,Female,Ahmedabad,Gujarat,555904,Normal,2022-11-28
3804,Customer_3804,18,Male,Pune,Maharashtra,760852,Sensitive,2022-06-28
3805,Customer_3805,60,Male,Jaipur,Rajasthan,1366858,Combination,2023-11-11
3806,Customer_3806,32,Female,Jaipur,Rajasthan,1677516,Combination,2023-01-31
3807,Customer_3807,38,Female,Hyderabad,Telangana,1298546,Dry,2023-01-06
3808,Customer_3808,34,Male,Ahmedabad,Gujarat,665491,Dry,2023-01-13
3809,Customer_3809,45,Female,Hyderabad,Telangana,451038,Dry,2023-08-03
3810,Customer_3810,39,Female,Ahmedabad,Gujarat,869626,Dry,2023-08-07
3811,Customer_3811,54,Female,Hyderabad,Telangana,1542405,Oily,2023-08-29
3812,Customer_3812,46,Female,Ahmedabad,Gujarat,1050261,Oily,2022-03-03
3813,Customer_3813,18,Male,Indore,Madhya Pradesh,338084,Combination,2022-06-22
3814,Customer_3814,28,Male,Jaipur,Rajasthan,449150,Normal,2024-06-06
3815,Customer_3815,24,Male,Indore,Madhya Pradesh,1687543,Dry,2022-06-03
3816,Customer_3816,22,Male,Delhi,Delhi,1498676,Oily,2024-02-09
3817,Customer_3817,57,Female,Jaipur,Rajasthan,1270472,Normal,2023-08-04
3818,Customer_3818,43,Male,Indore,Madhya Pradesh,1487815,Normal,2023-05-01
3819,Customer_3819,22,Male,Mumbai,Maharashtra,1194146,Sensitive,2023-05-11
3820,Customer_3820,23,Male,Mumbai,Maharashtra,576512,Sensitive,2023-10-30
3821,Customer_3821,19,Female,Jaipur,Rajasthan,1011183,Normal,2023-06-28
3822,Customer_3822,57,Female,Lucknow,Uttar Pradesh,1660523,Normal,2023-03-07
3823,Customer_3823,33,Male,Ahmedabad,Gujarat,1623229,Normal,2023-12-17
3824,Customer_3824,30,Male,Delhi,Delhi,1563781,Dry,2023-10-08
3825,Customer_3825,39,Female,Jaipur,Rajasthan,695053,Dry,2023-06-09
3826,Customer_3826,58,Female,Chandigarh,Chandigarh,681029,Oily,2022-05-08
3827,Customer_3827,20,Male,Pune,Maharashtra,553863,Normal,2022-03-12
3828,Customer_3828,19,Female,Ahmedabad,Gujarat,1319823,Sensitive,2022-10-06
3829,Customer_3829,54,Female,Delhi,Delhi,895784,Sensitive,2022-01-08
3830,Customer_3830,18,Male,Bengaluru,Karnataka,1182617,Normal,2023-04-21
3831,Customer_3831,37,Female,Jaipur,Rajasthan,1442435,Sensitive,2023-05-24
3832,Customer_3832,37,Female,Jaipur,Rajasthan,1543791,Sensitive,2022-11-13
3833,Customer_3833,44,Male,Hyderabad,Telangana,1108781,Combination,2023-03-13
3834,Customer_3834,34,Female,Bengaluru,Karnataka,369261,Dry,2023-02-21
3835,Customer_3835,40,Female,Mumbai,Maharashtra,1765975,Oily,2023-04-27
3836,Customer_3836,20,Female,Mumbai,Maharashtra,871263,Normal,2023-03-13
3837,Customer_3837,29,Female,Chandigarh,Chandigarh,1225639,Dry,2022-04-23
3838,Customer_3838,59,Female,Chandigarh,Chandigarh,588050,Normal,2023-12-14
3839,Customer_3839,32,Female,Jaipur,Rajasthan,731779,Dry,2023-12-13
3840,Customer_3840,55,Female,Ahmedabad,Gujarat,316687,Oily,2023-01-12
3841,Customer_3841,25,Male,Ahmedabad,Gujarat,1409427,Oily,2023-04-19
3842,Customer_3842,31,Female,Jaipur,Rajasthan,928536,Oily,2022-03-22
3843,Customer_3843,57,Female,Ahmedabad,Gujarat,1399998,Normal,2024-05-20
3844,Customer_3844,54,Female,Lucknow,Uttar Pradesh,1582878,Sensitive,2022-12-24
3845,Customer_3845,44,Female,Delhi,Delhi,820122,Combination,2022-12-05
3846,Customer_3846,36,Male,Delhi,Delhi,944646,Combination,2024-03-15
3847,Customer_3847,37,Male,Hyderabad,Telangana,1129469,Normal,2023-09-10
3848,Customer_3848,33,Male,Chandigarh,Chandigarh,1779933,Combination,2022-10-10
3849,Customer_3849,46,Female,Chandigarh,Chandigarh,774826,Normal,2022-10-04
3850,Customer_3850,34,Male,Jaipur,Rajasthan,1402733,Normal,2022-06-25
3851,Customer_3851,32,Male,Pune,Maharashtra,1544284,Combination,2023-05-28
3852,Customer_3852,26,Female,Jaipur,Rajasthan,758282,Normal,2023-11-17
3853,Customer_3853,59,Female,Lucknow,Uttar Pradesh,509209,Oily,2022-06-11
3854,Customer_3854,18,Female,Hyderabad,Telangana,570718,Dry,2023-12-09
3855,Customer_3855,25,Female,Pune,Maharashtra,390915,Sensitive,2022-12-01
3856,Customer_3856,51,Female,Delhi,Delhi,704155,Combination,2023-10-08
3857,Customer_3857,41,Female,Jaipur,Rajasthan,1291151,Normal,2022-05-16
3858,Customer_3858,20,Male,Pune,Maharashtra,321308,Dry,2022-11-06
3859,Customer_3859,54,Female,Delhi,Delhi,938345,Sensitive,2022-03-07
3860,Customer_3860,57,Male,Pune,Maharashtra,1488190,Dry,2024-04-22
3861,Customer_3861,27,Female,Bengaluru,Karnataka,523632,Oily,2024-03-08
3862,Customer_3862,31,Female,Hyderabad,Telangana,999019,Sensitive,2024-06-04
3863,Customer_3863,51,Female,Ahmedabad,Gujarat,699118,Combination,2023-08-20
3864,Customer_3864,58,Female,Ahmedabad,Gujarat,304858,Normal,2023-03-17
3865,Customer_3865,54,Male,Hyderabad,Telangana,444251,Combination,2023-12-24
3866,Customer_3866,53,Female,Ahmedabad,Gujarat,696681,Combination,2023-12-14
3867,Customer_3867,43,Female,Ahmedabad,Gujarat,764073,Dry,2022-03-16
3868,Customer_3868,52,Female,Mumbai,Maharashtra,400784,Oily,2022-10-31
3869,Customer_3869,30,Female,Pune,Maharashtra,630451,Oily,2022-02-04
3870,Customer_3870,30,Female,Mumbai,Maharashtra,1259487,Combination,2022-07-07
3871,Customer_3871,44,Male,Delhi,Delhi,1675780,Dry,2022-01-20
3872,Customer_3872,32,Female,Delhi,Delhi,1797797,Normal,2023-03-02
3873,Customer_3873,60,Female,Lucknow,Uttar Pradesh,1433033,Dry,2022-02-03
3874,Customer_3874,59,Female,Lucknow,Uttar Pradesh,1790562,Oily,2023-08-06
3875,Customer_3875,42,Male,Delhi,Delhi,620844,Dry,2023-10-25
3876,Customer_3876,46,Female,Indore,Madhya Pradesh,435080,Sensitive,2022-09-27
3877,Customer_3877,20,Female,Mumbai,Maharashtra,735870,Combination,2022-03-01
3878,Customer_3878,32,Female,Pune,Maharashtra,398422,Oily,2022-06-15
3879,Customer_3879,57,Female,Lucknow,Uttar Pradesh,1185258,Sensitive,2022-12-13
3880,Customer_3880,46,Female,Pune,Maharashtra,634460,Oily,2022-07-25
3881,Customer_3881,51,Male,Pune,Maharashtra,1607801,Oily,2022-01-10
3882,Customer_3882,19,Male,Pune,Maharashtra,992456,Sensitive,2023-08-11
3883,Customer_3883,31,Male,Hyderabad,Telangana,320889,Oily,2022-01-23
3884,Customer_3884,30,Female,Mumbai,Maharashtra,1156249,Sensitive,2023-03-28
3885,Customer_3885,25,Female,Hyderabad,Telangana,1256918,Combination,2024-04-15
3886,Customer_3886,46,Female,Bengaluru,Karnataka,597783,Sensitive,2023-09-17
3887,Customer_3887,40,Female,Chandigarh,Chandigarh,822449,Dry,2022-06-27
3888,Customer_3888,59,Female,Delhi,Delhi,741679,Dry,2022-03-22
3889,Customer_3889,32,Female,Pune,Maharashtra,1322647,Oily,2022-08-29
3890,Customer_3890,31,Female,Bengaluru,Karnataka,576425,Dry,2022-05-11
3891,Customer_3891,36,Female,Lucknow,Uttar Pradesh,442818,Normal,2024-04-08
3892,Customer_3892,23,Female,Bengaluru,Karnataka,641928,Oily,2023-11-09
3893,Customer_3893,36,Male,Pune,Maharashtra,1082866,Dry,2023-03-26
3894,Customer_3894,34,Female,Jaipur,Rajasthan,513050,Sensitive,2023-10-20
3895,Customer_3895,38,Female,Indore,Madhya Pradesh,1168053,Dry,2023-09-30
3896,Customer_3896,29,Female,Chandigarh,Chandigarh,404954,Sensitive,2023-01-04
3897,Customer_3897,32,Female,Lucknow,Uttar Pradesh,623142,Sensitive,2023-10-07
3898,Customer_3898,39,Male,Pune,Maharashtra,677233,Oily,2022-11-21
3899,Customer_3899,20,Female,Chandigarh,Chandigarh,1107985,Sensitive,2024-02-16
3900,Customer_3900,36,Female,Lucknow,Uttar Pradesh,1363535,Oily,2022-09-11
3901,Customer_3901,33,Male,Indore,Madhya Pradesh,1246590,Normal,2024-02-27
3902,Customer_3902,29,Male,Hyderabad,Telangana,572610,Dry,2022-03-30
3903,Customer_3903,25,Female,Bengaluru,Karnataka,1376914,Dry,2022-08-30
3904,Customer_3904,53,Female,Ahmedabad,Gujarat,1588051,Dry,2023-11-17
3905,Customer_3905,47,Male,Hyderabad,Telangana,1316555,Combination,2023-12-12
3906,Customer_3906,58,Male,Bengaluru,Karnataka,1554651,Oily,2022-12-27
3907,Customer_3907,55,Female,Hyderabad,Telangana,1756356,Combination,2022-07-02
3908,Customer_3908,38,Male,Chandigarh,Chandigarh,1335975,Dry,2022-06-26
3909,Customer_3909,27,Female,Pune,Maharashtra,1113297,Combination,2022-09-13
3910,Customer_3910,53,Female,Mumbai,Maharashtra,681236,Oily,2022-01-22
3911,Customer_3911,36,Male,Ahmedabad,Gujarat,602707,Dry,2023-01-20
3912,Customer_3912,42,Female,Pune,Maharashtra,1736757,Combination,2023-08-29
3913,Customer_3913,30,Male,Jaipur,Rajasthan,303161,Normal,2024-04-16
3914,Customer_3914,30,Female,Mumbai,Maharashtra,917459,Combination,2023-03-30
3915,Customer_3915,37,Female,Bengaluru,Karnataka,1366558,Normal,2023-08-18
3916,Customer_3916,18,Female,Ahmedabad,Gujarat,1274389,Dry,2024-04-03
3917,Customer_3917,18,Female,Pune,Maharashtra,1587336,Sensitive,2024-02-24
3918,Customer_3918,40,Male,Lucknow,Uttar Pradesh,1583619,Combination,2022-07-14
3919,Customer_3919,49,Female,Indore,Madhya Pradesh,1608442,Oily,2023-02-11
3920,Customer_3920,58,Male,Jaipur,Rajasthan,635456,Normal,2024-01-29
3921,Customer_3921,44,Male,Ahmedabad,Gujarat,862052,Oily,2023-04-09
3922,Customer_3922,48,Female,Indore,Madhya Pradesh,657556,Oily,2023-01-03
3923,Customer_3923,27,Male,Chandigarh,Chandigarh,1177366,Dry,2023-02-13
3924,Customer_3924,52,Male,Ahmedabad,Gujarat,597292,Normal,2022-05-18
3925,Customer_3925,59,Female,Bengaluru,Karnataka,1501048,Oily,2022-06-04
3926,Customer_3926,36,Male,Chandigarh,Chandigarh,449602,Combination,2024-06-04
3927,Customer_3927,31,Male,Jaipur,Rajasthan,618001,Normal,2022-11-22
3928,Customer_3928,60,Female,Ahmedabad,Gujarat,787779,Sensitive,2022-09-08
3929,Customer_3929,60,Male,Indore,Madhya Pradesh,1654241,Sensitive,2022-06-26
3930,Customer_3930,36,Male,Chandigarh,Chandigarh,389643,Sensitive,2023-01-22
3931,Customer_3931,39,Female,Hyderabad,Telangana,1607579,Normal,2022-01-28
3932,Customer_3932,39,Male,Lucknow,Uttar Pradesh,707962,Oily,2024-01-12
3933,Customer_3933,32,Male,Hyderabad,Telangana,391455,Combination,2023-08-11
3934,Customer_3934,32,Male,Lucknow,Uttar Pradesh,434704,Dry,2022-07-01
3935,Customer_3935,24,Male,Pune,Maharashtra,459948,Combination,2024-02-07
3936,Customer_3936,50,Male,Delhi,Delhi,1791554,Combination,2023-07-06
3937,Customer_3937,45,Female,Pune,Maharashtra,1423623,Sensitive,2023-02-16
3938,Customer_3938,18,Male,Delhi,Delhi,1522323,Dry,2023-06-28
3939,Customer_3939,34,Male,Ahmedabad,Gujarat,1116763,Combination,2022-11-09
3940,Customer_3940,18,Male,Pune,Maharashtra,1114255,Oily,2023-08-07
3941,Customer_3941,49,Female,Lucknow,Uttar Pradesh,1638572,Normal,2023-05-07
3942,Customer_3942,38,Female,Mumbai,Maharashtra,1113101,Sensitive,2022-10-16
3943,Customer_3943,37,Male,Jaipur,Rajasthan,1549469,Sensitive,2024-01-12
3944,Customer_3944,31,Female,Pune,Maharashtra,1680982,Oily,2022-04-25
3945,Customer_3945,27,Female,Chandigarh,Chandigarh,603731,Oily,2022-03-18
3946,Customer_3946,29,Male,Mumbai,Maharashtra,940969,Dry,2022-02-16
3947,Customer_3947,28,Female,Delhi,Delhi,1415469,Oily,2024-03-25
3948,Customer_3948,36,Female,Hyderabad,Telangana,1371812,Normal,2024-03-02
3949,Customer_3949,23,Female,Hyderabad,Telangana,1589742,Sensitive,2022-06-07
3950,Customer_3950,55,Female,Jaipur,Rajasthan,1506632,Normal,2022-04-09
3951,Customer_3951,50,Male,Pune,Maharashtra,532560,Normal,2022-01-21
3952,Customer_3952,32,Female,Bengaluru,Karnataka,1185518,Sensitive,2022-01-22
3953,Customer_3953,18,Male,Pune,Maharashtra,311288,Combination,2022-07-21
3954,Customer_3954,52,Female,Pune,Maharashtra,705571,Normal,2023-02-10
3955,Customer_3955,24,Male,Mumbai,Maharashtra,974791,Dry,2022-12-01
3956,Customer_3956,35,Male,Pune,Maharashtra,1410358,Oily,2023-07-18
3957,Customer_3957,40,Male,Bengaluru,Karnataka,1176462,Normal,2022-06-25
3958,Customer_3958,57,Male,Chandigarh,Chandigarh,425076,Sensitive,2023-02-12
3959,Customer_3959,45,Male,Lucknow,Uttar Pradesh,1259213,Sensitive,2022-09-07
3960,Customer_3960,29,Male,Mumbai,Maharashtra,1351934,Normal,2023-01-30
3961,Customer_3961,31,Female,Mumbai,Maharashtra,1154608,Dry,2023-06-02
3962,Customer_3962,58,Male,Ahmedabad,Gujarat,1623525,Normal,2024-04-10
3963,Customer_3963,29,Female,Jaipur,Rajasthan,1253943,Dry,2022-09-11
3964,Customer_3964,53,Female,Jaipur,Rajasthan,527876,Dry,2022-03-18
3965,Customer_3965,27,Male,Mumbai,Maharashtra,721789,Oily,2024-01-05
3966,Customer_3966,27,Male,Chandigarh,Chandigarh,1711439,Normal,2024-05-19
3967,Customer_3967,32,Female,Lucknow,Uttar Pradesh,691821,Sensitive,2024-01-25
3968,Customer_3968,22,Female,Chandigarh,Chandigarh,982343,Dry,2023-02-20
3969,Customer_3969,49,Female,Indore,Madhya Pradesh,499170,Dry,2023-03-09
3970,Customer_3970,55,Male,Ahmedabad,Gujarat,313157,Normal,2023-06-20
3971,Customer_3971,59,Female,Hyderabad,Telangana,818756,Dry,2023-09-29
3972,Customer_3972,47,Female,Pune,Maharashtra,1159311,Dry,2023-04-17
3973,Customer_3973,25,Female,Lucknow,Uttar Pradesh,1544493,Sensitive,2023-08-17
3974,Customer_3974,59,Male,Lucknow,Uttar Pradesh,1434596,Combination,2022-12-25
3975,Customer_3975,29,Male,Indore,Madhya Pradesh,615988,Sensitive,2023-01-21
3976,Customer_3976,43,Female,Ahmedabad,Gujarat,658224,Normal,2024-06-09
3977,Customer_3977,54,Male,Ahmedabad,Gujarat,590174,Combination,2023-04-04
3978,Customer_3978,37,Male,Mumbai,Maharashtra,1020221,Combination,2022-08-17
3979,Customer_3979,35,Female,Chandigarh,Chandigarh,1617587,Dry,2024-02-22
3980,Customer_3980,37,Male,Indore,Madhya Pradesh,1514946,Normal,2022-01-24
3981,Customer_3981,35,Female,Indore,Madhya Pradesh,599304,Normal,2023-02-26
3982,Customer_3982,55,Female,Jaipur,Rajasthan,431971,Sensitive,2023-08-11
3983,Customer_3983,43,Female,Chandigarh,Chandigarh,345285,Normal,2022-01-04
3984,Customer_3984,56,Female,Lucknow,Uttar Pradesh,943812,Sensitive,2022-09-19
3985,Customer_3985,40,Female,Lucknow,Uttar Pradesh,1150663,Combination,2022-03-19
3986,Customer_3986,30,Female,Lucknow,Uttar Pradesh,536023,Sensitive,2023-04-19
3987,Customer_3987,36,Female,Mumbai,Maharashtra,1388395,Combination,2022-07-31
3988,Customer_3988,55,Male,Jaipur,Rajasthan,1098638,Combination,2024-03-06
3989,Customer_3989,52,Male,Chandigarh,Chandigarh,856208,Combination,2022-11-20
3990,Customer_3990,56,Male,Bengaluru,Karnataka,1690162,Normal,2024-04-05
3991,Customer_3991,18,Female,Jaipur,Rajasthan,658406,Dry,2024-05-05
3992,Customer_3992,28,Female,Bengaluru,Karnataka,592638,Sensitive,2022-02-10
3993,Customer_3993,43,Female,Jaipur,Rajasthan,1459466,Normal,2022-03-04
3994,Customer_3994,52,Male,Bengaluru,Karnataka,867404,Normal,2024-05-03
3995,Customer_3995,40,Male,Delhi,Delhi,764392,Dry,2023-07-24
3996,Customer_3996,54,Male,Lucknow,Uttar Pradesh,1696127,Dry,2022-12-04
3997,Customer_3997,37,Male,Indore,Madhya Pradesh,1597831,Normal,2024-01-25
3998,Customer_3998,34,Male,Indore,Madhya Pradesh,1460421,Combination,2023-03-02
3999,Customer_3999,18,Male,Mumbai,Maharashtra,1237590,Combination,2022-01-14
4000,Customer_4000,18,Male,Bengaluru,Karnataka,396310,Combination,2024-01-08
4001,Customer_4001,43,Male,Jaipur,Rajasthan,1541878,Normal,2022-12-31
4002,Customer_4002,19,Female,Mumbai,Maharashtra,1112442,Combination,2022-04-10
4003,Customer_4003,34,Male,Lucknow,Uttar Pradesh,1219129,Normal,2023-11-12
4004,Customer_4004,45,Female,Delhi,Delhi,1494290,Dry,2023-05-30
4005,Customer_4005,19,Male,Indore,Madhya Pradesh,1413209,Sensitive,2022-06-15
4006,Customer_4006,59,Male,Jaipur,Rajasthan,365494,Dry,2023-10-09
4007,Customer_4007,45,Female,Mumbai,Maharashtra,1742698,Dry,2022-02-18
4008,Customer_4008,35,Female,Mumbai,Maharashtra,935470,Combination,2022-05-15
4009,Customer_4009,56,Male,Chandigarh,Chandigarh,1125008,Sensitive,2022-10-08
4010,Customer_4010,45,Female,Ahmedabad,Gujarat,1084807,Oily,2022-11-05
4011,Customer_4011,42,Male,Bengaluru,Karnataka,564337,Dry,2022-11-28
4012,Customer_4012,57,Female,Ahmedabad,Gujarat,1301781,Oily,2022-11-19
4013,Customer_4013,29,Male,Jaipur,Rajasthan,679165,Dry,2023-09-16
4014,Customer_4014,39,Male,Bengaluru,Karnataka,751841,Combination,2023-03-27
4015,Customer_4015,34,Female,Bengaluru,Karnataka,944461,Sensitive,2023-02-03
4016,Customer_4016,52,Female,Delhi,Delhi,1735991,Combination,2023-01-17
4017,Customer_4017,32,Female,Chandigarh,Chandigarh,984211,Oily,2022-04-09
4018,Customer_4018,52,Male,Mumbai,Maharashtra,955443,Dry,2023-05-16
4019,Customer_4019,26,Female,Hyderabad,Telangana,998387,Combination,2022-08-12
4020,Customer_4020,28,Male,Hyderabad,Telangana,306971,Oily,2023-02-08
4021,Customer_4021,60,Male,Pune,Maharashtra,491689,Dry,2024-01-05
4022,Customer_4022,33,Male,Indore,Madhya Pradesh,1628141,Sensitive,2023-05-22
4023,Customer_4023,45,Female,Pune,Maharashtra,1424223,Normal,2024-01-20
4024,Customer_4024,57,Female,Mumbai,Maharashtra,1465356,Combination,2023-12-31
4025,Customer_4025,53,Female,Ahmedabad,Gujarat,658548,Oily,2023-08-22
4026,Customer_4026,28,Female,Delhi,Delhi,593481,Combination,2022-04-14
4027,Customer_4027,25,Female,Jaipur,Rajasthan,1326039,Combination,2023-09-22
4028,Customer_4028,46,Male,Hyderabad,Telangana,414796,Combination,2022-02-23
4029,Customer_4029,58,Male,Lucknow,Uttar Pradesh,1061838,Combination,2023-09-06
4030,Customer_4030,34,Female,Hyderabad,Telangana,1252333,Combination,2022-10-03
4031,Customer_4031,32,Female,Indore,Madhya Pradesh,1639301,Oily,2023-01-01
4032,Customer_4032,37,Female,Pune,Maharashtra,1409234,Combination,2022-04-25
4033,Customer_4033,25,Female,Indore,Madhya Pradesh,1517566,Combination,2023-12-21
4034,Customer_4034,47,Male,Chandigarh,Chandigarh,845170,Combination,2024-05-17
4035,Customer_4035,31,Male,Chandigarh,Chandigarh,999127,Oily,2023-05-16
4036,Customer_4036,52,Male,Lucknow,Uttar Pradesh,766082,Oily,2022-05-08
4037,Customer_4037,31,Female,Lucknow,Uttar Pradesh,474369,Dry,2023-12-06
4038,Customer_4038,33,Male,Mumbai,Maharashtra,1195743,Dry,2023-06-10
4039,Customer_4039,50,Male,Indore,Madhya Pradesh,1467728,Dry,2022-12-28
4040,Customer_4040,48,Female,Pune,Maharashtra,711669,Dry,2022-10-20
4041,Customer_4041,45,Male,Lucknow,Uttar Pradesh,962636,Dry,2022-11-17
4042,Customer_4042,25,Female,Pune,Maharashtra,1750200,Combination,2023-02-23
4043,Customer_4043,60,Male,Ahmedabad,Gujarat,986686,Oily,2023-05-10
4044,Customer_4044,21,Male,Lucknow,Uttar Pradesh,1373498,Normal,2024-06-03
4045,Customer_4045,40,Female,Hyderabad,Telangana,1737721,Sensitive,2022-07-12
4046,Customer_4046,35,Female,Delhi,Delhi,1341370,Dry,2024-01-23
4047,Customer_4047,46,Female,Indore,Madhya Pradesh,640966,Normal,2024-04-08
4048,Customer_4048,55,Male,Jaipur,Rajasthan,950938,Oily,2022-08-03
4049,Customer_4049,26,Female,Jaipur,Rajasthan,1088677,Sensitive,2022-09-26
4050,Customer_4050,21,Male,Ahmedabad,Gujarat,1745973,Dry,2022-04-25
4051,Customer_4051,52,Female,Bengaluru,Karnataka,1305984,Oily,2023-08-15
4052,Customer_4052,52,Male,Bengaluru,Karnataka,1733944,Combination,2022-06-17
4053,Customer_4053,23,Female,Hyderabad,Telangana,1691609,Normal,2022-10-25
4054,Customer_4054,28,Female,Delhi,Delhi,1117600,Combination,2024-01-24
4055,Customer_4055,51,Female,Lucknow,Uttar Pradesh,1598668,Normal,2024-01-12
4056,Customer_4056,55,Female,Indore,Madhya Pradesh,1218637,Oily,2023-07-29
4057,Customer_4057,49,Female,Ahmedabad,Gujarat,1631921,Normal,2022-12-23
4058,Customer_4058,26,Male,Lucknow,Uttar Pradesh,1542218,Dry,2022-07-03
4059,Customer_4059,22,Female,Pune,Maharashtra,1524331,Sensitive,2024-01-19
4060,Customer_4060,56,Male,Lucknow,Uttar Pradesh,588691,Combination,2023-06-26
4061,Customer_4061,30,Female,Lucknow,Uttar Pradesh,471860,Sensitive,2022-01-15
4062,Customer_4062,55,Female,Ahmedabad,Gujarat,850905,Combination,2024-04-10
4063,Customer_4063,35,Male,Hyderabad,Telangana,1192241,Sensitive,2024-02-18
4064,Customer_4064,51,Female,Pune,Maharashtra,1397586,Dry,2022-03-26
4065,Customer_4065,31,Male,Pune,Maharashtra,740234,Normal,2023-05-30
4066,Customer_4066,45,Male,Ahmedabad,Gujarat,471790,Normal,2022-09-09
4067,Customer_4067,49,Male,Chandigarh,Chandigarh,876931,Combination,2023-08-14
4068,Customer_4068,19,Male,Bengaluru,Karnataka,520968,Sensitive,2023-04-25
4069,Customer_4069,21,Female,Chandigarh,Chandigarh,961909,Oily,2023-07-28
4070,Customer_4070,45,Male,Jaipur,Rajasthan,763493,Combination,2022-04-02
4071,Customer_4071,50,Male,Ahmedabad,Gujarat,1274503,Dry,2024-02-27
4072,Customer_4072,30,Male,Ahmedabad,Gujarat,1712084,Sensitive,2022-01-21
4073,Customer_4073,25,Male,Hyderabad,Telangana,1525770,Dry,2022-01-11
4074,Customer_4074,52,Male,Mumbai,Maharashtra,1502727,Sensitive,2022-11-11
4075,Customer_4075,59,Female,Pune,Maharashtra,1033084,Dry,2022-09-07
4076,Customer_4076,20,Male,Jaipur,Rajasthan,1747211,Normal,2022-12-02
4077,Customer_4077,24,Male,Lucknow,Uttar Pradesh,389582,Combination,2022-12-02
4078,Customer_4078,26,Female,Bengaluru,Karnataka,744968,Sensitive,2022-07-31
4079,Customer_4079,22,Female,Jaipur,Rajasthan,1762050,Normal,2023-05-24
4080,Customer_4080,42,Female,Mumbai,Maharashtra,593309,Sensitive,2022-03-22
4081,Customer_4081,40,Female,Mumbai,Maharashtra,1491916,Oily,2022-08-03
4082,Customer_4082,33,Male,Ahmedabad,Gujarat,1777054,Dry,2023-10-04
4083,Customer_4083,52,Female,Ahmedabad,Gujarat,1202198,Dry,2023-01-11
4084,Customer_4084,46,Male,Delhi,Delhi,480246,Combination,2024-05-31
4085,Customer_4085,42,Male,Jaipur,Rajasthan,1526379,Sensitive,2023-08-05
4086,Customer_4086,40,Female,Pune,Maharashtra,542619,Dry,2023-01-24
4087,Customer_4087,33,Female,Delhi,Delhi,1723636,Normal,2022-02-13
4088,Customer_4088,50,Male,Pune,Maharashtra,1288884,Sensitive,2022-07-06
4089,Customer_4089,19,Male,Indore,Madhya Pradesh,1442323,Normal,2023-03-08
4090,Customer_4090,44,Male,Jaipur,Rajasthan,1019565,Oily,2022-10-30
4091,Customer_4091,51,Male,Pune,Maharashtra,1092117,Combination,2022-09-20
4092,Customer_4092,44,Male,Hyderabad,Telangana,373320,Dry,2023-10-01
4093,Customer_4093,38,Male,Indore,Madhya Pradesh,1002047,Normal,2024-06-12
4094,Customer_4094,44,Female,Delhi,Delhi,389870,Combination,2022-05-08
4095,Customer_4095,30,Male,Bengaluru,Karnataka,583889,Sensitive,2022-08-08
4096,Customer_4096,34,Male,Bengaluru,Karnataka,1320487,Sensitive,2022-08-02
4097,Customer_4097,26,Male,Jaipur,Rajasthan,852174,Combination,2023-11-24
4098,Customer_4098,47,Male,Delhi,Delhi,1409117,Normal,2022-08-24
4099,Customer_4099,38,Male,Chandigarh,Chandigarh,345314,Normal,2023-02-26
4100,Customer_4100,20,Female,Chandigarh,Chandigarh,1338713,Sensitive,2022-09-24
4101,Customer_4101,58,Male,Chandigarh,Chandigarh,1494679,Oily,2022-06-27
4102,Customer_4102,52,Female,Lucknow,Uttar Pradesh,1586951,Normal,2023-04-11
4103,Customer_4103,38,Female,Delhi,Delhi,534641,Oily,2024-05-01
4104,Customer_4104,52,Female,Ahmedabad,Gujarat,584761,Sensitive,2022-05-07
4105,Customer_4105,35,Male,Indore,Madhya Pradesh,344612,Sensitive,2024-04-05
4106,Customer_4106,53,Male,Lucknow,Uttar Pradesh,521581,Sensitive,2024-05-09
4107,Customer_4107,20,Male,Delhi,Delhi,939771,Oily,2023-08-28
4108,Customer_4108,51,Male,Lucknow,Uttar Pradesh,1363795,Sensitive,2022-07-30
4109,Customer_4109,48,Female,Lucknow,Uttar Pradesh,1667132,Combination,2023-06-09
4110,Customer_4110,32,Male,Mumbai,Maharashtra,1148723,Combination,2024-02-19
4111,Customer_4111,46,Male,Indore,Madhya Pradesh,826529,Dry,2022-08-27
4112,Customer_4112,56,Male,Bengaluru,Karnataka,1605872,Dry,2022-12-24
4113,Customer_4113,50,Female,Mumbai,Maharashtra,348637,Oily,2023-07-13
4114,Customer_4114,43,Male,Pune,Maharashtra,1031236,Combination,2024-03-17
4115,Customer_4115,20,Female,Pune,Maharashtra,442229,Oily,2024-06-02
4116,Customer_4116,23,Male,Mumbai,Maharashtra,1668125,Combination,2023-04-07
4117,Customer_4117,26,Male,Indore,Madhya Pradesh,863150,Combination,2022-03-09
4118,Customer_4118,21,Female,Bengaluru,Karnataka,1745917,Normal,2024-05-08
4119,Customer_4119,24,Male,Delhi,Delhi,634623,Combination,2023-01-16
4120,Customer_4120,53,Male,Mumbai,Maharashtra,424774,Normal,2023-05-10
4121,Customer_4121,37,Male,Chandigarh,Chandigarh,1630206,Oily,2022-05-28
4122,Customer_4122,52,Female,Delhi,Delhi,359058,Normal,2024-01-18
4123,Customer_4123,48,Male,Lucknow,Uttar Pradesh,1117416,Combination,2024-06-05
4124,Customer_4124,44,Male,Chandigarh,Chandigarh,684475,Oily,2023-01-18
4125,Customer_4125,49,Female,Hyderabad,Telangana,602310,Oily,2022-10-24
4126,Customer_4126,34,Male,Bengaluru,Karnataka,661530,Sensitive,2022-04-13
4127,Customer_4127,52,Male,Hyderabad,Telangana,374335,Oily,2022-11-09
4128,Customer_4128,51,Female,Jaipur,Rajasthan,508072,Sensitive,2022-08-09
4129,Customer_4129,48,Male,Bengaluru,Karnataka,613124,Normal,2023-02-13
4130,Customer_4130,59,Male,Indore,Madhya Pradesh,417630,Oily,2024-03-08
4131,Customer_4131,20,Female,Bengaluru,Karnataka,795862,Sensitive,2024-04-01
4132,Customer_4132,26,Male,Jaipur,Rajasthan,1497979,Combination,2022-07-21
4133,Customer_4133,52,Male,Jaipur,Rajasthan,320922,Combination,2023-04-22
4134,Customer_4134,56,Female,Indore,Madhya Pradesh,362967,Dry,2022-04-09
4135,Customer_4135,33,Male,Indore,Madhya Pradesh,999480,Normal,2022-01-13
4136,Customer_4136,47,Male,Bengaluru,Karnataka,1590452,Sensitive,2022-04-02
4137,Customer_4137,20,Female,Mumbai,Maharashtra,660007,Oily,2022-04-06
4138,Customer_4138,31,Female,Hyderabad,Telangana,1487767,Dry,2024-02-01
4139,Customer_4139,48,Male,Lucknow,Uttar Pradesh,1673814,Sensitive,2023-05-23
4140,Customer_4140,29,Male,Pune,Maharashtra,352327,Combination,2022-11-20
4141,Customer_4141,44,Male,Delhi,Delhi,1340141,Dry,2023-08-07
4142,Customer_4142,53,Male,Pune,Maharashtra,1293968,Dry,2023-04-11
4143,Customer_4143,37,Male,Delhi,Delhi,1153671,Dry,2022-05-29
4144,Customer_4144,37,Female,Mumbai,Maharashtra,576288,Oily,2023-01-05
4145,Customer_4145,23,Female,Pune,Maharashtra,332289,Oily,2022-12-17
4146,Customer_4146,31,Female,Pune,Maharashtra,472558,Oily,2024-01-21
4147,Customer_4147,55,Female,Bengaluru,Karnataka,939822,Sensitive,2024-03-27
4148,Customer_4148,29,Female,Indore,Madhya Pradesh,1593993,Dry,2022-08-02
4149,Customer_4149,44,Female,Pune,Maharashtra,962293,Dry,2022-08-19
4150,Customer_4150,48,Female,Pune,Maharashtra,465471,Sensitive,2023-09-10
4151,Customer_4151,53,Male,Delhi,Delhi,1720038,Oily,2022-10-04
4152,Customer_4152,40,Female,Ahmedabad,Gujarat,534769,Sensitive,2022-02-07
4153,Customer_4153,24,Male,Pune,Maharashtra,1505804,Dry,2022-11-24
4154,Customer_4154,55,Male,Lucknow,Uttar Pradesh,658045,Sensitive,2023-07-08
4155,Customer_4155,36,Female,Jaipur,Rajasthan,835401,Sensitive,2023-07-24
4156,Customer_4156,50,Female,Jaipur,Rajasthan,566132,Oily,2023-04-20
4157,Customer_4157,21,Male,Jaipur,Rajasthan,1348995,Normal,2022-10-03
4158,Customer_4158,47,Female,Delhi,Delhi,349567,Normal,2024-02-07
4159,Customer_4159,46,Male,Mumbai,Maharashtra,1483957,Dry,2023-08-09
4160,Customer_4160,49,Female,Bengaluru,Karnataka,1599628,Normal,2022-05-14
4161,Customer_4161,45,Female,Hyderabad,Telangana,391461,Dry,2023-02-18
4162,Customer_4162,51,Male,Chandigarh,Chandigarh,1124260,Normal,2024-01-18
4163,Customer_4163,30,Female,Pune,Maharashtra,783312,Combination,2023-07-08
4164,Customer_4164,50,Female,Delhi,Delhi,867109,Sensitive,2022-02-10
4165,Customer_4165,28,Male,Lucknow,Uttar Pradesh,769765,Normal,2023-06-25
4166,Customer_4166,38,Female,Jaipur,Rajasthan,1205326,Oily,2022-06-01
4167,Customer_4167,28,Male,Bengaluru,Karnataka,649175,Oily,2024-02-01
4168,Customer_4168,27,Male,Indore,Madhya Pradesh,1053463,Combination,2022-01-02
4169,Customer_4169,31,Male,Mumbai,Maharashtra,427841,Dry,2022-01-19
4170,Customer_4170,51,Female,Lucknow,Uttar Pradesh,821492,Combination,2024-02-01
4171,Customer_4171,47,Male,Jaipur,Rajasthan,1545170,Dry,2023-09-19
4172,Customer_4172,18,Male,Bengaluru,Karnataka,554422,Combination,2022-05-02
4173,Customer_4173,18,Male,Jaipur,Rajasthan,1515603,Dry,2023-01-29
4174,Customer_4174,58,Male,Chandigarh,Chandigarh,793034,Oily,2023-12-03
4175,Customer_4175,30,Female,Indore,Madhya Pradesh,1520484,Normal,2024-03-02
4176,Customer_4176,47,Male,Chandigarh,Chandigarh,1114124,Dry,2023-07-09
4177,Customer_4177,37,Male,Ahmedabad,Gujarat,1448428,Sensitive,2023-05-07
4178,Customer_4178,42,Male,Delhi,Delhi,385208,Dry,2022-01-24
4179,Customer_4179,55,Female,Chandigarh,Chandigarh,1735074,Oily,2022-09-13
4180,Customer_4180,25,Male,Jaipur,Rajasthan,812373,Sensitive,2022-03-26
4181,Customer_4181,51,Male,Hyderabad,Telangana,967608,Dry,2023-11-10
4182,Customer_4182,53,Female,Chandigarh,Chandigarh,1756058,Combination,2022-12-04
4183,Customer_4183,27,Female,Lucknow,Uttar Pradesh,614743,Dry,2022-07-13
4184,Customer_4184,60,Male,Delhi,Delhi,443473,Combination,2022-07-28
4185,Customer_4185,33,Female,Ahmedabad,Gujarat,1165857,Sensitive,2022-01-31
4186,Customer_4186,38,Female,Indore,Madhya Pradesh,1505346,Normal,2023-09-04
4187,Customer_4187,36,Female,Delhi,Delhi,1148134,Sensitive,2023-03-29
4188,Customer_4188,21,Male,Pune,Maharashtra,422809,Normal,2022-05-22
4189,Customer_4189,59,Male,Delhi,Delhi,592089,Normal,2022-04-04
4190,Customer_4190,27,Male,Lucknow,Uttar Pradesh,1668639,Oily,2023-06-10
4191,Customer_4191,56,Female,Indore,Madhya Pradesh,302366,Oily,2023-02-05
4192,Customer_4192,20,Female,Pune,Maharashtra,1350247,Dry,2023-05-24
4193,Customer_4193,38,Male,Delhi,Delhi,1280563,Oily,2024-03-19
4194,Customer_4194,58,Male,Ahmedabad,Gujarat,1163158,Combination,2022-06-13
4195,Customer_4195,40,Female,Mumbai,Maharashtra,336483,Dry,2022-10-29
4196,Customer_4196,28,Male,Hyderabad,Telangana,1474433,Oily,2023-07-19
4197,Customer_4197,24,Male,Ahmedabad,Gujarat,1739943,Sensitive,2022-03-13
4198,Customer_4198,58,Female,Pune,Maharashtra,1025513,Normal,2022-01-19
4199,Customer_4199,60,Female,Delhi,Delhi,539960,Dry,2022-03-04
4200,Customer_4200,56,Male,Indore,Madhya Pradesh,759408,Dry,2022-09-28
4201,Customer_4201,44,Male,Jaipur,Rajasthan,412789,Dry,2022-05-11
4202,Customer_4202,33,Male,Lucknow,Uttar Pradesh,1261085,Dry,2022-01-31
4203,Customer_4203,29,Male,Hyderabad,Telangana,566657,Normal,2024-01-23
4204,Customer_4204,22,Female,Jaipur,Rajasthan,487844,Oily,2022-01-31
4205,Customer_4205,52,Female,Delhi,Delhi,324176,Sensitive,2024-01-24
4206,Customer_4206,45,Female,Jaipur,Rajasthan,770576,Combination,2022-11-16
4207,Customer_4207,20,Female,Jaipur,Rajasthan,1673826,Oily,2022-05-28
4208,Customer_4208,44,Male,Indore,Madhya Pradesh,1629621,Combination,2023-01-28
4209,Customer_4209,24,Male,Bengaluru,Karnataka,998134,Oily,2022-01-08
4210,Customer_4210,49,Male,Ahmedabad,Gujarat,948287,Sensitive,2024-05-15
4211,Customer_4211,34,Male,Pune,Maharashtra,1033420,Normal,2023-03-08
4212,Customer_4212,49,Female,Hyderabad,Telangana,1421468,Oily,2022-06-17
4213,Customer_4213,24,Male,Ahmedabad,Gujarat,1262272,Oily,2023-02-08
4214,Customer_4214,18,Female,Indore,Madhya Pradesh,1177250,Sensitive,2022-12-26
4215,Customer_4215,27,Male,Jaipur,Rajasthan,878943,Dry,2023-09-29
4216,Customer_4216,44,Female,Indore,Madhya Pradesh,1370882,Combination,2024-03-20
4217,Customer_4217,36,Female,Chandigarh,Chandigarh,1279540,Dry,2023-11-10
4218,Customer_4218,55,Male,Pune,Maharashtra,1640314,Oily,2023-01-06
4219,Customer_4219,20,Female,Bengaluru,Karnataka,528281,Normal,2022-11-07
4220,Customer_4220,54,Female,Lucknow,Uttar Pradesh,931949,Oily,2022-05-09
4221,Customer_4221,38,Female,Mumbai,Maharashtra,739300,Combination,2022-02-24
4222,Customer_4222,44,Female,Delhi,Delhi,1448576,Oily,2022-04-24
4223,Customer_4223,23,Female,Pune,Maharashtra,1636301,Sensitive,2024-05-13
4224,Customer_4224,56,Female,Delhi,Delhi,643150,Combination,2022-09-20
4225,Customer_4225,29,Male,Chandigarh,Chandigarh,1138167,Combination,2024-03-31
4226,Customer_4226,59,Male,Delhi,Delhi,559469,Dry,2023-11-18
4227,Customer_4227,49,Male,Chandigarh,Chandigarh,1446517,Normal,2022-03-24
4228,Customer_4228,27,Female,Lucknow,Uttar Pradesh,822353,Dry,2024-05-27
4229,Customer_4229,32,Female,Jaipur,Rajasthan,772587,Combination,2023-11-25
4230,Customer_4230,36,Male,Chandigarh,Chandigarh,435838,Normal,2023-06-14
4231,Customer_4231,55,Female,Delhi,Delhi,1425835,Dry,2023-02-19
4232,Customer_4232,34,Male,Jaipur,Rajasthan,1028375,Dry,2024-04-16
4233,Customer_4233,20,Male,Hyderabad,Telangana,491067,Oily,2024-04-14
4234,Customer_4234,37,Male,Ahmedabad,Gujarat,1676804,Combination,2022-03-26
4235,Customer_4235,33,Male,Pune,Maharashtra,548436,Sensitive,2022-02-22
4236,Customer_4236,57,Female,Delhi,Delhi,308789,Oily,2023-05-24
4237,Customer_4237,24,Female,Pune,Maharashtra,410879,Dry,2022-07-27
4238,Customer_4238,21,Male,Pune,Maharashtra,520273,Normal,2023-04-03
4239,Customer_4239,55,Male,Lucknow,Uttar Pradesh,468153,Dry,2024-04-06
4240,Customer_4240,20,Male,Delhi,Delhi,740101,Combination,2023-05-02
4241,Customer_4241,33,Male,Hyderabad,Telangana,1746738,Sensitive,2024-02-05
4242,Customer_4242,55,Female,Hyderabad,Telangana,1667828,Normal,2023-03-01
4243,Customer_4243,24,Female,Bengaluru,Karnataka,626291,Combination,2023-12-02
4244,Customer_4244,21,Female,Chandigarh,Chandigarh,506615,Normal,2023-10-26
4245,Customer_4245,58,Female,Delhi,Delhi,1398663,Combination,2024-06-07
4246,Customer_4246,18,Male,Ahmedabad,Gujarat,461567,Oily,2023-03-25
4247,Customer_4247,32,Female,Ahmedabad,Gujarat,1411719,Oily,2023-12-25
4248,Customer_4248,19,Female,Hyderabad,Telangana,649108,Normal,2023-06-26
4249,Customer_4249,51,Male,Indore,Madhya Pradesh,1289171,Oily,2024-03-09
4250,Customer_4250,56,Male,Indore,Madhya Pradesh,1799587,Oily,2023-04-25
4251,Customer_4251,44,Male,Hyderabad,Telangana,1194963,Dry,2023-07-20
4252,Customer_4252,25,Female,Lucknow,Uttar Pradesh,624279,Oily,2022-07-27
4253,Customer_4253,55,Female,Chandigarh,Chandigarh,827044,Sensitive,2023-05-18
4254,Customer_4254,52,Male,Hyderabad,Telangana,1317464,Combination,2024-05-07
4255,Customer_4255,20,Female,Mumbai,Maharashtra,1179179,Normal,2024-06-03
4256,Customer_4256,18,Male,Hyderabad,Telangana,901454,Normal,2022-01-16
4257,Customer_4257,41,Female,Lucknow,Uttar Pradesh,1276270,Normal,2022-02-02
4258,Customer_4258,28,Female,Bengaluru,Karnataka,1703266,Combination,2022-07-18
4259,Customer_4259,31,Female,Pune,Maharashtra,690537,Oily,2024-04-24
4260,Customer_4260,43,Male,Hyderabad,Telangana,1106253,Normal,2023-11-16
4261,Customer_4261,53,Female,Jaipur,Rajasthan,1256076,Combination,2023-02-12
4262,Customer_4262,19,Female,Indore,Madhya Pradesh,1227956,Combination,2022-03-09
4263,Customer_4263,57,Male,Jaipur,Rajasthan,815706,Normal,2024-05-20
4264,Customer_4264,27,Male,Ahmedabad,Gujarat,974976,Dry,2024-01-24
4265,Customer_4265,44,Female,Hyderabad,Telangana,604488,Sensitive,2022-03-16
4266,Customer_4266,48,Male,Bengaluru,Karnataka,756310,Oily,2023-01-08
4267,Customer_4267,59,Female,Bengaluru,Karnataka,628289,Combination,2024-05-18
4268,Customer_4268,25,Male,Mumbai,Maharashtra,1511917,Oily,2022-10-23
4269,Customer_4269,36,Male,Lucknow,Uttar Pradesh,762192,Dry,2022-01-11
4270,Customer_4270,24,Female,Delhi,Delhi,1559731,Dry,2024-04-13
4271,Customer_4271,38,Male,Bengaluru,Karnataka,398253,Oily,2022-04-14
4272,Customer_4272,22,Female,Ahmedabad,Gujarat,1298813,Combination,2024-02-21
4273,Customer_4273,42,Female,Lucknow,Uttar Pradesh,1147836,Oily,2022-08-25
4274,Customer_4274,39,Male,Chandigarh,Chandigarh,949819,Normal,2022-04-03
4275,Customer_4275,18,Female,Hyderabad,Telangana,335810,Dry,2024-02-19
4276,Customer_4276,49,Female,Delhi,Delhi,844371,Oily,2023-05-18
4277,Customer_4277,55,Female,Lucknow,Uttar Pradesh,556438,Combination,2023-04-29
4278,Customer_4278,53,Female,Mumbai,Maharashtra,973084,Dry,2022-05-21
4279,Customer_4279,22,Female,Lucknow,Uttar Pradesh,1333223,Combination,2024-04-06
4280,Customer_4280,26,Male,Hyderabad,Telangana,1542091,Combination,2024-02-23
4281,Customer_4281,49,Male,Chandigarh,Chandigarh,1015896,Combination,2022-09-23
4282,Customer_4282,42,Male,Pune,Maharashtra,1708125,Normal,2023-04-18
4283,Customer_4283,32,Female,Pune,Maharashtra,339553,Oily,2022-10-30
4284,Customer_4284,45,Female,Delhi,Delhi,887587,Sensitive,2024-03-02
4285,Customer_4285,47,Male,Indore,Madhya Pradesh,376920,Combination,2022-03-08
4286,Customer_4286,24,Male,Indore,Madhya Pradesh,1266142,Oily,2022-03-04
4287,Customer_4287,47,Male,Lucknow,Uttar Pradesh,1058442,Sensitive,2024-04-04
4288,Customer_4288,59,Female,Delhi,Delhi,1414759,Oily,2023-05-08
4289,Customer_4289,31,Male,Bengaluru,Karnataka,1320633,Combination,2022-11-11
4290,Customer_4290,51,Male,Mumbai,Maharashtra,689467,Sensitive,2022-10-31
4291,Customer_4291,37,Female,Hyderabad,Telangana,1779913,Sensitive,2023-11-19
4292,Customer_4292,42,Male,Pune,Maharashtra,639733,Normal,2022-06-26
4293,Customer_4293,34,Female,Ahmedabad,Gujarat,1737075,Normal,2023-02-17
4294,Customer_4294,46,Male,Pune,Maharashtra,1463920,Normal,2024-05-03
4295,Customer_4295,20,Female,Delhi,Delhi,1173714,Sensitive,2022-09-14
4296,Customer_4296,18,Female,Pune,Maharashtra,1668816,Sensitive,2023-12-01
4297,Customer_4297,27,Female,Mumbai,Maharashtra,441762,Oily,2022-12-13
4298,Customer_4298,53,Female,Mumbai,Maharashtra,1298009,Sensitive,2023-12-10
4299,Customer_4299,40,Male,Pune,Maharashtra,756944,Normal,2023-03-18
4300,Customer_4300,48,Male,Lucknow,Uttar Pradesh,1152360,Dry,2024-03-27
4301,Customer_4301,51,Female,Delhi,Delhi,1540091,Oily,2022-06-30
4302,Customer_4302,39,Female,Bengaluru,Karnataka,793495,Combination,2022-01-07
4303,Customer_4303,19,Male,Ahmedabad,Gujarat,1294606,Oily,2023-08-15
4304,Customer_4304,23,Female,Jaipur,Rajasthan,1550282,Sensitive,2023-03-16
4305,Customer_4305,18,Female,Delhi,Delhi,702342,Combination,2023-02-26
4306,Customer_4306,21,Female,Indore,Madhya Pradesh,1348977,Normal,2023-04-20
4307,Customer_4307,39,Female,Indore,Madhya Pradesh,834125,Oily,2023-03-23
4308,Customer_4308,55,Male,Hyderabad,Telangana,805917,Normal,2022-09-23
4309,Customer_4309,29,Female,Pune,Maharashtra,740523,Sensitive,2024-02-07
4310,Customer_4310,47,Male,Pune,Maharashtra,678037,Dry,2023-12-25
4311,Customer_4311,29,Male,Pune,Maharashtra,1311132,Dry,2022-04-19
4312,Customer_4312,47,Female,Hyderabad,Telangana,1665767,Sensitive,2023-03-13
4313,Customer_4313,25,Female,Chandigarh,Chandigarh,523573,Sensitive,2022-06-18
4314,Customer_4314,36,Male,Bengaluru,Karnataka,1593498,Normal,2023-01-16
4315,Customer_4315,36,Female,Hyderabad,Telangana,1458649,Sensitive,2023-08-14
4316,Customer_4316,32,Male,Lucknow,Uttar Pradesh,1086006,Oily,2022-04-17
4317,Customer_4317,55,Male,Jaipur,Rajasthan,734803,Normal,2024-05-27
4318,Customer_4318,29,Male,Pune,Maharashtra,677870,Sensitive,2023-08-06
4319,Customer_4319,18,Male,Lucknow,Uttar Pradesh,858138,Oily,2023-11-26
4320,Customer_4320,35,Female,Jaipur,Rajasthan,462387,Dry,2023-03-09
4321,Customer_4321,19,Male,Lucknow,Uttar Pradesh,1244928,Sensitive,2024-02-17
4322,Customer_4322,31,Male,Bengaluru,Karnataka,1138991,Oily,2023-04-02
4323,Customer_4323,39,Male,Bengaluru,Karnataka,368992,Combination,2023-08-21
4324,Customer_4324,31,Male,Mumbai,Maharashtra,1166687,Sensitive,2022-07-07
4325,Customer_4325,35,Female,Delhi,Delhi,1511256,Oily,2024-05-23
4326,Customer_4326,46,Male,Hyderabad,Telangana,1481118,Combination,2024-03-12
4327,Customer_4327,45,Male,Indore,Madhya Pradesh,1464353,Dry,2023-07-07
4328,Customer_4328,54,Male,Mumbai,Maharashtra,1134034,Combination,2022-09-24
4329,Customer_4329,28,Female,Bengaluru,Karnataka,1591388,Normal,2024-04-17
4330,Customer_4330,38,Male,Lucknow,Uttar Pradesh,1765659,Normal,2022-08-13
4331,Customer_4331,32,Male,Chandigarh,Chandigarh,1268920,Oily,2024-02-16
4332,Customer_4332,29,Male,Indore,Madhya Pradesh,635681,Normal,2022-05-01
4333,Customer_4333,32,Female,Jaipur,Rajasthan,1667799,Dry,2022-11-02
4334,Customer_4334,45,Male,Chandigarh,Chandigarh,563063,Sensitive,2024-01-06
4335,Customer_4335,46,Female,Jaipur,Rajasthan,1654512,Combination,2024-04-23
4336,Customer_4336,47,Male,Pune,Maharashtra,1459651,Combination,2022-12-31
4337,Customer_4337,55,Female,Mumbai,Maharashtra,855273,Normal,2024-02-06
4338,Customer_4338,41,Male,Chandigarh,Chandigarh,1249262,Dry,2023-06-02
4339,Customer_4339,45,Female,Lucknow,Uttar Pradesh,305849,Sensitive,2024-02-06
4340,Customer_4340,41,Female,Indore,Madhya Pradesh,345509,Oily,2022-02-15
4341,Customer_4341,18,Male,Lucknow,Uttar Pradesh,1484984,Oily,2023-09-02
4342,Customer_4342,28,Male,Bengaluru,Karnataka,463062,Combination,2024-03-06
4343,Customer_4343,33,Male,Delhi,Delhi,886138,Combination,2023-07-10
4344,Customer_4344,20,Male,Chandigarh,Chandigarh,663547,Oily,2022-12-23
4345,Customer_4345,33,Male,Mumbai,Maharashtra,663464,Dry,2022-06-21
4346,Customer_4346,40,Male,Mumbai,Maharashtra,385431,Oily,2024-04-09
4347,Customer_4347,59,Female,Ahmedabad,Gujarat,1021530,Dry,2022-04-27
4348,Customer_4348,32,Female,Chandigarh,Chandigarh,894919,Combination,2024-03-26
4349,Customer_4349,32,Female,Bengaluru,Karnataka,1518225,Normal,2024-04-12
4350,Customer_4350,53,Female,Lucknow,Uttar Pradesh,1757819,Oily,2023-10-01
4351,Customer_4351,33,Male,Mumbai,Maharashtra,640160,Combination,2024-05-20
4352,Customer_4352,43,Male,Mumbai,Maharashtra,1541714,Sensitive,2022-05-16
4353,Customer_4353,52,Male,Bengaluru,Karnataka,1027333,Normal,2024-02-04
4354,Customer_4354,59,Male,Lucknow,Uttar Pradesh,556793,Oily,2024-05-01
4355,Customer_4355,35,Male,Delhi,Delhi,639093,Normal,2022-02-28
4356,Customer_4356,39,Female,Indore,Madhya Pradesh,956527,Normal,2023-09-08
4357,Customer_4357,26,Male,Chandigarh,Chandigarh,547263,Oily,2022-09-06
4358,Customer_4358,43,Male,Indore,Madhya Pradesh,457818,Sensitive,2023-04-16
4359,Customer_4359,55,Female,Delhi,Delhi,882704,Oily,2022-03-09
4360,Customer_4360,42,Male,Bengaluru,Karnataka,1548429,Combination,2023-10-19
4361,Customer_4361,54,Male,Hyderabad,Telangana,1239810,Combination,2023-09-30
4362,Customer_4362,55,Male,Hyderabad,Telangana,679189,Sensitive,2023-04-03
4363,Customer_4363,32,Male,Hyderabad,Telangana,1310025,Combination,2022-08-26
4364,Customer_4364,26,Female,Jaipur,Rajasthan,874765,Sensitive,2022-11-23
4365,Customer_4365,60,Female,Pune,Maharashtra,828219,Sensitive,2022-04-16
4366,Customer_4366,19,Female,Pune,Maharashtra,552634,Sensitive,2024-04-08
4367,Customer_4367,19,Male,Mumbai,Maharashtra,1497645,Normal,2022-06-12
4368,Customer_4368,35,Female,Lucknow,Uttar Pradesh,588208,Combination,2022-03-04
4369,Customer_4369,28,Male,Mumbai,Maharashtra,431689,Combination,2023-12-09
4370,Customer_4370,39,Female,Mumbai,Maharashtra,320831,Combination,2022-04-07
4371,Customer_4371,31,Male,Delhi,Delhi,510485,Normal,2023-10-18
4372,Customer_4372,37,Male,Hyderabad,Telangana,1697102,Dry,2023-06-14
4373,Customer_4373,49,Female,Indore,Madhya Pradesh,1637377,Oily,2022-09-25
4374,Customer_4374,56,Male,Indore,Madhya Pradesh,1085093,Combination,2024-05-30
4375,Customer_4375,27,Male,Pune,Maharashtra,1352179,Normal,2022-08-30
4376,Customer_4376,58,Female,Delhi,Delhi,1768870,Normal,2024-03-21
4377,Customer_4377,55,Male,Hyderabad,Telangana,315568,Combination,2024-03-01
4378,Customer_4378,48,Female,Lucknow,Uttar Pradesh,386921,Sensitive,2023-05-20
4379,Customer_4379,54,Male,Jaipur,Rajasthan,738241,Oily,2024-02-15
4380,Customer_4380,55,Female,Pune,Maharashtra,1043000,Dry,2023-01-02
4381,Customer_4381,21,Male,Chandigarh,Chandigarh,1013646,Sensitive,2024-01-04
4382,Customer_4382,60,Female,Lucknow,Uttar Pradesh,1208677,Combination,2022-02-28
4383,Customer_4383,39,Female,Lucknow,Uttar Pradesh,1405810,Normal,2022-07-16
4384,Customer_4384,28,Female,Lucknow,Uttar Pradesh,1766896,Sensitive,2023-12-29
4385,Customer_4385,26,Female,Indore,Madhya Pradesh,660502,Dry,2024-01-28
4386,Customer_4386,35,Female,Lucknow,Uttar Pradesh,1311362,Oily,2023-11-06
4387,Customer_4387,28,Female,Chandigarh,Chandigarh,939932,Oily,2024-06-01
4388,Customer_4388,41,Male,Ahmedabad,Gujarat,1528096,Sensitive,2022-06-22
4389,Customer_4389,28,Male,Lucknow,Uttar Pradesh,684967,Combination,2022-01-09
4390,Customer_4390,52,Male,Hyderabad,Telangana,1039599,Sensitive,2022-06-22
4391,Customer_4391,46,Male,Delhi,Delhi,1458614,Sensitive,2022-07-13
4392,Customer_4392,34,Male,Chandigarh,Chandigarh,1655009,Dry,2022-04-03
4393,Customer_4393,28,Male,Pune,Maharashtra,873627,Dry,2022-10-22
4394,Customer_4394,54,Male,Chandigarh,Chandigarh,1545753,Dry,2024-03-17
4395,Customer_4395,56,Female,Bengaluru,Karnataka,1127156,Oily,2024-05-01
4396,Customer_4396,20,Male,Indore,Madhya Pradesh,1159642,Sensitive,2022-01-01
4397,Customer_4397,39,Male,Delhi,Delhi,1517842,Combination,2023-03-17
4398,Customer_4398,29,Male,Mumbai,Maharashtra,1300790,Combination,2023-10-25
4399,Customer_4399,19,Male,Bengaluru,Karnataka,1588748,Dry,2022-02-21
4400,Customer_4400,54,Male,Hyderabad,Telangana,815082,Combination,2024-02-21
4401,Customer_4401,52,Male,Mumbai,Maharashtra,582001,Oily,2022-11-02
4402,Customer_4402,23,Male,Indore,Madhya Pradesh,1541275,Oily,2023-01-27
4403,Customer_4403,20,Female,Bengaluru,Karnataka,344601,Normal,2022-05-28
4404,Customer_4404,49,Male,Indore,Madhya Pradesh,971866,Sensitive,2022-10-15
4405,Customer_4405,25,Female,Jaipur,Rajasthan,415118,Sensitive,2023-03-23
4406,Customer_4406,43,Female,Pune,Maharashtra,757994,Normal,2024-01-01
4407,Customer_4407,18,Male,Ahmedabad,Gujarat,1500499,Combination,2022-08-22
4408,Customer_4408,29,Male,Indore,Madhya Pradesh,869118,Sensitive,2022-04-03
4409,Customer_4409,45,Male,Indore,Madhya Pradesh,767521,Dry,2022-07-30
4410,Customer_4410,44,Male,Mumbai,Maharashtra,326069,Normal,2022-09-23
4411,Customer_4411,23,Female,Delhi,Delhi,928454,Oily,2022-07-24
4412,Customer_4412,42,Female,Hyderabad,Telangana,878859,Combination,2022-04-30
4413,Customer_4413,47,Male,Mumbai,Maharashtra,1272914,Sensitive,2023-11-06
4414,Customer_4414,51,Female,Jaipur,Rajasthan,1299521,Sensitive,2024-02-10
4415,Customer_4415,45,Male,Bengaluru,Karnataka,826401,Normal,2022-10-27
4416,Customer_4416,57,Male,Pune,Maharashtra,881840,Sensitive,2024-04-08
4417,Customer_4417,48,Female,Hyderabad,Telangana,1013411,Dry,2023-06-08
4418,Customer_4418,46,Male,Lucknow,Uttar Pradesh,481493,Sensitive,2023-09-27
4419,Customer_4419,54,Male,Chandigarh,Chandigarh,661623,Combination,2023-12-16
4420,Customer_4420,20,Male,Pune,Maharashtra,901947,Normal,2022-08-13
4421,Customer_4421,37,Female,Indore,Madhya Pradesh,860608,Dry,2024-02-27
4422,Customer_4422,28,Male,Indore,Madhya Pradesh,863438,Combination,2023-03-15
4423,Customer_4423,30,Female,Ahmedabad,Gujarat,1500828,Combination,2023-04-05
4424,Customer_4424,18,Male,Chandigarh,Chandigarh,1052742,Combination,2024-03-02
4425,Customer_4425,41,Male,Lucknow,Uttar Pradesh,1093772,Oily,2023-03-05
4426,Customer_4426,54,Male,Lucknow,Uttar Pradesh,889035,Sensitive,2022-06-27
4427,Customer_4427,51,Female,Mumbai,Maharashtra,1780794,Combination,2022-03-06
4428,Customer_4428,18,Female,Bengaluru,Karnataka,776339,Normal,2024-06-14
4429,Customer_4429,58,Female,Ahmedabad,Gujarat,1310216,Combination,2022-06-28
4430,Customer_4430,43,Female,Hyderabad,Telangana,791689,Combination,2024-03-09
4431,Customer_4431,56,Male,Chandigarh,Chandigarh,368160,Normal,2024-03-10
4432,Customer_4432,48,Male,Mumbai,Maharashtra,849139,Sensitive,2022-02-21
4433,Customer_4433,49,Female,Delhi,Delhi,496845,Combination,2022-08-16
4434,Customer_4434,50,Female,Indore,Madhya Pradesh,878409,Oily,2023-04-14
4435,Customer_4435,43,Female,Bengaluru,Karnataka,472709,Normal,2024-02-10
4436,Customer_4436,59,Female,Indore,Madhya Pradesh,1171655,Combination,2023-03-01
4437,Customer_4437,26,Female,Indore,Madhya Pradesh,790398,Sensitive,2023-07-21
4438,Customer_4438,41,Female,Hyderabad,Telangana,1755437,Dry,2023-06-16
4439,Customer_4439,51,Male,Ahmedabad,Gujarat,425431,Oily,2023-04-09
4440,Customer_4440,28,Male,Indore,Madhya Pradesh,323263,Normal,2022-11-12
4441,Customer_4441,20,Female,Ahmedabad,Gujarat,1662754,Normal,2023-01-30
4442,Customer_4442,36,Male,Bengaluru,Karnataka,1061981,Sensitive,2024-02-10
4443,Customer_4443,20,Female,Jaipur,Rajasthan,376556,Oily,2023-12-24
4444,Customer_4444,46,Female,Mumbai,Maharashtra,1190882,Normal,2023-06-06
4445,Customer_4445,31,Male,Mumbai,Maharashtra,1131223,Sensitive,2023-10-23
4446,Customer_4446,60,Male,Indore,Madhya Pradesh,346668,Sensitive,2023-04-28
4447,Customer_4447,53,Male,Hyderabad,Telangana,683855,Oily,2023-03-07
4448,Customer_4448,48,Female,Jaipur,Rajasthan,470461,Normal,2022-01-17
4449,Customer_4449,46,Female,Lucknow,Uttar Pradesh,990166,Oily,2023-05-30
4450,Customer_4450,56,Male,Ahmedabad,Gujarat,1112039,Sensitive,2024-02-09
4451,Customer_4451,54,Female,Mumbai,Maharashtra,728553,Combination,2023-11-28
4452,Customer_4452,50,Female,Pune,Maharashtra,1138451,Dry,2024-01-30
4453,Customer_4453,58,Female,Ahmedabad,Gujarat,345942,Combination,2023-08-08
4454,Customer_4454,26,Male,Pune,Maharashtra,1756407,Sensitive,2022-03-02
4455,Customer_4455,59,Female,Delhi,Delhi,1768339,Dry,2023-07-13
4456,Customer_4456,46,Male,Jaipur,Rajasthan,1153823,Sensitive,2022-07-30
4457,Customer_4457,21,Male,Pune,Maharashtra,1143514,Oily,2023-08-15
4458,Customer_4458,48,Male,Bengaluru,Karnataka,1516802,Normal,2022-07-01
4459,Customer_4459,57,Male,Lucknow,Uttar Pradesh,1711181,Normal,2024-04-15
4460,Customer_4460,28,Female,Lucknow,Uttar Pradesh,551654,Normal,2022-06-07
4461,Customer_4461,38,Male,Jaipur,Rajasthan,789434,Sensitive,2022-04-03
4462,Customer_4462,18,Female,Indore,Madhya Pradesh,945840,Normal,2022-09-26
4463,Customer_4463,43,Female,Pune,Maharashtra,630794,Dry,2022-07-31
4464,Customer_4464,52,Male,Chandigarh,Chandigarh,482657,Oily,2022-12-01
4465,Customer_4465,58,Male,Delhi,Delhi,536883,Combination,2023-01-03
4466,Customer_4466,57,Female,Chandigarh,Chandigarh,1242965,Dry,2023-01-25
4467,Customer_4467,29,Male,Chandigarh,Chandigarh,1593796,Combination,2024-04-19
4468,Customer_4468,46,Male,Lucknow,Uttar Pradesh,304177,Combination,2022-09-22
4469,Customer_4469,51,Male,Chandigarh,Chandigarh,869490,Oily,2023-07-29
4470,Customer_4470,35,Male,Lucknow,Uttar Pradesh,413882,Oily,2024-03-12
4471,Customer_4471,47,Male,Hyderabad,Telangana,1168819,Sensitive,2023-05-30
4472,Customer_4472,42,Female,Bengaluru,Karnataka,1644050,Combination,2023-11-11
4473,Customer_4473,25,Female,Mumbai,Maharashtra,1653082,Normal,2023-08-17
4474,Customer_4474,24,Female,Bengaluru,Karnataka,1664179,Combination,2024-03-01
4475,Customer_4475,60,Male,Chandigarh,Chandigarh,1671640,Normal,2022-04-06
4476,Customer_4476,18,Male,Ahmedabad,Gujarat,1241135,Dry,2022-04-28
4477,Customer_4477,21,Male,Indore,Madhya Pradesh,1164585,Combination,2022-02-13
4478,Customer_4478,21,Male,Indore,Madhya Pradesh,365195,Normal,2023-10-07
4479,Customer_4479,20,Male,Lucknow,Uttar Pradesh,1252655,Oily,2023-02-16
4480,Customer_4480,51,Male,Pune,Maharashtra,1559629,Sensitive,2023-07-18
4481,Customer_4481,59,Female,Pune,Maharashtra,927357,Normal,2022-12-01
4482,Customer_4482,60,Male,Bengaluru,Karnataka,1259747,Oily,2023-06-13
4483,Customer_4483,60,Female,Lucknow,Uttar Pradesh,1484779,Oily,2023-10-19
4484,Customer_4484,58,Female,Indore,Madhya Pradesh,486263,Dry,2023-03-06
4485,Customer_4485,18,Female,Lucknow,Uttar Pradesh,1542219,Dry,2024-01-07
4486,Customer_4486,42,Male,Chandigarh,Chandigarh,659641,Sensitive,2023-02-20
4487,Customer_4487,26,Male,Jaipur,Rajasthan,1469097,Dry,2023-06-28
4488,Customer_4488,19,Male,Pune,Maharashtra,1610511,Dry,2023-04-13
4489,Customer_4489,58,Male,Bengaluru,Karnataka,1183486,Oily,2023-11-20
4490,Customer_4490,35,Female,Delhi,Delhi,757896,Combination,2024-04-02
4491,Customer_4491,42,Male,Chandigarh,Chandigarh,1646214,Combination,2022-12-09
4492,Customer_4492,49,Male,Lucknow,Uttar Pradesh,470336,Oily,2022-01-12
4493,Customer_4493,60,Male,Delhi,Delhi,925489,Oily,2023-11-05
4494,Customer_4494,31,Female,Ahmedabad,Gujarat,1551309,Dry,2023-08-23
4495,Customer_4495,27,Male,Hyderabad,Telangana,1261605,Combination,2022-09-12
4496,Customer_4496,29,Female,Bengaluru,Karnataka,1495117,Sensitive,2023-02-19
4497,Customer_4497,33,Female,Bengaluru,Karnataka,1661104,Sensitive,2022-01-01
4498,Customer_4498,36,Male,Pune,Maharashtra,1087339,Combination,2022-05-17
4499,Customer_4499,20,Female,Delhi,Delhi,1044194,Oily,2023-12-17
4500,Customer_4500,34,Male,Jaipur,Rajasthan,1767822,Normal,2024-04-14
4501,Customer_4501,41,Female,Indore,Madhya Pradesh,1725370,Dry,2022-09-06
4502,Customer_4502,35,Male,Jaipur,Rajasthan,549260,Combination,2024-06-14
4503,Customer_4503,46,Female,Chandigarh,Chandigarh,821707,Normal,2023-01-14
4504,Customer_4504,43,Female,Delhi,Delhi,619333,Oily,2022-05-11
4505,Customer_4505,45,Male,Mumbai,Maharashtra,1099349,Sensitive,2024-04-06
4506,Customer_4506,56,Female,Indore,Madhya Pradesh,894970,Normal,2022-03-17
4507,Customer_4507,41,Female,Pune,Maharashtra,1488975,Sensitive,2024-05-25
4508,Customer_4508,26,Male,Pune,Maharashtra,838071,Oily,2023-09-12
4509,Customer_4509,42,Male,Lucknow,Uttar Pradesh,647677,Sensitive,2023-08-01
4510,Customer_4510,26,Male,Chandigarh,Chandigarh,1104953,Sensitive,2023-02-12
4511,Customer_4511,47,Female,Hyderabad,Telangana,671029,Oily,2022-12-20
4512,Customer_4512,57,Male,Jaipur,Rajasthan,1533099,Normal,2024-03-21
4513,Customer_4513,33,Male,Lucknow,Uttar Pradesh,972381,Normal,2024-01-23
4514,Customer_4514,43,Female,Indore,Madhya Pradesh,1789220,Sensitive,2023-04-07
4515,Customer_4515,29,Female,Chandigarh,Chandigarh,1209803,Dry,2022-11-05
4516,Customer_4516,33,Female,Hyderabad,Telangana,1401407,Oily,2022-02-20
4517,Customer_4517,34,Male,Lucknow,Uttar Pradesh,500583,Combination,2022-07-24
4518,Customer_4518,51,Male,Chandigarh,Chandigarh,1557222,Dry,2022-06-08
4519,Customer_4519,43,Male,Pune,Maharashtra,361511,Dry,2022-03-10
4520,Customer_4520,37,Male,Delhi,Delhi,1668122,Sensitive,2023-02-13
4521,Customer_4521,57,Male,Pune,Maharashtra,939546,Oily,2024-05-23
4522,Customer_4522,36,Male,Bengaluru,Karnataka,756606,Combination,2022-05-02
4523,Customer_4523,31,Female,Bengaluru,Karnataka,974018,Oily,2023-10-13
4524,Customer_4524,48,Male,Lucknow,Uttar Pradesh,369566,Normal,2023-09-20
4525,Customer_4525,45,Female,Lucknow,Uttar Pradesh,1707947,Sensitive,2022-11-01
4526,Customer_4526,60,Male,Pune,Maharashtra,922542,Dry,2022-12-04
4527,Customer_4527,59,Male,Chandigarh,Chandigarh,416625,Normal,2022-07-07
4528,Customer_4528,39,Male,Mumbai,Maharashtra,364970,Normal,2023-05-12
4529,Customer_4529,45,Male,Jaipur,Rajasthan,1605236,Combination,2023-07-27
4530,Customer_4530,43,Male,Chandigarh,Chandigarh,1491989,Normal,2024-04-16
4531,Customer_4531,59,Female,Bengaluru,Karnataka,1143680,Normal,2022-05-15
4532,Customer_4532,23,Female,Bengaluru,Karnataka,1681775,Combination,2022-09-09
4533,Customer_4533,46,Female,Bengaluru,Karnataka,1157819,Dry,2023-06-23
4534,Customer_4534,54,Female,Jaipur,Rajasthan,1307245,Oily,2024-02-15
4535,Customer_4535,18,Female,Delhi,Delhi,819902,Combination,2023-05-18
4536,Customer_4536,25,Male,Delhi,Delhi,966868,Oily,2022-03-16
4537,Customer_4537,48,Female,Mumbai,Maharashtra,1148726,Dry,2022-01-14
4538,Customer_4538,49,Female,Bengaluru,Karnataka,1339910,Oily,2023-10-20
4539,Customer_4539,22,Female,Pune,Maharashtra,1033189,Dry,2022-08-20
4540,Customer_4540,23,Male,Jaipur,Rajasthan,394347,Oily,2023-12-13
4541,Customer_4541,57,Male,Ahmedabad,Gujarat,1538968,Oily,2023-06-13
4542,Customer_4542,30,Male,Indore,Madhya Pradesh,1263896,Dry,2022-07-14
4543,Customer_4543,29,Female,Delhi,Delhi,951184,Combination,2024-05-16
4544,Customer_4544,36,Male,Indore,Madhya Pradesh,868188,Sensitive,2023-03-18
4545,Customer_4545,46,Female,Bengaluru,Karnataka,569842,Oily,2022-11-19
4546,Customer_4546,18,Female,Hyderabad,Telangana,1167253,Combination,2022-03-20
4547,Customer_4547,22,Female,Chandigarh,Chandigarh,1620943,Dry,2023-12-06
4548,Customer_4548,40,Male,Lucknow,Uttar Pradesh,1313598,Oily,2023-11-05
4549,Customer_4549,52,Female,Pune,Maharashtra,464536,Combination,2022-12-27
4550,Customer_4550,30,Female,Jaipur,Rajasthan,377677,Normal,2024-04-13
4551,Customer_4551,53,Female,Hyderabad,Telangana,1367206,Dry,2022-12-19
4552,Customer_4552,52,Male,Ahmedabad,Gujarat,500144,Combination,2024-05-05
4553,Customer_4553,34,Female,Indore,Madhya Pradesh,1598461,Sensitive,2023-11-17
4554,Customer_4554,33,Male,Ahmedabad,Gujarat,1135445,Dry,2023-10-25
4555,Customer_4555,48,Male,Indore,Madhya Pradesh,406070,Combination,2022-01-12
4556,Customer_4556,33,Male,Chandigarh,Chandigarh,953225,Combination,2022-11-16
4557,Customer_4557,52,Female,Hyderabad,Telangana,338535,Oily,2023-09-11
4558,Customer_4558,27,Male,Lucknow,Uttar Pradesh,470781,Normal,2022-01-25
4559,Customer_4559,55,Female,Mumbai,Maharashtra,1125556,Oily,2024-02-25
4560,Customer_4560,33,Female,Bengaluru,Karnataka,1440825,Normal,2023-02-13
4561,Customer_4561,58,Male,Delhi,Delhi,1684270,Sensitive,2023-07-01
4562,Customer_4562,18,Male,Lucknow,Uttar Pradesh,1121542,Combination,2022-06-11
4563,Customer_4563,39,Male,Chandigarh,Chandigarh,1101398,Combination,2023-12-10
4564,Customer_4564,56,Male,Jaipur,Rajasthan,727239,Oily,2022-12-17
4565,Customer_4565,26,Male,Jaipur,Rajasthan,416378,Oily,2023-09-12
4566,Customer_4566,37,Female,Indore,Madhya Pradesh,343337,Normal,2023-06-04
4567,Customer_4567,45,Female,Bengaluru,Karnataka,389278,Normal,2024-01-08
4568,Customer_4568,53,Female,Chandigarh,Chandigarh,389255,Normal,2022-06-22
4569,Customer_4569,25,Male,Bengaluru,Karnataka,1434247,Combination,2024-06-05
4570,Customer_4570,23,Male,Mumbai,Maharashtra,718784,Oily,2024-04-10
4571,Customer_4571,42,Male,Jaipur,Rajasthan,501847,Combination,2023-07-05
4572,Customer_4572,53,Female,Delhi,Delhi,1476244,Dry,2022-12-18
4573,Customer_4573,43,Male,Pune,Maharashtra,691057,Dry,2022-04-25
4574,Customer_4574,59,Female,Chandigarh,Chandigarh,367839,Combination,2023-04-11
4575,Customer_4575,27,Male,Pune,Maharashtra,957539,Oily,2023-09-08
4576,Customer_4576,18,Female,Indore,Madhya Pradesh,1301195,Combination,2023-01-08
4577,Customer_4577,36,Female,Delhi,Delhi,1764281,Dry,2024-06-03
4578,Customer_4578,26,Male,Lucknow,Uttar Pradesh,467621,Sensitive,2024-02-08
4579,Customer_4579,36,Female,Hyderabad,Telangana,453991,Normal,2023-08-10
4580,Customer_4580,33,Female,Ahmedabad,Gujarat,1183371,Sensitive,2024-04-03
4581,Customer_4581,44,Male,Jaipur,Rajasthan,1154474,Oily,2022-09-12
4582,Customer_4582,54,Female,Ahmedabad,Gujarat,305821,Combination,2022-08-26
4583,Customer_4583,26,Female,Bengaluru,Karnataka,454502,Normal,2022-11-05
4584,Customer_4584,26,Female,Bengaluru,Karnataka,1319555,Normal,2023-04-05
4585,Customer_4585,31,Female,Bengaluru,Karnataka,1384094,Sensitive,2022-02-19
4586,Customer_4586,21,Female,Ahmedabad,Gujarat,795984,Dry,2023-02-10
4587,Customer_4587,33,Female,Jaipur,Rajasthan,317539,Combination,2022-02-15
4588,Customer_4588,51,Male,Pune,Maharashtra,1656814,Sensitive,2022-09-30
4589,Customer_4589,57,Male,Bengaluru,Karnataka,322961,Oily,2023-08-24
4590,Customer_4590,55,Male,Bengaluru,Karnataka,645838,Dry,2024-04-04
4591,Customer_4591,58,Male,Mumbai,Maharashtra,600233,Combination,2022-05-19
4592,Customer_4592,56,Female,Bengaluru,Karnataka,1010864,Oily,2023-12-07
4593,Customer_4593,47,Female,Mumbai,Maharashtra,1492070,Sensitive,2023-12-14
4594,Customer_4594,41,Male,Chandigarh,Chandigarh,535119,Normal,2023-10-27
4595,Customer_4595,43,Male,Pune,Maharashtra,403890,Normal,2024-01-04
4596,Customer_4596,45,Male,Lucknow,Uttar Pradesh,579021,Sensitive,2022-12-24
4597,Customer_4597,36,Female,Indore,Madhya Pradesh,840623,Combination,2023-10-08
4598,Customer_4598,26,Male,Chandigarh,Chandigarh,969039,Combination,2024-02-05
4599,Customer_4599,56,Female,Lucknow,Uttar Pradesh,1754345,Combination,2022-12-04
4600,Customer_4600,50,Male,Mumbai,Maharashtra,560792,Normal,2022-01-17
4601,Customer_4601,25,Female,Lucknow,Uttar Pradesh,1029516,Combination,2023-06-27
4602,Customer_4602,36,Female,Mumbai,Maharashtra,992419,Sensitive,2023-02-20
4603,Customer_4603,28,Female,Pune,Maharashtra,613331,Dry,2023-05-21
4604,Customer_4604,49,Male,Chandigarh,Chandigarh,960387,Sensitive,2023-01-25
4605,Customer_4605,33,Female,Bengaluru,Karnataka,515060,Sensitive,2024-05-10
4606,Customer_4606,37,Female,Pune,Maharashtra,363928,Sensitive,2022-01-11
4607,Customer_4607,46,Male,Delhi,Delhi,1184157,Sensitive,2022-01-17
4608,Customer_4608,30,Female,Pune,Maharashtra,431885,Combination,2023-06-01
4609,Customer_4609,19,Male,Ahmedabad,Gujarat,1085297,Oily,2023-11-29
4610,Customer_4610,22,Female,Bengaluru,Karnataka,783182,Dry,2023-03-10
4611,Customer_4611,24,Female,Indore,Madhya Pradesh,1187612,Dry,2022-12-22
4612,Customer_4612,46,Male,Lucknow,Uttar Pradesh,1083117,Oily,2022-07-03
4613,Customer_4613,37,Male,Delhi,Delhi,738700,Oily,2023-08-28
4614,Customer_4614,37,Female,Ahmedabad,Gujarat,1489436,Combination,2022-02-27
4615,Customer_4615,34,Female,Jaipur,Rajasthan,748358,Dry,2023-11-28
4616,Customer_4616,47,Male,Ahmedabad,Gujarat,969658,Sensitive,2022-05-07
4617,Customer_4617,23,Female,Chandigarh,Chandigarh,1211689,Combination,2024-05-17
4618,Customer_4618,55,Male,Jaipur,Rajasthan,1201115,Combination,2023-02-02
4619,Customer_4619,53,Male,Hyderabad,Telangana,708542,Combination,2024-01-01
4620,Customer_4620,49,Female,Chandigarh,Chandigarh,1615336,Normal,2023-04-17
4621,Customer_4621,53,Male,Jaipur,Rajasthan,1084870,Sensitive,2022-02-20
4622,Customer_4622,33,Female,Pune,Maharashtra,1294150,Dry,2023-07-10
4623,Customer_4623,33,Male,Delhi,Delhi,1647187,Dry,2023-08-01
4624,Customer_4624,28,Male,Pune,Maharashtra,1565568,Combination,2023-03-19
4625,Customer_4625,33,Male,Indore,Madhya Pradesh,697732,Oily,2023-12-08
4626,Customer_4626,48,Male,Chandigarh,Chandigarh,1731541,Oily,2022-08-04
4627,Customer_4627,43,Female,Chandigarh,Chandigarh,843322,Dry,2022-07-10
4628,Customer_4628,26,Female,Lucknow,Uttar Pradesh,803469,Oily,2024-04-15
4629,Customer_4629,47,Female,Jaipur,Rajasthan,1594596,Normal,2023-10-31
4630,Customer_4630,34,Male,Pune,Maharashtra,1221270,Sensitive,2022-08-31
4631,Customer_4631,28,Male,Chandigarh,Chandigarh,1421803,Combination,2023-10-30
4632,Customer_4632,20,Male,Pune,Maharashtra,799748,Oily,2022-01-23
4633,Customer_4633,24,Female,Chandigarh,Chandigarh,1744392,Dry,2022-03-08
4634,Customer_4634,57,Male,Jaipur,Rajasthan,778052,Oily,2023-06-13
4635,Customer_4635,36,Male,Delhi,Delhi,745472,Combination,2023-05-22
4636,Customer_4636,56,Male,Hyderabad,Telangana,1575294,Dry,2024-03-29
4637,Customer_4637,39,Female,Indore,Madhya Pradesh,476378,Combination,2024-05-12
4638,Customer_4638,39,Male,Delhi,Delhi,1115800,Dry,2023-03-30
4639,Customer_4639,45,Male,Ahmedabad,Gujarat,723078,Normal,2022-08-15
4640,Customer_4640,19,Male,Hyderabad,Telangana,1124909,Combination,2022-09-09
4641,Customer_4641,27,Male,Mumbai,Maharashtra,1207009,Oily,2022-05-12
4642,Customer_4642,46,Female,Indore,Madhya Pradesh,1279080,Oily,2022-07-28
4643,Customer_4643,44,Male,Hyderabad,Telangana,1135559,Sensitive,2022-11-02
4644,Customer_4644,19,Female,Indore,Madhya Pradesh,307233,Oily,2023-07-26
4645,Customer_4645,21,Male,Ahmedabad,Gujarat,1093671,Dry,2022-12-10
4646,Customer_4646,38,Male,Chandigarh,Chandigarh,1608423,Normal,2024-03-26
4647,Customer_4647,26,Female,Delhi,Delhi,477868,Dry,2023-10-18
4648,Customer_4648,37,Male,Indore,Madhya Pradesh,577403,Sensitive,2022-10-04
4649,Customer_4649,59,Female,Bengaluru,Karnataka,1292462,Combination,2023-06-03
4650,Customer_4650,45,Female,Pune,Maharashtra,1181323,Oily,2023-01-16
4651,Customer_4651,18,Female,Chandigarh,Chandigarh,635336,Dry,2024-05-12
4652,Customer_4652,33,Female,Bengaluru,Karnataka,700367,Normal,2023-11-10
4653,Customer_4653,58,Female,Ahmedabad,Gujarat,850234,Sensitive,2024-01-17
4654,Customer_4654,36,Female,Hyderabad,Telangana,860496,Combination,2023-09-02
4655,Customer_4655,59,Male,Indore,Madhya Pradesh,519125,Normal,2022-08-11
4656,Customer_4656,54,Female,Chandigarh,Chandigarh,1504426,Normal,2023-12-27
4657,Customer_4657,56,Male,Delhi,Delhi,840409,Normal,2023-12-25
4658,Customer_4658,45,Male,Lucknow,Uttar Pradesh,1535804,Normal,2022-11-19
4659,Customer_4659,18,Female,Ahmedabad,Gujarat,1552451,Oily,2022-05-27
4660,Customer_4660,45,Female,Jaipur,Rajasthan,753987,Oily,2022-05-15
4661,Customer_4661,55,Female,Mumbai,Maharashtra,1099027,Dry,2022-05-14
4662,Customer_4662,28,Male,Hyderabad,Telangana,1685237,Dry,2022-12-04
4663,Customer_4663,36,Female,Chandigarh,Chandigarh,778105,Combination,2022-01-17
4664,Customer_4664,22,Male,Bengaluru,Karnataka,1736666,Sensitive,2023-03-24
4665,Customer_4665,26,Male,Pune,Maharashtra,1540629,Normal,2023-12-22
4666,Customer_4666,49,Female,Delhi,Delhi,662020,Oily,2022-12-16
4667,Customer_4667,47,Female,Jaipur,Rajasthan,434666,Normal,2024-03-03
4668,Customer_4668,51,Male,Lucknow,Uttar Pradesh,570045,Oily,2023-04-07
4669,Customer_4669,59,Female,Lucknow,Uttar Pradesh,421233,Combination,2023-11-05
4670,Customer_4670,36,Male,Lucknow,Uttar Pradesh,1113554,Normal,2022-02-20
4671,Customer_4671,22,Male,Jaipur,Rajasthan,1763618,Combination,2023-08-13
4672,Customer_4672,43,Female,Ahmedabad,Gujarat,1280499,Normal,2023-09-06
4673,Customer_4673,35,Female,Lucknow,Uttar Pradesh,351383,Combination,2023-06-12
4674,Customer_4674,46,Female,Jaipur,Rajasthan,1489859,Sensitive,2022-07-17
4675,Customer_4675,33,Male,Lucknow,Uttar Pradesh,1602112,Sensitive,2022-06-07
4676,Customer_4676,43,Male,Mumbai,Maharashtra,406315,Normal,2022-03-02
4677,Customer_4677,27,Female,Chandigarh,Chandigarh,475477,Sensitive,2023-02-15
4678,Customer_4678,18,Male,Pune,Maharashtra,1178066,Combination,2022-12-31
4679,Customer_4679,46,Female,Ahmedabad,Gujarat,882553,Combination,2023-05-27
4680,Customer_4680,43,Female,Lucknow,Uttar Pradesh,987400,Combination,2023-05-21
4681,Customer_4681,24,Male,Ahmedabad,Gujarat,834282,Sensitive,2023-03-18
4682,Customer_4682,18,Male,Delhi,Delhi,409687,Sensitive,2023-06-21
4683,Customer_4683,39,Female,Indore,Madhya Pradesh,1413492,Oily,2022-10-26
4684,Customer_4684,40,Male,Bengaluru,Karnataka,1169737,Sensitive,2022-12-28
4685,Customer_4685,38,Male,Delhi,Delhi,622764,Oily,2022-09-20
4686,Customer_4686,34,Male,Delhi,Delhi,1374354,Normal,2023-09-19
4687,Customer_4687,36,Male,Indore,Madhya Pradesh,601403,Oily,2022-07-26
4688,Customer_4688,44,Female,Lucknow,Uttar Pradesh,335627,Normal,2024-03-05
4689,Customer_4689,38,Female,Mumbai,Maharashtra,387863,Dry,2023-04-09
4690,Customer_4690,33,Female,Bengaluru,Karnataka,706817,Dry,2023-09-30
4691,Customer_4691,35,Male,Delhi,Delhi,744933,Normal,2023-10-21
4692,Customer_4692,21,Male,Jaipur,Rajasthan,394837,Combination,2024-01-19
4693,Customer_4693,52,Male,Bengaluru,Karnataka,363746,Normal,2024-03-06
4694,Customer_4694,22,Male,Delhi,Delhi,864374,Normal,2022-01-13
4695,Customer_4695,45,Male,Chandigarh,Chandigarh,1573814,Sensitive,2023-09-03
4696,Customer_4696,54,Female,Indore,Madhya Pradesh,582967,Combination,2022-12-11
4697,Customer_4697,53,Female,Pune,Maharashtra,529671,Oily,2023-01-07
4698,Customer_4698,57,Female,Jaipur,Rajasthan,1404416,Dry,2022-11-02
4699,Customer_4699,20,Female,Ahmedabad,Gujarat,729169,Combination,2024-02-11
4700,Customer_4700,49,Female,Jaipur,Rajasthan,1368371,Dry,2023-08-10
4701,Customer_4701,49,Male,Ahmedabad,Gujarat,1501746,Combination,2023-11-25
4702,Customer_4702,39,Male,Bengaluru,Karnataka,594347,Sensitive,2022-01-02
4703,Customer_4703,57,Female,Pune,Maharashtra,866786,Oily,2023-10-29
4704,Customer_4704,32,Male,Bengaluru,Karnataka,1041918,Normal,2023-09-07
4705,Customer_4705,39,Female,Pune,Maharashtra,1580361,Dry,2023-04-25
4706,Customer_4706,37,Male,Mumbai,Maharashtra,385708,Oily,2022-04-09
4707,Customer_4707,46,Female,Chandigarh,Chandigarh,1288104,Combination,2023-06-30
4708,Customer_4708,47,Female,Jaipur,Rajasthan,1578554,Combination,2022-04-27
4709,Customer_4709,22,Female,Delhi,Delhi,860578,Normal,2024-01-09
4710,Customer_4710,30,Male,Pune,Maharashtra,1350380,Normal,2024-02-12
4711,Customer_4711,56,Female,Pune,Maharashtra,1645087,Normal,2024-06-13
4712,Customer_4712,50,Female,Jaipur,Rajasthan,522342,Normal,2023-03-07
4713,Customer_4713,33,Male,Pune,Maharashtra,652982,Sensitive,2022-02-01
4714,Customer_4714,53,Female,Ahmedabad,Gujarat,1605918,Combination,2022-06-19
4715,Customer_4715,44,Female,Indore,Madhya Pradesh,913491,Normal,2022-08-03
4716,Customer_4716,46,Male,Hyderabad,Telangana,1767574,Dry,2023-01-29
4717,Customer_4717,29,Male,Jaipur,Rajasthan,1678255,Dry,2023-01-16
4718,Customer_4718,51,Male,Hyderabad,Telangana,1283017,Normal,2023-05-28
4719,Customer_4719,36,Male,Pune,Maharashtra,1100031,Combination,2024-04-21
4720,Customer_4720,54,Female,Ahmedabad,Gujarat,1168890,Normal,2023-07-16
4721,Customer_4721,19,Female,Chandigarh,Chandigarh,620366,Oily,2022-05-17
4722,Customer_4722,27,Male,Indore,Madhya Pradesh,1671041,Sensitive,2022-05-02
4723,Customer_4723,57,Male,Indore,Madhya Pradesh,617727,Oily,2022-08-22
4724,Customer_4724,54,Male,Indore,Madhya Pradesh,375312,Sensitive,2022-11-20
4725,Customer_4725,52,Female,Delhi,Delhi,416662,Normal,2022-10-15
4726,Customer_4726,46,Female,Indore,Madhya Pradesh,1774857,Combination,2022-03-14
4727,Customer_4727,44,Female,Indore,Madhya Pradesh,958422,Combination,2022-07-27
4728,Customer_4728,51,Male,Chandigarh,Chandigarh,1442205,Normal,2023-10-02
4729,Customer_4729,46,Male,Bengaluru,Karnataka,1270496,Normal,2022-03-09
4730,Customer_4730,55,Male,Ahmedabad,Gujarat,971939,Sensitive,2023-09-09
4731,Customer_4731,53,Female,Bengaluru,Karnataka,1075094,Normal,2023-09-16
4732,Customer_4732,28,Female,Jaipur,Rajasthan,1453282,Oily,2023-06-02
4733,Customer_4733,53,Female,Delhi,Delhi,1161981,Oily,2023-06-22
4734,Customer_4734,27,Male,Bengaluru,Karnataka,1737068,Sensitive,2023-02-13
4735,Customer_4735,27,Male,Hyderabad,Telangana,1545032,Sensitive,2023-11-29
4736,Customer_4736,29,Male,Hyderabad,Telangana,1624554,Normal,2022-01-29
4737,Customer_4737,23,Male,Ahmedabad,Gujarat,624400,Normal,2023-10-25
4738,Customer_4738,51,Female,Lucknow,Uttar Pradesh,1675025,Dry,2023-06-08
4739,Customer_4739,19,Female,Pune,Maharashtra,314769,Sensitive,2023-02-02
4740,Customer_4740,20,Male,Chandigarh,Chandigarh,398724,Sensitive,2023-08-24
4741,Customer_4741,32,Female,Pune,Maharashtra,607724,Normal,2023-07-23
4742,Customer_4742,42,Male,Pune,Maharashtra,769560,Combination,2023-12-25
4743,Customer_4743,60,Female,Lucknow,Uttar Pradesh,1686957,Combination,2023-09-15
4744,Customer_4744,20,Male,Indore,Madhya Pradesh,1797048,Combination,2022-02-15
4745,Customer_4745,49,Female,Jaipur,Rajasthan,1265196,Normal,2023-09-21
4746,Customer_4746,51,Male,Jaipur,Rajasthan,700574,Combination,2022-12-29
4747,Customer_4747,18,Female,Indore,Madhya Pradesh,1227484,Oily,2024-01-28
4748,Customer_4748,28,Male,Hyderabad,Telangana,510029,Combination,2022-12-04
4749,Customer_4749,58,Male,Ahmedabad,Gujarat,1728885,Combination,2023-03-27
4750,Customer_4750,40,Male,Bengaluru,Karnataka,1649952,Dry,2023-06-22
4751,Customer_4751,57,Male,Indore,Madhya Pradesh,1383343,Combination,2023-12-29
4752,Customer_4752,34,Male,Delhi,Delhi,952590,Combination,2023-06-06
4753,Customer_4753,31,Male,Lucknow,Uttar Pradesh,460117,Combination,2022-03-07
4754,Customer_4754,48,Male,Delhi,Delhi,1666086,Dry,2024-02-10
4755,Customer_4755,32,Female,Pune,Maharashtra,403220,Oily,2023-02-15
4756,Customer_4756,46,Male,Lucknow,Uttar Pradesh,980105,Sensitive,2024-04-18
4757,Customer_4757,56,Male,Lucknow,Uttar Pradesh,378589,Normal,2023-10-17
4758,Customer_4758,46,Female,Indore,Madhya Pradesh,1427694,Dry,2024-06-13
4759,Customer_4759,32,Female,Pune,Maharashtra,1616095,Combination,2023-01-01
4760,Customer_4760,50,Female,Jaipur,Rajasthan,852399,Sensitive,2023-04-30
4761,Customer_4761,36,Male,Chandigarh,Chandigarh,786334,Sensitive,2024-01-14
4762,Customer_4762,37,Male,Jaipur,Rajasthan,439237,Sensitive,2022-08-12
4763,Customer_4763,57,Female,Pune,Maharashtra,1306141,Oily,2024-02-16
4764,Customer_4764,50,Male,Indore,Madhya Pradesh,549613,Combination,2023-08-20
4765,Customer_4765,41,Female,Indore,Madhya Pradesh,1781466,Oily,2023-09-08
4766,Customer_4766,60,Female,Pune,Maharashtra,789729,Dry,2023-06-06
4767,Customer_4767,53,Male,Jaipur,Rajasthan,1790383,Dry,2022-05-20
4768,Customer_4768,23,Female,Chandigarh,Chandigarh,1472749,Combination,2023-12-24
4769,Customer_4769,59,Male,Delhi,Delhi,775568,Oily,2022-06-29
4770,Customer_4770,23,Female,Delhi,Delhi,1081919,Dry,2023-07-18
4771,Customer_4771,58,Female,Ahmedabad,Gujarat,1427311,Oily,2023-08-21
4772,Customer_4772,42,Male,Jaipur,Rajasthan,1278455,Oily,2022-11-04
4773,Customer_4773,42,Female,Delhi,Delhi,1786920,Combination,2023-02-03
4774,Customer_4774,25,Female,Pune,Maharashtra,1625797,Normal,2023-01-01
4775,Customer_4775,36,Male,Lucknow,Uttar Pradesh,1615148,Sensitive,2022-10-02
4776,Customer_4776,25,Female,Chandigarh,Chandigarh,433466,Sensitive,2022-01-04
4777,Customer_4777,18,Male,Ahmedabad,Gujarat,647256,Dry,2023-06-10
4778,Customer_4778,43,Male,Hyderabad,Telangana,1653775,Combination,2022-04-12
4779,Customer_4779,37,Female,Mumbai,Maharashtra,1700155,Sensitive,2023-01-31
4780,Customer_4780,55,Female,Bengaluru,Karnataka,1479548,Oily,2023-12-12
4781,Customer_4781,46,Female,Indore,Madhya Pradesh,354170,Oily,2023-08-29
4782,Customer_4782,52,Female,Pune,Maharashtra,905270,Oily,2022-07-26
4783,Customer_4783,27,Female,Bengaluru,Karnataka,1630464,Combination,2024-02-07
4784,Customer_4784,54,Female,Bengaluru,Karnataka,1782854,Oily,2022-04-30
4785,Customer_4785,30,Female,Lucknow,Uttar Pradesh,1090860,Sensitive,2023-04-16
4786,Customer_4786,56,Female,Hyderabad,Telangana,1171341,Sensitive,2023-03-22
4787,Customer_4787,18,Male,Hyderabad,Telangana,957347,Sensitive,2022-09-04
4788,Customer_4788,29,Male,Delhi,Delhi,581914,Oily,2022-05-17
4789,Customer_4789,35,Male,Mumbai,Maharashtra,451771,Oily,2024-01-13
4790,Customer_4790,45,Male,Indore,Madhya Pradesh,1182850,Sensitive,2023-01-02
4791,Customer_4791,19,Male,Chandigarh,Chandigarh,1294790,Sensitive,2023-09-22
4792,Customer_4792,38,Male,Hyderabad,Telangana,1633085,Combination,2022-10-10
4793,Customer_4793,25,Female,Jaipur,Rajasthan,916071,Dry,2023-09-24
4794,Customer_4794,31,Male,Pune,Maharashtra,1034971,Dry,2023-04-14
4795,Customer_4795,43,Female,Delhi,Delhi,1210753,Combination,2022-05-24
4796,Customer_4796,21,Male,Jaipur,Rajasthan,1452564,Sensitive,2022-09-10
4797,Customer_4797,26,Female,Indore,Madhya Pradesh,757567,Dry,2023-08-05
4798,Customer_4798,40,Female,Chandigarh,Chandigarh,1584171,Combination,2022-12-31
4799,Customer_4799,28,Male,Chandigarh,Chandigarh,1319147,Sensitive,2023-01-20
4800,Customer_4800,23,Female,Delhi,Delhi,1574766,Dry,2022-01-27
4801,Customer_4801,53,Female,Mumbai,Maharashtra,305201,Oily,2024-01-31
4802,Customer_4802,39,Male,Ahmedabad,Gujarat,736807,Combination,2024-03-09
4803,Customer_4803,34,Female,Delhi,Delhi,1308963,Oily,2022-07-04
4804,Customer_4804,52,Male,Lucknow,Uttar Pradesh,1500961,Dry,2022-11-04
4805,Customer_4805,33,Male,Indore,Madhya Pradesh,438631,Combination,2023-01-05
4806,Customer_4806,42,Male,Delhi,Delhi,1083897,Sensitive,2022-10-27
4807,Customer_4807,30,Male,Chandigarh,Chandigarh,1049937,Dry,2022-04-28
4808,Customer_4808,55,Female,Delhi,Delhi,1403066,Normal,2023-04-23
4809,Customer_4809,38,Male,Chandigarh,Chandigarh,433227,Oily,2024-06-14
4810,Customer_4810,36,Male,Bengaluru,Karnataka,1522981,Combination,2022-10-20
4811,Customer_4811,46,Female,Mumbai,Maharashtra,1664473,Sensitive,2023-03-12
4812,Customer_4812,50,Male,Hyderabad,Telangana,408564,Normal,2024-04-03
4813,Customer_4813,50,Male,Ahmedabad,Gujarat,425356,Dry,2024-01-11
4814,Customer_4814,48,Male,Lucknow,Uttar Pradesh,479881,Combination,2022-07-31
4815,Customer_4815,23,Female,Chandigarh,Chandigarh,493146,Dry,2022-09-14
4816,Customer_4816,45,Female,Mumbai,Maharashtra,1421684,Sensitive,2022-06-24
4817,Customer_4817,18,Female,Hyderabad,Telangana,1450294,Dry,2023-07-16
4818,Customer_4818,24,Male,Indore,Madhya Pradesh,1590040,Sensitive,2023-10-09
4819,Customer_4819,38,Female,Lucknow,Uttar Pradesh,931646,Oily,2022-12-05
4820,Customer_4820,21,Female,Indore,Madhya Pradesh,1647031,Normal,2023-10-30
4821,Customer_4821,27,Female,Bengaluru,Karnataka,1512544,Oily,2022-09-08
4822,Customer_4822,41,Female,Hyderabad,Telangana,675821,Oily,2022-01-13
4823,Customer_4823,20,Male,Jaipur,Rajasthan,687315,Oily,2022-02-25
4824,Customer_4824,50,Female,Pune,Maharashtra,1003050,Combination,2023-12-14
4825,Customer_4825,38,Male,Bengaluru,Karnataka,652740,Combination,2024-01-29
4826,Customer_4826,24,Female,Hyderabad,Telangana,621708,Dry,2023-02-18
4827,Customer_4827,48,Male,Jaipur,Rajasthan,516209,Combination,2022-03-19
4828,Customer_4828,38,Male,Delhi,Delhi,340041,Dry,2024-05-30
4829,Customer_4829,45,Male,Jaipur,Rajasthan,731607,Normal,2022-05-25
4830,Customer_4830,26,Male,Pune,Maharashtra,882746,Dry,2022-02-02
4831,Customer_4831,32,Male,Ahmedabad,Gujarat,686272,Oily,2022-02-18
4832,Customer_4832,42,Male,Ahmedabad,Gujarat,1673666,Dry,2022-04-08
4833,Customer_4833,20,Male,Chandigarh,Chandigarh,538806,Oily,2022-09-20
4834,Customer_4834,37,Male,Lucknow,Uttar Pradesh,768980,Normal,2022-04-14
4835,Customer_4835,32,Male,Mumbai,Maharashtra,1062560,Oily,2023-06-14
4836,Customer_4836,25,Male,Jaipur,Rajasthan,632029,Oily,2024-01-21
4837,Customer_4837,34,Female,Chandigarh,Chandigarh,1163440,Combination,2022-12-08
4838,Customer_4838,31,Female,Pune,Maharashtra,689379,Normal,2023-02-14
4839,Customer_4839,37,Female,Delhi,Delhi,1197993,Dry,2022-06-27
4840,Customer_4840,55,Female,Delhi,Delhi,1200514,Oily,2022-10-02
4841,Customer_4841,21,Female,Pune,Maharashtra,819081,Sensitive,2024-02-08
4842,Customer_4842,58,Female,Indore,Madhya Pradesh,1610934,Oily,2022-10-11
4843,Customer_4843,53,Female,Chandigarh,Chandigarh,671923,Normal,2023-04-29
4844,Customer_4844,40,Female,Mumbai,Maharashtra,493179,Combination,2023-12-06
4845,Customer_4845,42,Female,Pune,Maharashtra,1077888,Combination,2023-07-31
4846,Customer_4846,35,Female,Hyderabad,Telangana,1118071,Oily,2023-01-14
4847,Customer_4847,58,Male,Mumbai,Maharashtra,1599371,Sensitive,2023-03-03
4848,Customer_4848,24,Female,Delhi,Delhi,1291391,Combination,2022-08-13
4849,Customer_4849,43,Female,Mumbai,Maharashtra,633979,Combination,2024-06-18
4850,Customer_4850,35,Female,Indore,Madhya Pradesh,1210797,Combination,2023-11-14
4851,Customer_4851,39,Male,Mumbai,Maharashtra,1476907,Normal,2023-12-17
4852,Customer_4852,26,Female,Jaipur,Rajasthan,823955,Oily,2022-10-24
4853,Customer_4853,42,Female,Mumbai,Maharashtra,1542332,Oily,2022-11-01
4854,Customer_4854,39,Female,Hyderabad,Telangana,471539,Oily,2023-10-19
4855,Customer_4855,59,Female,Indore,Madhya Pradesh,712123,Normal,2022-08-18
4856,Customer_4856,35,Male,Ahmedabad,Gujarat,1682754,Combination,2023-02-25
4857,Customer_4857,39,Female,Lucknow,Uttar Pradesh,816635,Normal,2022-01-27
4858,Customer_4858,24,Female,Jaipur,Rajasthan,1429106,Oily,2022-10-31
4859,Customer_4859,48,Male,Chandigarh,Chandigarh,1591659,Normal,2024-02-10
4860,Customer_4860,60,Male,Lucknow,Uttar Pradesh,1170906,Dry,2022-12-29
4861,Customer_4861,50,Male,Mumbai,Maharashtra,512873,Sensitive,2024-03-11
4862,Customer_4862,59,Male,Lucknow,Uttar Pradesh,1756761,Sensitive,2022-04-01
4863,Customer_4863,33,Male,Bengaluru,Karnataka,1342500,Oily,2023-05-01
4864,Customer_4864,42,Male,Pune,Maharashtra,1288870,Oily,2024-03-04
4865,Customer_4865,24,Female,Bengaluru,Karnataka,1424714,Normal,2023-03-10
4866,Customer_4866,53,Male,Indore,Madhya Pradesh,1465873,Oily,2023-01-31
4867,Customer_4867,54,Male,Delhi,Delhi,547096,Oily,2022-05-06
4868,Customer_4868,43,Male,Delhi,Delhi,1541835,Combination,2024-03-12
4869,Customer_4869,43,Male,Indore,Madhya Pradesh,978040,Combination,2024-05-08
4870,Customer_4870,55,Male,Pune,Maharashtra,1114954,Combination,2022-12-19
4871,Customer_4871,31,Male,Jaipur,Rajasthan,1553777,Dry,2023-04-17
4872,Customer_4872,55,Female,Pune,Maharashtra,323798,Oily,2023-02-09
4873,Customer_4873,34,Male,Chandigarh,Chandigarh,1700414,Dry,2022-07-05
4874,Customer_4874,42,Female,Jaipur,Rajasthan,1489414,Sensitive,2022-04-01
4875,Customer_4875,44,Female,Chandigarh,Chandigarh,1709778,Dry,2023-02-26
4876,Customer_4876,32,Male,Lucknow,Uttar Pradesh,989200,Oily,2023-09-07
4877,Customer_4877,20,Male,Hyderabad,Telangana,1117112,Dry,2022-06-23
4878,Customer_4878,54,Male,Ahmedabad,Gujarat,538212,Sensitive,2024-03-05
4879,Customer_4879,54,Female,Mumbai,Maharashtra,1527046,Dry,2024-02-19
4880,Customer_4880,30,Male,Hyderabad,Telangana,785750,Combination,2022-10-06
4881,Customer_4881,48,Female,Mumbai,Maharashtra,1310892,Oily,2023-12-04
4882,Customer_4882,52,Male,Delhi,Delhi,890236,Dry,2024-04-25
4883,Customer_4883,52,Female,Chandigarh,Chandigarh,485830,Dry,2022-03-14
4884,Customer_4884,49,Male,Jaipur,Rajasthan,379056,Dry,2022-09-15
4885,Customer_4885,23,Male,Lucknow,Uttar Pradesh,1139818,Dry,2022-10-17
4886,Customer_4886,59,Male,Chandigarh,Chandigarh,352251,Dry,2024-05-18
4887,Customer_4887,59,Male,Delhi,Delhi,381060,Oily,2023-06-27
4888,Customer_4888,44,Female,Lucknow,Uttar Pradesh,549707,Sensitive,2023-07-12
4889,Customer_4889,22,Male,Bengaluru,Karnataka,816838,Combination,2022-05-28
4890,Customer_4890,30,Female,Hyderabad,Telangana,1352653,Combination,2022-11-06
4891,Customer_4891,34,Male,Lucknow,Uttar Pradesh,425648,Oily,2022-11-23
4892,Customer_4892,22,Female,Mumbai,Maharashtra,428730,Sensitive,2023-08-03
4893,Customer_4893,49,Male,Hyderabad,Telangana,730773,Normal,2023-01-27
4894,Customer_4894,23,Female,Bengaluru,Karnataka,1307791,Dry,2024-05-25
4895,Customer_4895,49,Male,Hyderabad,Telangana,726305,Oily,2024-03-12
4896,Customer_4896,55,Female,Hyderabad,Telangana,334023,Oily,2022-11-07
4897,Customer_4897,60,Male,Indore,Madhya Pradesh,638840,Normal,2023-07-23
4898,Customer_4898,36,Male,Hyderabad,Telangana,550045,Oily,2024-05-10
4899,Customer_4899,47,Female,Lucknow,Uttar Pradesh,965035,Oily,2023-05-12
4900,Customer_4900,56,Male,Hyderabad,Telangana,1214651,Sensitive,2024-05-19
4901,Customer_4901,41,Female,Lucknow,Uttar Pradesh,1098101,Combination,2024-05-30
4902,Customer_4902,30,Male,Jaipur,Rajasthan,800888,Normal,2024-03-18
4903,Customer_4903,20,Female,Hyderabad,Telangana,932638,Normal,2022-04-24
4904,Customer_4904,25,Female,Jaipur,Rajasthan,655088,Oily,2023-10-19
4905,Customer_4905,25,Female,Pune,Maharashtra,895504,Dry,2022-03-19
4906,Customer_4906,23,Female,Mumbai,Maharashtra,756749,Combination,2022-02-22
4907,Customer_4907,56,Female,Jaipur,Rajasthan,1688083,Oily,2023-02-02
4908,Customer_4908,44,Female,Hyderabad,Telangana,1022246,Combination,2022-06-21
4909,Customer_4909,29,Female,Ahmedabad,Gujarat,954076,Dry,2022-01-03
4910,Customer_4910,58,Female,Pune,Maharashtra,893485,Sensitive,2024-01-08
4911,Customer_4911,47,Female,Hyderabad,Telangana,1391769,Normal,2023-01-03
4912,Customer_4912,42,Female,Jaipur,Rajasthan,1362592,Normal,2023-09-05
4913,Customer_4913,21,Male,Mumbai,Maharashtra,1074361,Dry,2023-08-29
4914,Customer_4914,45,Female,Ahmedabad,Gujarat,1029532,Sensitive,2022-08-02
4915,Customer_4915,41,Female,Ahmedabad,Gujarat,605438,Oily,2023-04-05
4916,Customer_4916,47,Male,Hyderabad,Telangana,1117294,Sensitive,2022-05-17
4917,Customer_4917,43,Female,Ahmedabad,Gujarat,354295,Combination,2023-01-27
4918,Customer_4918,48,Male,Bengaluru,Karnataka,1691118,Dry,2022-03-26
4919,Customer_4919,59,Female,Delhi,Delhi,533269,Oily,2022-01-06
4920,Customer_4920,50,Female,Jaipur,Rajasthan,677555,Combination,2022-02-11
4921,Customer_4921,46,Male,Lucknow,Uttar Pradesh,310796,Dry,2023-10-16
4922,Customer_4922,44,Male,Jaipur,Rajasthan,1709948,Combination,2024-04-03
4923,Customer_4923,49,Male,Hyderabad,Telangana,1424699,Oily,2022-01-08
4924,Customer_4924,44,Male,Indore,Madhya Pradesh,703018,Normal,2024-01-08
4925,Customer_4925,25,Female,Hyderabad,Telangana,1683283,Oily,2022-05-24
4926,Customer_4926,27,Male,Mumbai,Maharashtra,679545,Oily,2023-07-24
4927,Customer_4927,36,Male,Pune,Maharashtra,1424178,Combination,2023-04-28
4928,Customer_4928,27,Male,Ahmedabad,Gujarat,1050603,Normal,2023-08-29
4929,Customer_4929,37,Male,Chandigarh,Chandigarh,302702,Combination,2022-04-05
4930,Customer_4930,53,Female,Bengaluru,Karnataka,1248691,Normal,2024-04-01
4931,Customer_4931,32,Female,Hyderabad,Telangana,513447,Dry,2022-09-10
4932,Customer_4932,60,Male,Ahmedabad,Gujarat,959383,Oily,2022-11-23
4933,Customer_4933,27,Male,Indore,Madhya Pradesh,1648738,Normal,2023-08-30
4934,Customer_4934,18,Female,Pune,Maharashtra,906639,Dry,2023-10-17
4935,Customer_4935,49,Male,Ahmedabad,Gujarat,1555764,Sensitive,2023-06-21
4936,Customer_4936,19,Male,Mumbai,Maharashtra,1433404,Dry,2024-05-21
4937,Customer_4937,19,Female,Hyderabad,Telangana,514594,Normal,2022-10-22
4938,Customer_4938,33,Female,Ahmedabad,Gujarat,461902,Normal,2022-12-07
4939,Customer_4939,50,Male,Pune,Maharashtra,1675283,Combination,2022-10-22
4940,Customer_4940,53,Female,Indore,Madhya Pradesh,1252384,Combination,2024-01-21
4941,Customer_4941,53,Male,Pune,Maharashtra,667601,Dry,2023-10-19
4942,Customer_4942,53,Male,Lucknow,Uttar Pradesh,347338,Sensitive,2022-08-16
4943,Customer_4943,49,Male,Ahmedabad,Gujarat,1712827,Oily,2023-04-21
4944,Customer_4944,55,Male,Lucknow,Uttar Pradesh,1700130,Oily,2022-04-10
4945,Customer_4945,60,Female,Mumbai,Maharashtra,825506,Oily,2024-04-21
4946,Customer_4946,56,Male,Jaipur,Rajasthan,968858,Combination,2023-07-20
4947,Customer_4947,40,Female,Ahmedabad,Gujarat,1080311,Normal,2023-08-09
4948,Customer_4948,19,Female,Delhi,Delhi,691270,Normal,2024-01-25
4949,Customer_4949,44,Female,Bengaluru,Karnataka,1487908,Dry,2023-12-08
4950,Customer_4950,40,Male,Delhi,Delhi,1390145,Normal,2024-03-31
4951,Customer_4951,45,Male,Lucknow,Uttar Pradesh,1091176,Dry,2024-01-16
4952,Customer_4952,42,Female,Bengaluru,Karnataka,1181597,Sensitive,2022-09-04
4953,Customer_4953,46,Female,Mumbai,Maharashtra,1078577,Sensitive,2022-02-14
4954,Customer_4954,43,Female,Hyderabad,Telangana,601783,Sensitive,2023-03-01
4955,Customer_4955,32,Female,Hyderabad,Telangana,1692261,Normal,2022-03-12
4956,Customer_4956,55,Male,Delhi,Delhi,593629,Combination,2022-08-14
4957,Customer_4957,50,Female,Bengaluru,Karnataka,707793,Sensitive,2024-01-11
4958,Customer_4958,57,Male,Jaipur,Rajasthan,1642487,Normal,2024-05-19
4959,Customer_4959,36,Female,Jaipur,Rajasthan,931859,Sensitive,2024-03-03
4960,Customer_4960,29,Female,Indore,Madhya Pradesh,319189,Normal,2022-10-16
4961,Customer_4961,33,Male,Pune,Maharashtra,825404,Oily,2022-08-06
4962,Customer_4962,50,Male,Delhi,Delhi,366919,Combination,2022-03-23
4963,Customer_4963,26,Female,Indore,Madhya Pradesh,531967,Combination,2022-12-17
4964,Customer_4964,43,Male,Mumbai,Maharashtra,987086,Normal,2022-12-13
4965,Customer_4965,47,Female,Ahmedabad,Gujarat,1526748,Dry,2023-01-29
4966,Customer_4966,49,Female,Pune,Maharashtra,331344,Oily,2022-10-12
4967,Customer_4967,41,Female,Pune,Maharashtra,428836,Oily,2024-02-21
4968,Customer_4968,32,Male,Mumbai,Maharashtra,1601456,Combination,2023-11-23
4969,Customer_4969,36,Female,Chandigarh,Chandigarh,680178,Oily,2024-05-18
4970,Customer_4970,38,Male,Hyderabad,Telangana,1401761,Sensitive,2022-08-20
4971,Customer_4971,35,Male,Bengaluru,Karnataka,593226,Normal,2023-03-22
4972,Customer_4972,29,Male,Jaipur,Rajasthan,1228245,Oily,2022-04-12
4973,Customer_4973,36,Male,Indore,Madhya Pradesh,1558791,Oily,2024-04-29
4974,Customer_4974,19,Female,Pune,Maharashtra,482479,Sensitive,2023-04-21
4975,Customer_4975,29,Male,Lucknow,Uttar Pradesh,1053260,Oily,2023-08-28
4976,Customer_4976,43,Female,Pune,Maharashtra,1566939,Oily,2023-05-02
4977,Customer_4977,43,Male,Bengaluru,Karnataka,564664,Combination,2024-02-09
4978,Customer_4978,31,Male,Bengaluru,Karnataka,783662,Normal,2022-06-10
4979,Customer_4979,20,Female,Lucknow,Uttar Pradesh,1414927,Combination,2022-01-08
4980,Customer_4980,27,Male,Pune,Maharashtra,1176581,Dry,2023-11-19
4981,Customer_4981,21,Male,Chandigarh,Chandigarh,1508912,Oily,2023-10-21
4982,Customer_4982,31,Female,Mumbai,Maharashtra,1598126,Oily,2023-05-17
4983,Customer_4983,49,Male,Chandigarh,Chandigarh,1566056,Dry,2022-01-03
4984,Customer_4984,59,Male,Bengaluru,Karnataka,685471,Normal,2023-10-26
4985,Customer_4985,45,Male,Ahmedabad,Gujarat,1090170,Oily,2022-07-08
4986,Customer_4986,42,Female,Ahmedabad,Gujarat,1768035,Sensitive,2022-03-07
4987,Customer_4987,41,Female,Lucknow,Uttar Pradesh,1557666,Combination,2022-01-03
4988,Customer_4988,55,Male,Indore,Madhya Pradesh,775853,Dry,2022-10-20
4989,Customer_4989,31,Male,Ahmedabad,Gujarat,791431,Dry,2023-01-30
4990,Customer_4990,47,Male,Indore,Madhya Pradesh,897402,Combination,2023-01-21
4991,Customer_4991,46,Female,Delhi,Delhi,813934,Sensitive,2022-01-14
4992,Customer_4992,57,Female,Hyderabad,Telangana,1039757,Oily,2023-11-25
4993,Customer_4993,24,Male,Chandigarh,Chandigarh,1705259,Sensitive,2023-05-26
4994,Customer_4994,44,Female,Jaipur,Rajasthan,1012992,Dry,2022-12-19
4995,Customer_4995,60,Female,Pune,Maharashtra,1659169,Sensitive,2022-03-10
4996,Customer_4996,19,Male,Pune,Maharashtra,1461348,Dry,2024-04-21
4997,Customer_4997,48,Male,Ahmedabad,Gujarat,1153078,Dry,2024-03-27
4998,Customer_4998,21,Male,Chandigarh,Chandigarh,576919,Oily,2022-03-12
4999,Customer_4999,43,Female,Hyderabad,Telangana,1612950,Normal,2023-11-28
5000,Customer_5000,19,Female,Indore,Madhya Pradesh,1619527,Sensitive,2023-10-10
