order_id,product_id,quantity,selling_price
1,29,1,1062
2,31,1,647
2,39,1,1068
2,4,1,516
3,1,1,1038
3,22,2,892
4,7,2,332
4,22,1,892
4,5,1,1051
5,37,1,1229
5,1,3,1038
6,33,2,943
7,39,1,1068
7,4,1,516
7,35,2,815
8,37,2,1229
8,9,2,1025
8,36,2,847
9,27,1,1283
10,11,1,1047
10,14,3,1157
11,46,2,625
11,36,1,847
12,40,2,1066
13,33,2,943
13,26,3,1135
14,8,2,588
14,47,3,954
15,33,1,943
16,16,1,1416
17,32,2,611
18,3,3,748
18,46,2,625
19,15,2,439
20,42,2,934
20,48,3,553
20,3,1,748
21,36,2,847
21,8,1,588
21,2,1,576
22,1,3,1038
22,16,2,1416
23,30,2,549
23,10,2,913
24,48,3,553
24,28,2,1057
24,20,1,753
25,39,1,1068
25,4,1,516
26,31,2,647
26,23,3,784
27,19,3,718
27,22,1,892
27,31,3,647
28,19,3,718
29,23,2,784
30,12,2,1432
30,14,1,1157
30,12,1,1432
31,35,1,815
32,7,2,332
32,22,3,892
33,25,3,737
33,22,3,892
34,33,3,943
34,16,3,1416
35,46,3,625
35,21,3,736
36,47,1,954
36,45,1,561
36,28,3,1057
37,26,1,1135
38,22,1,892
38,33,2,943
38,1,1,1038
39,42,2,934
39,5,1,1051
40,31,3,647
41,13,3,954
41,29,1,1062
42,6,1,1306
43,25,3,737
44,5,3,1051
44,22,3,892
45,39,2,1068
45,50,3,998
46,42,2,934
47,32,1,611
47,19,2,718
48,4,3,516
49,50,3,998
49,10,3,913
50,9,1,1025
51,31,2,647
51,49,1,1172
51,15,1,439
52,31,3,647
52,48,3,553
52,2,3,576
53,2,2,576
54,17,1,902
54,33,2,943
54,36,1,847
55,26,2,1135
55,25,2,737
56,49,1,1172
56,46,1,625
57,23,2,784
57,31,3,647
58,19,3,718
58,23,1,784
59,30,3,549
59,9,2,1025
60,3,3,748
61,3,2,748
62,38,1,1061
62,26,3,1135
63,25,3,737
64,40,1,1066
65,31,3,647
66,30,2,549
66,34,2,1107
67,32,2,611
68,6,3,1306
69,38,1,1061
70,5,2,1051
71,5,3,1051
71,43,3,1149
72,10,3,913
72,45,2,561
72,18,1,649
73,35,3,815
73,26,2,1135
73,28,2,1057
74,11,1,1047
74,8,3,588
75,32,2,611
75,33,1,943
76,3,2,748
77,17,3,902
77,5,1,1051
78,38,1,1061
78,18,3,649
79,15,2,439
79,16,2,1416
79,25,3,737
80,30,2,549
80,26,3,1135
81,37,3,1229
81,27,1,1283
81,7,1,332
82,41,1,910
83,34,3,1107
83,19,3,718
84,11,2,1047
84,17,3,902
84,6,1,1306
85,5,2,1051
85,42,1,934
86,49,3,1172
86,31,1,647
87,8,2,588
87,50,2,998
87,11,3,1047
88,24,2,946
89,6,3,1306
90,14,3,1157
90,23,1,784
91,18,1,649
92,20,2,753
93,15,1,439
93,35,3,815
93,27,2,1283
94,9,2,1025
95,40,2,1066
95,14,3,1157
96,41,1,910
97,12,3,1432
98,14,3,1157
98,17,1,902
99,37,2,1229
99,46,1,625
99,24,2,946
100,29,2,1062
101,31,1,647
102,35,1,815
102,46,1,625
102,26,1,1135
103,37,2,1229
103,39,2,1068
103,20,3,753
104,2,1,576
104,19,1,718
104,38,1,1061
105,8,3,588
106,49,3,1172
106,41,2,910
106,12,1,1432
107,33,3,943
108,1,3,1038
108,10,2,913
109,32,2,611
109,43,3,1149
110,17,1,902
110,44,3,1303
111,1,2,1038
112,30,3,549
112,38,2,1061
112,30,3,549
113,12,1,1432
113,34,1,1107
113,13,2,954
114,27,3,1283
114,46,3,625
114,10,1,913
115,3,1,748
115,15,1,439
116,18,3,649
116,15,3,439
117,20,2,753
117,50,2,998
117,31,2,647
118,44,2,1303
118,36,1,847
119,35,1,815
119,39,1,1068
120,36,2,847
120,16,2,1416
121,32,2,611
121,22,2,892
121,16,2,1416
122,19,1,718
122,7,2,332
122,40,3,1066
123,39,1,1068
124,40,2,1066
124,34,3,1107
124,4,2,516
125,38,1,1061
125,24,1,946
125,31,3,647
126,47,1,954
126,30,2,549
126,42,3,934
127,36,2,847
127,19,1,718
128,42,1,934
129,20,3,753
130,24,2,946
131,50,2,998
132,31,1,647
132,5,2,1051
133,15,1,439
133,18,3,649
133,5,2,1051
134,6,2,1306
134,31,2,647
134,24,1,946
135,33,3,943
135,30,2,549
136,16,3,1416
136,33,1,943
137,33,3,943
137,44,1,1303
138,19,3,718
138,11,1,1047
138,5,3,1051
139,18,2,649
139,8,1,588
140,42,1,934
141,29,2,1062
141,37,1,1229
141,33,3,943
142,10,3,913
142,7,1,332
142,42,3,934
143,12,3,1432
143,10,2,913
143,16,3,1416
144,35,1,815
144,45,2,561
145,37,2,1229
145,4,1,516
146,21,1,736
146,13,3,954
147,20,1,753
147,1,3,1038
148,22,2,892
148,39,3,1068
148,20,3,753
149,50,1,998
149,1,2,1038
150,14,1,1157
150,28,3,1057
150,32,3,611
151,13,1,954
151,24,3,946
151,24,1,946
152,46,1,625
153,46,2,625
154,30,1,549
155,5,2,1051
156,46,3,625
157,15,3,439
158,47,3,954
159,1,2,1038
159,26,1,1135
160,22,1,892
160,40,2,1066
160,41,1,910
161,13,2,954
161,9,3,1025
162,42,2,934
163,42,1,934
163,48,1,553
164,18,1,649
165,6,3,1306
165,16,3,1416
165,3,1,748
166,12,1,1432
166,41,3,910
167,7,1,332
167,34,1,1107
168,49,2,1172
168,14,1,1157
168,15,1,439
169,24,3,946
169,34,2,1107
170,16,2,1416
170,29,3,1062
170,33,3,943
171,41,3,910
172,45,3,561
173,22,3,892
174,20,3,753
174,24,1,946
175,42,1,934
175,8,3,588
175,6,1,1306
176,44,2,1303
177,11,1,1047
177,40,3,1066
178,38,1,1061
178,8,3,588
178,35,2,815
179,23,2,784
179,21,1,736
179,31,2,647
180,17,3,902
180,10,1,913
180,6,3,1306
181,35,1,815
181,7,2,332
182,34,1,1107
182,9,2,1025
182,35,2,815
183,45,1,561
183,34,2,1107
183,12,1,1432
184,37,1,1229
184,2,1,576
184,3,1,748
185,37,1,1229
185,26,3,1135
186,6,2,1306
187,33,2,943
188,49,1,1172
189,16,1,1416
190,39,2,1068
190,39,3,1068
190,16,3,1416
191,27,1,1283
192,11,1,1047
192,33,1,943
193,47,2,954
193,35,3,815
194,27,3,1283
194,25,3,737
194,22,1,892
195,12,1,1432
196,6,2,1306
197,45,1,561
197,44,1,1303
198,10,1,913
199,50,3,998
200,2,3,576
200,13,2,954
200,31,1,647
201,27,3,1283
201,46,2,625
201,8,1,588
202,43,3,1149
202,21,3,736
202,11,3,1047
203,8,1,588
204,35,2,815
205,24,1,946
205,43,2,1149
206,19,3,718
206,2,3,576
206,2,3,576
207,37,1,1229
207,6,3,1306
208,11,2,1047
208,22,3,892
208,20,2,753
209,23,2,784
209,9,1,1025
209,29,3,1062
210,40,3,1066
211,41,1,910
212,6,2,1306
213,24,1,946
214,16,2,1416
215,46,1,625
216,4,3,516
217,40,2,1066
218,35,2,815
218,21,1,736
219,40,2,1066
220,16,3,1416
220,37,1,1229
220,6,2,1306
221,13,2,954
221,50,3,998
221,28,3,1057
222,17,1,902
222,16,2,1416
223,2,3,576
223,33,2,943
223,22,1,892
224,20,2,753
225,41,1,910
225,23,3,784
225,22,1,892
226,16,3,1416
226,15,1,439
226,21,3,736
227,4,3,516
227,14,1,1157
228,31,2,647
229,33,2,943
229,26,1,1135
229,47,1,954
230,47,3,954
231,36,3,847
231,31,3,647
232,30,2,549
232,31,3,647
232,37,3,1229
233,10,3,913
233,6,2,1306
233,26,3,1135
234,29,2,1062
235,13,2,954
235,19,2,718
236,5,1,1051
236,10,2,913
237,40,2,1066
238,36,2,847
238,11,2,1047
239,32,2,611
239,30,3,549
239,22,2,892
240,30,1,549
240,26,3,1135
240,27,3,1283
241,10,1,913
242,17,2,902
242,35,1,815
243,9,1,1025
243,15,2,439
243,44,1,1303
244,42,3,934
244,13,1,954
245,49,3,1172
245,8,1,588
246,14,1,1157
246,49,2,1172
246,30,3,549
247,15,2,439
247,27,3,1283
248,20,2,753
248,22,1,892
249,8,3,588
249,31,1,647
250,15,3,439
251,25,3,737
252,50,1,998
252,24,1,946
253,44,2,1303
253,39,1,1068
254,9,3,1025
254,47,2,954
255,38,3,1061
255,42,2,934
255,37,2,1229
256,44,3,1303
256,43,3,1149
256,42,3,934
257,20,1,753
257,30,2,549
257,36,3,847
258,15,1,439
259,8,2,588
259,32,1,611
260,8,1,588
260,50,3,998
260,1,2,1038
261,13,1,954
261,45,3,561
261,6,1,1306
262,9,3,1025
262,22,1,892
263,14,1,1157
263,3,1,748
264,11,2,1047
265,30,2,549
265,2,1,576
265,50,2,998
266,13,2,954
266,13,3,954
267,3,2,748
267,46,2,625
268,42,2,934
268,13,2,954
269,21,1,736
269,41,2,910
270,24,3,946
271,50,3,998
272,22,2,892
272,3,3,748
273,8,1,588
273,22,1,892
273,15,2,439
274,31,1,647
274,28,1,1057
274,26,3,1135
275,40,3,1066
276,10,3,913
276,21,1,736
276,44,3,1303
277,48,3,553
277,30,1,549
277,9,2,1025
278,20,3,753
278,13,1,954
278,38,2,1061
279,39,3,1068
279,19,3,718
279,40,3,1066
280,28,2,1057
280,23,1,784
281,46,1,625
281,26,3,1135
281,42,2,934
282,28,3,1057
283,24,1,946
283,45,2,561
284,24,2,946
284,33,1,943
284,27,3,1283
285,32,3,611
285,20,1,753
286,20,2,753
286,45,1,561
287,45,2,561
287,48,1,553
288,49,1,1172
289,31,2,647
290,47,2,954
290,11,2,1047
290,47,2,954
291,50,1,998
291,31,2,647
291,7,3,332
292,11,3,1047
292,14,2,1157
293,6,2,1306
293,28,3,1057
293,29,2,1062
294,41,2,910
294,34,2,1107
295,19,3,718
295,28,3,1057
295,16,2,1416
296,11,2,1047
296,47,2,954
296,35,3,815
297,35,3,815
297,19,3,718
298,16,2,1416
298,20,1,753
299,42,2,934
299,21,2,736
300,14,2,1157
300,42,1,934
300,48,2,553
301,48,1,553
301,38,1,1061
302,42,2,934
302,36,2,847
302,40,3,1066
303,49,2,1172
303,41,1,910
303,22,3,892
304,10,1,913
304,5,3,1051
304,10,2,913
305,39,3,1068
306,43,3,1149
306,22,3,892
307,13,3,954
307,19,1,718
307,11,1,1047
308,38,2,1061
308,40,2,1066
308,29,2,1062
309,48,2,553
310,12,3,1432
311,31,2,647
311,7,1,332
311,27,3,1283
312,40,1,1066
313,35,2,815
313,33,3,943
314,32,1,611
314,7,1,332
315,19,2,718
315,25,2,737
316,34,2,1107
317,28,3,1057
317,12,3,1432
317,35,3,815
318,24,3,946
318,3,2,748
319,21,3,736
320,20,1,753
320,36,1,847
321,15,2,439
321,21,2,736
321,13,1,954
322,35,2,815
322,46,2,625
323,48,2,553
324,32,3,611
325,24,3,946
325,36,1,847
325,16,3,1416
326,38,2,1061
326,26,3,1135
327,16,2,1416
327,35,2,815
327,26,1,1135
328,17,2,902
329,42,1,934
329,28,3,1057
330,43,3,1149
331,43,3,1149
331,22,3,892
332,16,3,1416
332,47,3,954
332,20,3,753
333,14,1,1157
333,33,3,943
333,20,2,753
334,20,2,753
334,44,1,1303
335,25,1,737
335,40,3,1066
336,7,3,332
336,13,2,954
337,33,3,943
337,14,1,1157
337,49,3,1172
338,44,3,1303
338,8,3,588
339,4,1,516
339,49,3,1172
339,16,1,1416
340,32,2,611
340,36,2,847
341,48,1,553
341,25,3,737
341,18,3,649
342,16,1,1416
342,20,2,753
343,22,1,892
343,27,2,1283
344,12,3,1432
345,24,2,946
346,49,1,1172
347,37,1,1229
348,30,1,549
348,10,3,913
349,12,2,1432
349,35,1,815
350,37,3,1229
351,38,2,1061
351,40,1,1066
351,29,2,1062
352,1,3,1038
353,31,1,647
353,19,2,718
353,48,3,553
354,47,3,954
354,16,1,1416
354,23,1,784
355,23,2,784
355,11,2,1047
356,39,1,1068
356,4,2,516
356,13,3,954
357,11,3,1047
358,2,1,576
358,30,3,549
359,38,3,1061
359,45,2,561
359,45,3,561
360,16,1,1416
361,27,2,1283
362,29,1,1062
363,7,1,332
363,15,1,439
364,27,1,1283
365,11,3,1047
365,31,1,647
366,11,3,1047
366,48,2,553
366,6,3,1306
367,26,3,1135
367,11,2,1047
367,7,1,332
368,12,3,1432
368,45,1,561
368,20,3,753
369,34,1,1107
369,1,1,1038
370,26,2,1135
371,44,1,1303
372,31,3,647
373,43,1,1149
373,24,1,946
373,21,3,736
374,5,3,1051
375,1,3,1038
376,48,1,553
376,38,1,1061
376,36,2,847
377,16,1,1416
378,46,1,625
379,20,2,753
379,6,3,1306
379,43,1,1149
380,45,3,561
381,40,3,1066
382,46,3,625
382,13,2,954
382,35,1,815
383,8,1,588
384,14,2,1157
384,3,2,748
385,33,3,943
385,12,1,1432
385,21,2,736
386,40,3,1066
386,32,2,611
387,12,3,1432
387,35,2,815
388,44,3,1303
388,32,3,611
388,32,2,611
389,16,1,1416
390,13,3,954
391,22,2,892
391,47,1,954
391,20,2,753
392,26,3,1135
393,29,1,1062
393,40,3,1066
394,47,1,954
394,19,3,718
394,49,3,1172
395,31,2,647
395,17,3,902
396,30,1,549
396,1,3,1038
397,9,2,1025
397,25,2,737
397,5,1,1051
398,49,3,1172
399,24,3,946
399,41,2,910
399,21,3,736
400,3,3,748
400,39,1,1068
400,44,3,1303
401,9,1,1025
401,2,3,576
401,49,3,1172
402,1,2,1038
403,23,3,784
403,24,3,946
404,40,2,1066
404,18,3,649
404,35,1,815
405,9,2,1025
405,25,3,737
406,11,1,1047
406,24,1,946
407,4,2,516
407,24,2,946
408,13,3,954
408,35,3,815
409,16,3,1416
409,22,2,892
409,29,3,1062
410,24,1,946
410,21,3,736
411,34,2,1107
411,21,1,736
412,45,1,561
412,16,2,1416
413,18,3,649
413,32,3,611
414,5,1,1051
414,18,2,649
414,45,3,561
415,29,1,1062
415,35,1,815
416,19,2,718
417,27,3,1283
417,17,3,902
418,44,1,1303
418,31,3,647
418,11,3,1047
419,18,3,649
420,3,1,748
421,50,1,998
421,31,2,647
422,50,2,998
422,13,1,954
422,6,2,1306
423,13,2,954
424,49,3,1172
425,45,3,561
425,33,1,943
425,29,2,1062
426,33,3,943
426,9,2,1025
427,37,2,1229
427,7,3,332
428,8,1,588
429,15,3,439
430,13,1,954
430,15,1,439
430,41,1,910
431,11,3,1047
432,34,3,1107
432,48,2,553
433,13,1,954
433,14,3,1157
434,23,2,784
434,47,2,954
435,42,2,934
436,44,2,1303
436,26,3,1135
437,26,3,1135
437,7,2,332
437,45,2,561
438,27,2,1283
438,27,3,1283
439,37,2,1229
439,46,3,625
440,44,3,1303
440,3,2,748
441,30,1,549
441,1,1,1038
441,19,3,718
442,31,2,647
442,36,3,847
443,3,2,748
444,43,1,1149
444,29,1,1062
444,44,1,1303
445,11,2,1047
446,34,3,1107
446,32,2,611
446,34,1,1107
447,16,2,1416
447,4,2,516
447,2,2,576
448,28,3,1057
448,33,3,943
448,30,2,549
449,32,2,611
449,4,2,516
449,1,1,1038
450,11,2,1047
450,11,2,1047
450,33,2,943
451,38,3,1061
451,41,2,910
451,27,2,1283
452,28,1,1057
452,48,1,553
453,2,1,576
453,45,1,561
454,30,1,549
454,41,2,910
455,15,3,439
455,29,1,1062
455,45,2,561
456,32,1,611
456,43,3,1149
457,35,3,815
457,41,1,910
457,6,2,1306
458,30,2,549
459,29,1,1062
460,22,2,892
461,47,1,954
461,7,2,332
461,4,3,516
462,12,3,1432
462,7,1,332
463,20,1,753
463,25,3,737
463,45,3,561
464,34,1,1107
464,6,2,1306
465,2,3,576
465,19,3,718
465,27,2,1283
466,43,1,1149
467,37,1,1229
468,39,1,1068
468,26,1,1135
468,39,2,1068
469,18,2,649
470,42,3,934
470,3,1,748
471,4,3,516
472,10,3,913
472,34,1,1107
472,44,3,1303
473,47,2,954
473,13,2,954
473,7,3,332
474,23,1,784
474,6,3,1306
475,4,1,516
475,2,1,576
475,28,3,1057
476,9,1,1025
477,34,3,1107
477,43,3,1149
478,50,1,998
479,30,2,549
479,22,2,892
479,35,2,815
480,31,3,647
480,40,1,1066
481,47,1,954
481,9,1,1025
482,24,2,946
483,3,1,748
484,26,3,1135
484,19,2,718
485,39,1,1068
485,42,2,934
486,49,2,1172
487,19,2,718
487,30,1,549
488,42,3,934
489,26,3,1135
490,19,1,718
490,29,3,1062
491,31,3,647
492,12,3,1432
492,7,2,332
492,3,1,748
493,46,2,625
493,35,1,815
493,3,1,748
494,14,3,1157
494,49,3,1172
494,40,2,1066
495,33,1,943
495,15,1,439
495,32,1,611
496,17,2,902
496,13,3,954
497,41,3,910
497,18,1,649
497,35,2,815
498,22,2,892
498,30,3,549
499,30,2,549
500,20,1,753
500,40,1,1066
500,35,3,815
501,1,3,1038
501,10,1,913
502,32,1,611
502,44,1,1303
503,49,2,1172
503,16,3,1416
503,7,1,332
504,27,1,1283
505,38,2,1061
505,32,3,611
506,25,3,737
506,23,1,784
507,30,2,549
508,36,2,847
509,24,1,946
509,11,3,1047
509,9,3,1025
510,4,1,516
510,20,2,753
510,49,1,1172
511,7,3,332
512,5,2,1051
513,8,2,588
514,14,3,1157
514,17,2,902
515,7,2,332
516,21,2,736
516,37,3,1229
517,37,2,1229
518,8,2,588
518,41,2,910
518,48,2,553
519,34,2,1107
519,4,1,516
520,2,3,576
521,25,1,737
522,18,2,649
522,26,2,1135
523,22,2,892
523,17,3,902
523,18,1,649
524,18,1,649
524,21,2,736
524,18,2,649
525,25,1,737
525,41,2,910
526,19,1,718
526,10,1,913
527,10,2,913
527,10,2,913
528,1,2,1038
528,29,1,1062
529,7,2,332
530,18,1,649
530,7,1,332
530,20,3,753
531,34,2,1107
531,19,3,718
531,23,2,784
532,7,3,332
532,10,2,913
532,36,1,847
533,8,2,588
533,44,1,1303
533,33,3,943
534,35,2,815
534,2,2,576
534,6,1,1306
535,32,1,611
535,49,2,1172
536,47,3,954
537,6,1,1306
537,45,1,561
538,26,3,1135
538,45,3,561
539,41,1,910
540,6,3,1306
540,30,1,549
540,28,2,1057
541,50,1,998
541,48,2,553
541,36,3,847
542,20,2,753
542,13,3,954
542,3,1,748
543,21,1,736
543,20,3,753
544,9,2,1025
545,22,3,892
545,43,3,1149
546,18,1,649
547,49,2,1172
548,47,1,954
548,37,2,1229
549,4,1,516
549,28,2,1057
550,47,3,954
551,25,1,737
552,1,3,1038
553,31,3,647
554,2,3,576
555,38,2,1061
556,11,3,1047
556,24,3,946
557,30,1,549
557,1,1,1038
558,48,1,553
559,6,2,1306
559,35,2,815
559,49,2,1172
560,37,1,1229
560,46,3,625
560,20,3,753
561,49,2,1172
561,47,2,954
562,6,1,1306
562,16,3,1416
562,32,3,611
563,43,1,1149
563,33,2,943
564,8,2,588
565,24,1,946
566,7,3,332
566,23,3,784
567,49,2,1172
567,27,1,1283
567,1,1,1038
568,26,1,1135
569,22,1,892
570,34,3,1107
570,35,3,815
570,35,2,815
571,13,2,954
572,28,2,1057
572,47,3,954
572,8,1,588
573,31,3,647
574,31,3,647
574,24,3,946
574,24,2,946
575,4,2,516
575,29,1,1062
575,12,2,1432
576,10,1,913
576,7,2,332
576,31,3,647
577,39,1,1068
577,34,3,1107
578,45,2,561
579,9,1,1025
579,20,2,753
580,12,1,1432
580,41,2,910
581,22,2,892
582,33,2,943
582,44,2,1303
582,1,1,1038
583,36,3,847
584,39,3,1068
585,43,2,1149
585,10,3,913
586,47,3,954
586,26,1,1135
586,21,1,736
587,34,2,1107
588,35,1,815
588,28,3,1057
588,18,1,649
589,4,2,516
589,24,2,946
589,40,1,1066
590,42,2,934
591,7,3,332
591,40,1,1066
592,1,3,1038
593,9,2,1025
593,15,1,439
593,2,2,576
594,28,1,1057
595,33,2,943
595,15,2,439
596,32,3,611
597,16,2,1416
597,2,1,576
598,49,2,1172
598,26,3,1135
598,4,2,516
599,9,3,1025
600,8,3,588
601,4,1,516
601,39,1,1068
602,41,3,910
602,23,1,784
602,27,2,1283
603,12,2,1432
603,24,2,946
603,37,1,1229
604,25,3,737
604,10,2,913
604,30,2,549
605,27,1,1283
605,27,1,1283
605,39,2,1068
606,42,2,934
606,12,2,1432
606,45,2,561
607,38,1,1061
607,42,3,934
608,37,1,1229
608,5,3,1051
609,38,3,1061
609,22,1,892
609,49,2,1172
610,33,1,943
611,30,1,549
611,6,3,1306
612,6,2,1306
612,23,1,784
613,41,1,910
613,5,3,1051
614,44,1,1303
615,13,2,954
616,2,1,576
616,26,1,1135
617,32,3,611
617,42,2,934
618,39,1,1068
618,36,1,847
619,14,1,1157
620,24,2,946
621,47,1,954
621,26,3,1135
621,22,1,892
622,46,3,625
622,30,1,549
622,19,3,718
623,49,3,1172
623,43,2,1149
623,41,1,910
624,33,1,943
624,44,2,1303
625,28,2,1057
625,50,1,998
626,14,1,1157
627,38,1,1061
628,39,1,1068
628,44,2,1303
629,11,2,1047
629,29,3,1062
629,49,3,1172
630,42,2,934
631,37,1,1229
631,14,3,1157
631,33,3,943
632,5,2,1051
632,25,3,737
633,31,3,647
633,33,3,943
634,34,2,1107
635,27,3,1283
635,43,1,1149
635,16,2,1416
636,33,3,943
636,8,2,588
636,46,2,625
637,39,2,1068
637,27,3,1283
638,44,1,1303
638,19,1,718
638,21,2,736
639,38,3,1061
639,34,3,1107
639,17,1,902
640,5,1,1051
640,43,2,1149
641,13,1,954
641,41,3,910
641,30,3,549
642,21,3,736
642,23,2,784
643,47,2,954
643,35,2,815
643,47,2,954
644,50,2,998
644,33,2,943
645,4,3,516
645,16,3,1416
646,9,2,1025
646,50,2,998
646,35,1,815
647,46,1,625
647,41,2,910
648,3,1,748
649,8,1,588
649,32,1,611
649,5,3,1051
650,30,2,549
650,34,1,1107
651,7,1,332
652,21,3,736
652,41,2,910
652,7,1,332
653,25,3,737
653,46,2,625
654,50,3,998
654,28,1,1057
655,37,1,1229
655,20,3,753
656,21,3,736
656,12,3,1432
656,3,1,748
657,20,2,753
657,22,1,892
657,33,3,943
658,49,1,1172
658,22,2,892
659,50,3,998
660,3,1,748
660,9,2,1025
660,42,1,934
661,46,2,625
662,32,2,611
662,18,2,649
663,32,1,611
663,22,3,892
664,38,2,1061
665,19,1,718
666,29,1,1062
666,8,2,588
667,14,2,1157
668,45,3,561
669,30,2,549
670,24,1,946
671,17,3,902
671,47,3,954
672,17,1,902
672,16,2,1416
673,12,2,1432
673,4,2,516
673,40,2,1066
674,7,3,332
674,3,3,748
675,16,1,1416
675,16,1,1416
675,3,2,748
676,6,1,1306
676,44,1,1303
677,11,3,1047
677,27,2,1283
678,30,3,549
678,23,2,784
678,4,1,516
679,23,1,784
679,43,3,1149
680,48,3,553
680,2,3,576
681,47,3,954
681,43,3,1149
681,34,1,1107
682,32,1,611
682,14,2,1157
683,46,3,625
684,50,3,998
685,29,3,1062
685,13,3,954
686,50,3,998
687,3,2,748
688,14,1,1157
688,42,1,934
688,11,1,1047
689,29,2,1062
689,26,2,1135
690,14,3,1157
690,42,2,934
691,18,1,649
692,4,3,516
692,4,3,516
692,46,3,625
693,46,3,625
694,13,1,954
695,7,1,332
695,14,1,1157
696,33,1,943
697,1,1,1038
698,4,2,516
698,42,2,934
698,20,2,753
699,10,1,913
699,11,2,1047
700,36,2,847
700,44,3,1303
701,5,3,1051
701,25,3,737
701,8,3,588
702,23,1,784
702,34,3,1107
703,33,2,943
704,20,1,753
704,30,3,549
705,4,1,516
706,35,2,815
707,18,2,649
708,47,2,954
708,47,1,954
709,34,1,1107
709,7,1,332
710,20,2,753
710,19,2,718
710,13,1,954
711,4,1,516
711,44,1,1303
711,50,3,998
712,43,2,1149
713,24,3,946
714,49,1,1172
715,49,1,1172
715,14,2,1157
715,2,3,576
716,13,2,954
716,20,2,753
716,33,3,943
717,17,2,902
717,28,3,1057
717,9,2,1025
718,38,3,1061
718,49,1,1172
719,24,2,946
720,16,1,1416
720,17,2,902
721,24,1,946
721,47,2,954
721,12,1,1432
722,50,2,998
722,44,2,1303
723,21,1,736
724,21,1,736
725,21,1,736
725,31,3,647
725,29,3,1062
726,46,1,625
726,30,3,549
727,32,1,611
727,44,1,1303
728,12,2,1432
729,4,2,516
729,11,1,1047
729,6,3,1306
730,41,1,910
731,48,2,553
731,32,3,611
731,14,2,1157
732,29,1,1062
733,28,2,1057
733,22,3,892
733,34,1,1107
734,4,2,516
734,30,3,549
735,32,3,611
736,4,1,516
737,7,2,332
737,26,1,1135
738,25,2,737
738,14,1,1157
739,24,1,946
739,16,2,1416
739,27,3,1283
740,17,1,902
740,23,1,784
741,30,1,549
741,49,2,1172
741,33,1,943
742,43,1,1149
743,18,2,649
743,22,3,892
743,12,3,1432
744,42,3,934
745,7,3,332
745,49,2,1172
745,35,1,815
746,26,1,1135
747,22,2,892
747,32,1,611
748,31,1,647
748,22,2,892
749,22,1,892
749,24,2,946
749,4,3,516
750,18,3,649
750,4,1,516
751,33,2,943
752,24,2,946
752,3,2,748
752,29,3,1062
753,29,3,1062
753,50,2,998
754,48,2,553
754,44,2,1303
754,30,3,549
755,24,1,946
755,42,3,934
755,2,2,576
756,41,3,910
757,31,1,647
757,34,1,1107
757,5,1,1051
758,28,1,1057
759,10,3,913
759,39,2,1068
760,9,3,1025
760,2,2,576
761,36,3,847
762,37,3,1229
763,30,3,549
763,39,1,1068
763,42,3,934
764,16,2,1416
765,25,3,737
766,33,3,943
766,36,2,847
767,6,1,1306
768,28,2,1057
768,40,1,1066
768,42,3,934
769,18,3,649
769,30,1,549
769,42,2,934
770,23,1,784
771,40,3,1066
771,6,1,1306
771,29,1,1062
772,45,2,561
772,27,3,1283
772,6,3,1306
773,23,1,784
774,30,2,549
775,14,1,1157
776,48,2,553
776,38,3,1061
776,32,1,611
777,21,3,736
778,14,1,1157
778,30,2,549
778,11,3,1047
779,1,3,1038
779,18,2,649
780,45,1,561
781,41,1,910
782,9,3,1025
782,37,2,1229
783,7,2,332
783,7,3,332
783,25,1,737
784,17,2,902
784,44,1,1303
785,25,1,737
785,9,1,1025
786,38,3,1061
786,17,2,902
786,25,3,737
787,1,1,1038
787,39,3,1068
788,45,1,561
788,40,1,1066
788,49,3,1172
789,44,2,1303
789,10,3,913
789,12,2,1432
790,5,3,1051
790,20,2,753
790,26,2,1135
791,7,2,332
791,46,1,625
791,10,1,913
792,50,2,998
792,27,3,1283
793,6,3,1306
793,16,3,1416
793,22,3,892
794,7,2,332
795,9,2,1025
796,21,3,736
797,44,3,1303
798,21,3,736
798,3,2,748
798,3,3,748
799,32,2,611
799,49,2,1172
799,18,2,649
800,42,1,934
800,30,2,549
800,35,3,815
801,29,2,1062
801,35,1,815
802,10,2,913
803,14,1,1157
804,28,1,1057
805,14,3,1157
806,25,3,737
806,18,1,649
806,28,1,1057
807,48,2,553
807,3,2,748
807,17,2,902
808,19,3,718
808,2,1,576
808,32,2,611
809,9,1,1025
810,18,2,649
810,11,3,1047
810,28,3,1057
811,39,3,1068
812,45,3,561
812,41,1,910
812,12,3,1432
813,19,2,718
813,48,3,553
813,12,3,1432
814,28,3,1057
814,6,3,1306
814,6,2,1306
815,49,2,1172
815,23,3,784
816,35,2,815
816,36,2,847
816,11,3,1047
817,16,1,1416
817,29,3,1062
817,50,2,998
818,19,3,718
818,1,3,1038
818,11,1,1047
819,18,3,649
819,10,3,913
819,48,2,553
820,45,1,561
820,44,3,1303
820,6,2,1306
821,33,3,943
821,46,2,625
822,50,1,998
822,3,1,748
822,28,2,1057
823,30,3,549
824,48,3,553
824,49,3,1172
825,11,1,1047
826,13,1,954
827,9,2,1025
827,9,3,1025
827,14,1,1157
828,23,2,784
828,47,2,954
828,41,1,910
829,5,3,1051
829,3,3,748
829,41,2,910
830,30,3,549
830,35,3,815
831,23,2,784
832,10,3,913
832,25,2,737
833,48,2,553
833,16,2,1416
834,43,2,1149
835,18,2,649
836,43,2,1149
836,15,1,439
837,35,1,815
837,36,2,847
837,23,3,784
838,50,3,998
838,31,2,647
839,29,3,1062
839,47,1,954
839,9,3,1025
840,20,2,753
840,24,3,946
841,23,2,784
841,40,2,1066
842,49,2,1172
843,49,2,1172
843,34,2,1107
844,13,2,954
844,36,1,847
845,40,3,1066
846,25,3,737
846,41,1,910
846,38,2,1061
847,24,3,946
848,44,1,1303
848,47,2,954
849,28,1,1057
849,30,2,549
849,47,3,954
850,15,3,439
851,44,2,1303
851,50,3,998
852,49,3,1172
853,39,1,1068
853,38,3,1061
853,35,3,815
854,39,3,1068
854,29,1,1062
854,45,1,561
855,10,1,913
855,20,1,753
856,25,1,737
856,14,1,1157
856,45,3,561
857,15,2,439
858,16,3,1416
858,25,3,737
859,23,1,784
859,17,1,902
860,3,2,748
861,1,2,1038
861,13,2,954
861,17,3,902
862,40,1,1066
862,1,3,1038
863,11,1,1047
863,32,3,611
864,10,1,913
864,5,2,1051
865,10,3,913
865,47,2,954
865,48,1,553
866,40,2,1066
866,26,2,1135
867,34,3,1107
868,47,2,954
868,10,1,913
868,38,2,1061
869,8,3,588
869,21,3,736
870,25,1,737
870,48,1,553
871,7,3,332
871,36,2,847
871,50,1,998
872,38,1,1061
873,48,2,553
873,46,3,625
873,23,1,784
874,41,2,910
875,4,3,516
875,27,3,1283
876,3,3,748
877,5,2,1051
877,13,1,954
877,39,3,1068
878,21,1,736
878,39,2,1068
879,10,1,913
879,10,3,913
879,28,1,1057
880,4,1,516
881,18,2,649
881,25,2,737
881,44,3,1303
882,35,1,815
882,21,2,736
882,1,1,1038
883,28,2,1057
883,26,1,1135
883,34,1,1107
884,34,1,1107
884,37,1,1229
884,37,2,1229
885,48,2,553
885,36,1,847
885,4,3,516
886,22,1,892
887,35,3,815
887,41,2,910
887,48,2,553
888,47,3,954
888,50,3,998
889,26,1,1135
889,4,2,516
890,44,2,1303
891,11,2,1047
891,2,1,576
892,24,3,946
892,34,1,1107
893,3,3,748
893,49,1,1172
894,43,1,1149
894,47,2,954
895,8,2,588
895,30,3,549
895,21,3,736
896,21,3,736
896,34,3,1107
897,16,3,1416
897,13,2,954
898,27,2,1283
898,13,2,954
899,9,2,1025
900,33,3,943
900,13,3,954
901,28,1,1057
901,28,3,1057
901,36,3,847
902,8,2,588
902,3,3,748
902,2,3,576
903,11,1,1047
904,7,3,332
904,30,1,549
904,46,1,625
905,31,1,647
906,7,3,332
906,12,2,1432
907,14,3,1157
907,19,1,718
908,23,2,784
909,9,2,1025
909,32,1,611
910,32,2,611
911,15,2,439
911,47,1,954
912,23,1,784
912,5,2,1051
912,1,2,1038
913,20,2,753
913,19,3,718
914,30,2,549
914,31,2,647
915,41,1,910
915,44,1,1303
916,20,3,753
916,11,3,1047
916,12,1,1432
917,35,3,815
918,28,2,1057
918,36,1,847
919,35,2,815
920,11,1,1047
920,6,2,1306
920,16,3,1416
921,38,2,1061
921,45,3,561
922,48,2,553
923,36,1,847
923,12,2,1432
923,27,1,1283
924,16,1,1416
924,8,2,588
924,40,3,1066
925,24,2,946
926,26,3,1135
926,3,1,748
926,16,2,1416
927,31,1,647
928,12,3,1432
928,27,1,1283
928,35,2,815
929,29,2,1062
929,17,1,902
930,38,2,1061
930,4,2,516
930,11,1,1047
931,3,3,748
932,43,1,1149
933,17,1,902
933,44,2,1303
933,25,3,737
934,14,3,1157
934,15,1,439
934,9,3,1025
935,1,1,1038
935,21,1,736
936,33,3,943
936,4,3,516
936,7,2,332
937,4,1,516
938,46,2,625
939,38,3,1061
939,23,3,784
940,34,2,1107
940,21,3,736
940,21,2,736
941,8,2,588
941,31,2,647
941,6,3,1306
942,3,1,748
942,31,2,647
942,45,1,561
943,37,3,1229
943,34,2,1107
943,20,2,753
944,18,3,649
945,6,2,1306
946,3,3,748
946,20,2,753
946,30,1,549
947,9,3,1025
947,32,3,611
947,1,1,1038
948,36,2,847
949,9,2,1025
949,15,2,439
950,29,3,1062
950,41,1,910
951,2,3,576
951,24,3,946
952,17,3,902
952,30,2,549
953,20,3,753
953,30,1,549
954,6,3,1306
954,37,1,1229
955,25,1,737
955,27,2,1283
955,40,3,1066
956,24,1,946
957,10,3,913
957,12,3,1432
958,7,2,332
959,1,1,1038
960,45,3,561
960,37,1,1229
960,6,3,1306
961,40,1,1066
961,18,3,649
962,8,3,588
962,10,1,913
962,49,2,1172
963,14,1,1157
963,36,1,847
964,21,2,736
964,10,1,913
965,15,2,439
965,1,1,1038
965,41,2,910
966,37,3,1229
966,47,3,954
967,2,2,576
967,5,3,1051
967,18,3,649
968,36,3,847
968,18,1,649
969,21,2,736
970,13,1,954
970,18,3,649
970,50,2,998
971,12,1,1432
972,43,3,1149
972,42,2,934
973,17,2,902
973,5,2,1051
974,20,1,753
975,30,2,549
975,42,2,934
975,44,1,1303
976,26,1,1135
977,12,3,1432
978,16,1,1416
978,19,2,718
978,41,1,910
979,36,3,847
980,8,3,588
980,31,1,647
980,27,2,1283
981,45,1,561
981,43,2,1149
981,11,2,1047
982,29,2,1062
983,42,3,934
983,40,1,1066
983,22,1,892
984,49,3,1172
984,10,2,913
984,2,2,576
985,26,1,1135
985,50,2,998
985,23,2,784
986,50,2,998
987,36,1,847
988,27,1,1283
989,29,3,1062
990,3,2,748
990,50,3,998
990,35,2,815
991,20,3,753
992,34,3,1107
993,33,3,943
993,18,3,649
993,13,1,954
994,25,3,737
994,23,2,784
995,27,1,1283
995,22,1,892
996,3,2,748
996,12,2,1432
996,20,1,753
997,25,1,737
997,18,1,649
997,32,1,611
998,9,1,1025
998,27,2,1283
999,25,1,737
999,20,3,753
1000,7,3,332
1000,20,3,753
1001,23,3,784
1001,14,1,1157
1002,41,2,910
1002,36,3,847
1002,24,3,946
1003,7,2,332
1003,16,1,1416
1003,48,1,553
1004,45,2,561
1004,42,1,934
1005,20,2,753
1005,25,2,737
1005,12,3,1432
1006,31,2,647
1006,33,1,943
1006,34,1,1107
1007,14,3,1157
1008,44,2,1303
1008,30,1,549
1008,25,1,737
1009,39,2,1068
1010,1,3,1038
1010,20,3,753
1011,17,2,902
1012,4,1,516
1013,16,2,1416
1013,21,3,736
1013,34,2,1107
1014,5,1,1051
1014,4,3,516
1014,27,2,1283
1015,12,2,1432
1016,17,2,902
1017,7,2,332
1018,13,3,954
1018,18,2,649
1019,10,2,913
1019,45,3,561
1019,4,2,516
1020,27,1,1283
1021,18,2,649
1021,1,2,1038
1022,7,1,332
1022,32,1,611
1023,38,1,1061
1023,29,1,1062
1023,38,3,1061
1024,2,1,576
1024,40,3,1066
1025,49,1,1172
1026,43,2,1149
1027,41,1,910
1028,1,3,1038
1028,22,1,892
1028,29,2,1062
1029,35,2,815
1029,28,1,1057
1030,11,2,1047
1030,24,1,946
1030,9,2,1025
1031,41,2,910
1032,3,2,748
1032,25,3,737
1032,3,2,748
1033,48,1,553
1034,35,2,815
1035,15,3,439
1035,39,1,1068
1036,6,1,1306
1036,9,3,1025
1036,33,2,943
1037,19,3,718
1038,32,3,611
1038,35,2,815
1039,9,2,1025
1040,6,3,1306
1040,26,2,1135
1040,29,3,1062
1041,43,1,1149
1042,10,3,913
1042,36,3,847
1042,22,2,892
1043,28,2,1057
1043,38,3,1061
1044,50,1,998
1045,26,2,1135
1045,5,1,1051
1046,2,3,576
1046,12,3,1432
1047,21,2,736
1047,28,3,1057
1048,45,3,561
1048,32,1,611
1049,22,2,892
1049,40,3,1066
1050,40,3,1066
1050,11,1,1047
1050,11,1,1047
1051,44,1,1303
1051,13,1,954
1051,20,3,753
1052,37,3,1229
1053,42,2,934
1053,24,1,946
1053,5,3,1051
1054,5,2,1051
1054,32,1,611
1054,19,3,718
1055,15,3,439
1055,29,2,1062
1055,9,3,1025
1056,15,1,439
1056,25,1,737
1056,36,1,847
1057,9,2,1025
1057,38,3,1061
1057,30,2,549
1058,47,3,954
1058,28,1,1057
1058,14,3,1157
1059,50,1,998
1059,19,2,718
1059,28,3,1057
1060,32,2,611
1061,33,3,943
1061,21,1,736
1061,47,1,954
1062,11,2,1047
1062,38,1,1061
1063,46,1,625
1063,31,1,647
1063,26,2,1135
1064,37,1,1229
1065,23,1,784
1065,1,1,1038
1066,10,3,913
1066,32,3,611
1066,11,1,1047
1067,6,3,1306
1067,2,1,576
1067,40,3,1066
1068,2,3,576
1069,11,3,1047
1069,36,2,847
1069,47,2,954
1070,37,3,1229
1070,32,1,611
1070,23,1,784
1071,11,3,1047
1072,11,3,1047
1072,49,1,1172
1073,35,1,815
1073,41,1,910
1073,28,1,1057
1074,32,2,611
1074,39,3,1068
1074,13,1,954
1075,35,3,815
1075,20,1,753
1076,43,3,1149
1076,17,2,902
1077,32,2,611
1078,38,3,1061
1079,17,2,902
1079,7,2,332
1079,41,2,910
1080,18,2,649
1080,4,1,516
1081,48,2,553
1082,20,2,753
1082,17,3,902
1082,45,2,561
1083,29,1,1062
1084,10,1,913
1084,33,3,943
1085,37,3,1229
1085,38,2,1061
1086,41,3,910
1086,18,2,649
1087,46,3,625
1087,48,1,553
1087,3,2,748
1088,37,3,1229
1088,37,2,1229
1089,24,1,946
1089,16,1,1416
1090,44,2,1303
1090,34,1,1107
1090,20,3,753
1091,40,3,1066
1091,12,1,1432
1092,39,1,1068
1093,13,3,954
1093,9,3,1025
1093,5,2,1051
1094,11,3,1047
1095,27,1,1283
1096,6,2,1306
1096,30,3,549
1097,8,3,588
1097,21,1,736
1097,45,2,561
1098,34,3,1107
1098,25,3,737
1098,40,3,1066
1099,27,3,1283
1099,25,2,737
1099,16,3,1416
1100,39,2,1068
1100,39,2,1068
1100,45,2,561
1101,6,3,1306
1101,3,3,748
1101,16,1,1416
1102,19,1,718
1102,43,2,1149
1103,7,3,332
1103,35,2,815
1103,10,3,913
1104,28,1,1057
1104,18,3,649
1104,38,3,1061
1105,45,2,561
1105,6,3,1306
1105,19,3,718
1106,29,3,1062
1107,17,3,902
1108,47,1,954
1108,37,3,1229
1109,42,2,934
1109,13,2,954
1110,43,2,1149
1110,37,1,1229
1110,42,2,934
1111,31,3,647
1111,28,3,1057
1112,20,3,753
1112,21,2,736
1112,34,3,1107
1113,40,2,1066
1114,6,1,1306
1115,43,2,1149
1115,8,2,588
1115,49,1,1172
1116,39,2,1068
1116,38,1,1061
1116,27,1,1283
1117,6,2,1306
1117,15,3,439
1118,27,3,1283
1119,22,3,892
1120,23,2,784
1121,12,2,1432
1121,19,3,718
1121,17,2,902
1122,27,3,1283
1122,22,2,892
1123,10,3,913
1123,16,2,1416
1124,22,1,892
1124,30,2,549
1124,13,3,954
1125,30,2,549
1125,42,1,934
1125,32,3,611
1126,35,3,815
1126,38,3,1061
1127,50,2,998
1127,40,1,1066
1127,28,2,1057
1128,32,1,611
1128,4,2,516
1129,39,2,1068
1129,2,2,576
1130,21,2,736
1130,11,2,1047
1130,1,2,1038
1131,40,3,1066
1131,5,2,1051
1131,3,1,748
1132,7,2,332
1132,12,2,1432
1133,40,2,1066
1133,17,3,902
1133,7,2,332
1134,42,1,934
1134,42,2,934
1135,5,1,1051
1135,48,3,553
1135,27,1,1283
1136,14,1,1157
1137,26,3,1135
1137,47,3,954
1138,10,2,913
1139,20,1,753
1140,6,1,1306
1141,1,3,1038
1141,37,1,1229
1141,8,1,588
1142,50,2,998
1142,9,1,1025
1143,4,2,516
1143,40,2,1066
1144,8,3,588
1144,43,1,1149
1144,12,3,1432
1145,24,1,946
1146,1,2,1038
1146,47,2,954
1146,7,3,332
1147,27,2,1283
1148,45,2,561
1149,3,1,748
1150,25,1,737
1150,35,1,815
1150,3,1,748
1151,7,1,332
1152,17,1,902
1152,22,3,892
1153,33,3,943
1153,12,1,1432
1153,35,3,815
1154,18,3,649
1154,47,3,954
1155,31,3,647
1156,42,2,934
1156,3,1,748
1156,35,3,815
1157,24,3,946
1158,24,1,946
1158,3,3,748
1158,16,3,1416
1159,3,2,748
1159,33,1,943
1159,10,1,913
1160,33,2,943
1161,28,2,1057
1161,24,1,946
1161,17,3,902
1162,12,2,1432
1162,20,2,753
1163,19,3,718
1164,13,1,954
1164,12,1,1432
1165,37,1,1229
1165,1,1,1038
1165,29,2,1062
1166,17,3,902
1166,43,1,1149
1167,41,3,910
1168,16,3,1416
1168,10,1,913
1168,30,3,549
1169,23,1,784
1170,11,2,1047
1171,21,2,736
1171,45,3,561
1171,34,2,1107
1172,19,3,718
1172,50,2,998
1172,48,3,553
1173,19,2,718
1173,49,1,1172
1174,20,1,753
1175,32,2,611
1175,27,1,1283
1176,34,3,1107
1177,17,1,902
1177,4,3,516
1178,23,2,784
1178,10,3,913
1179,47,3,954
1179,33,3,943
1179,15,2,439
1180,20,2,753
1180,8,2,588
1180,49,2,1172
1181,11,3,1047
1181,3,1,748
1181,3,2,748
1182,38,1,1061
1182,49,3,1172
1183,13,2,954
1183,25,2,737
1183,2,1,576
1184,17,2,902
1184,32,3,611
1185,7,1,332
1186,29,3,1062
1186,27,2,1283
1186,32,1,611
1187,31,1,647
1187,7,1,332
1187,26,3,1135
1188,48,1,553
1189,5,1,1051
1189,28,1,1057
1190,10,3,913
1190,18,3,649
1191,45,2,561
1191,14,2,1157
1192,14,1,1157
1193,18,1,649
1194,34,1,1107
1195,18,1,649
1196,29,2,1062
1197,8,1,588
1197,46,1,625
1198,16,1,1416
1199,50,1,998
1199,17,2,902
1200,2,1,576
1201,13,2,954
1201,28,2,1057
1201,46,3,625
1202,4,1,516
1202,40,3,1066
1203,34,1,1107
1203,46,3,625
1203,3,3,748
1204,7,1,332
1205,13,1,954
1206,20,1,753
1206,17,1,902
1206,42,3,934
1207,14,2,1157
1207,24,2,946
1208,38,2,1061
1208,19,2,718
1208,50,3,998
1209,1,2,1038
1210,33,2,943
1210,4,3,516
1210,33,1,943
1211,36,3,847
1212,4,2,516
1213,6,1,1306
1213,23,1,784
1214,47,3,954
1214,8,3,588
1214,32,1,611
1215,14,2,1157
1215,5,2,1051
1216,10,1,913
1216,18,3,649
1216,31,1,647
1217,6,3,1306
1218,47,1,954
1219,28,2,1057
1220,29,3,1062
1220,3,1,748
1220,12,2,1432
1221,27,1,1283
1222,26,2,1135
1222,29,2,1062
1223,9,3,1025
1223,35,2,815
1224,18,3,649
1225,36,1,847
1226,22,2,892
1226,11,3,1047
1226,5,2,1051
1227,31,1,647
1227,25,3,737
1227,17,2,902
1228,13,3,954
1228,38,3,1061
1229,33,3,943
1229,37,3,1229
1229,24,3,946
1230,40,1,1066
1230,30,1,549
1230,43,2,1149
1231,20,2,753
1231,30,1,549
1232,10,1,913
1232,42,1,934
1232,42,1,934
1233,9,3,1025
1234,8,2,588
1235,13,3,954
1235,41,3,910
1235,26,1,1135
1236,42,2,934
1236,49,3,1172
1237,43,1,1149
1238,12,1,1432
1238,37,1,1229
1239,46,1,625
1239,49,1,1172
1239,2,1,576
1240,45,1,561
1240,21,2,736
1240,35,3,815
1241,34,3,1107
1241,21,1,736
1242,9,2,1025
1242,39,3,1068
1242,27,3,1283
1243,26,2,1135
1243,8,3,588
1244,20,1,753
1245,9,2,1025
1246,7,3,332
1246,23,2,784
1246,16,2,1416
1247,49,1,1172
1248,26,3,1135
1248,37,1,1229
1248,13,2,954
1249,45,3,561
1249,10,3,913
1250,15,2,439
1250,26,2,1135
1250,38,3,1061
1251,8,3,588
1252,20,2,753
1253,9,2,1025
1254,20,2,753
1254,41,2,910
1255,29,2,1062
1256,9,2,1025
1256,13,1,954
1256,50,3,998
1257,3,2,748
1257,19,1,718
1258,34,1,1107
1258,42,2,934
1259,22,1,892
1260,48,2,553
1260,44,1,1303
1261,5,1,1051
1261,35,1,815
1261,18,2,649
1262,27,2,1283
1263,43,3,1149
1263,37,3,1229
1263,9,3,1025
1264,20,3,753
1264,18,1,649
1264,23,2,784
1265,1,1,1038
1265,1,2,1038
1265,41,2,910
1266,12,1,1432
1267,44,1,1303
1267,41,3,910
1268,19,3,718
1268,25,2,737
1268,31,1,647
1269,33,3,943
1269,32,2,611
1269,1,2,1038
1270,34,2,1107
1270,40,1,1066
1271,16,3,1416
1271,23,1,784
1271,22,2,892
1272,46,3,625
1273,50,3,998
1273,30,3,549
1273,12,3,1432
1274,20,3,753
1274,17,2,902
1274,28,1,1057
1275,10,2,913
1275,46,1,625
1275,38,3,1061
1276,2,1,576
1276,7,1,332
1277,34,2,1107
1277,24,3,946
1278,6,2,1306
1278,12,3,1432
1278,2,2,576
1279,10,3,913
1279,46,1,625
1280,11,2,1047
1280,50,2,998
1281,13,1,954
1281,20,2,753
1282,9,3,1025
1282,37,3,1229
1282,26,3,1135
1283,26,1,1135
1283,5,1,1051
1284,6,3,1306
1284,30,1,549
1285,42,3,934
1285,41,2,910
1285,25,2,737
1286,23,3,784
1286,19,2,718
1287,48,2,553
1288,24,1,946
1288,31,2,647
1289,16,2,1416
1289,20,1,753
1289,3,2,748
1290,45,3,561
1290,35,1,815
1291,12,2,1432
1292,25,3,737
1292,21,2,736
1293,41,2,910
1294,45,2,561
1295,35,1,815
1296,23,2,784
1297,40,2,1066
1297,23,3,784
1298,6,3,1306
1298,14,2,1157
1298,8,1,588
1299,13,1,954
1299,36,2,847
1300,40,2,1066
1300,48,2,553
1300,12,3,1432
1301,14,2,1157
1302,30,1,549
1302,47,3,954
1303,9,2,1025
1303,37,1,1229
1304,35,1,815
1304,19,1,718
1304,35,3,815
1305,25,1,737
1306,16,3,1416
1306,4,3,516
1306,26,3,1135
1307,25,2,737
1307,20,3,753
1308,13,3,954
1308,7,1,332
1309,2,2,576
1310,14,3,1157
1310,10,1,913
1311,19,1,718
1312,17,2,902
1313,14,3,1157
1313,8,1,588
1314,47,1,954
1315,48,1,553
1315,31,3,647
1316,9,3,1025
1316,46,3,625
1316,49,2,1172
1317,28,3,1057
1317,16,1,1416
1317,27,1,1283
1318,41,2,910
1318,25,2,737
1318,19,1,718
1319,31,3,647
1320,30,3,549
1321,11,3,1047
1322,1,2,1038
1322,50,1,998
1323,9,2,1025
1323,35,1,815
1324,43,1,1149
1325,29,3,1062
1326,47,1,954
1327,49,2,1172
1327,23,3,784
1327,38,1,1061
1328,48,1,553
1328,49,1,1172
1328,28,2,1057
1329,31,3,647
1330,7,3,332
1331,24,3,946
1331,33,2,943
1331,20,1,753
1332,44,1,1303
1332,8,2,588
1332,8,1,588
1333,27,1,1283
1333,1,3,1038
1334,25,2,737
1334,39,3,1068
1335,22,3,892
1335,47,1,954
1336,39,3,1068
1336,24,3,946
1336,9,2,1025
1337,34,3,1107
1338,24,3,946
1338,2,1,576
1338,38,3,1061
1339,26,2,1135
1339,10,3,913
1340,13,2,954
1341,48,3,553
1341,24,3,946
1342,17,3,902
1343,45,2,561
1343,2,2,576
1344,47,3,954
1344,5,1,1051
1345,25,3,737
1346,27,3,1283
1346,34,2,1107
1347,10,2,913
1347,24,2,946
1347,8,2,588
1348,29,2,1062
1348,18,3,649
1349,4,3,516
1350,40,2,1066
1351,24,1,946
1352,16,3,1416
1352,1,1,1038
1352,45,2,561
1353,35,1,815
1353,26,3,1135
1354,29,2,1062
1355,31,2,647
1356,50,2,998
1356,4,3,516
1357,40,2,1066
1357,5,2,1051
1357,45,2,561
1358,30,2,549
1359,3,3,748
1359,9,2,1025
1359,28,1,1057
1360,12,2,1432
1360,18,3,649
1360,16,1,1416
1361,24,2,946
1362,13,3,954
1363,9,3,1025
1363,1,2,1038
1364,6,3,1306
1364,17,2,902
1364,49,1,1172
1365,45,1,561
1366,24,1,946
1367,5,2,1051
1368,50,3,998
1368,50,3,998
1368,36,1,847
1369,15,3,439
1369,43,1,1149
1370,37,1,1229
1370,45,3,561
1370,5,1,1051
1371,7,2,332
1371,5,3,1051
1372,3,1,748
1372,39,3,1068
1373,40,3,1066
1373,39,3,1068
1374,3,2,748
1374,7,2,332
1374,17,2,902
1375,34,2,1107
1375,28,1,1057
1376,48,3,553
1376,47,2,954
1377,40,1,1066
1377,50,3,998
1377,17,3,902
1378,31,3,647
1378,30,1,549
1378,47,2,954
1379,38,2,1061
1379,16,2,1416
1380,5,2,1051
1381,33,1,943
1381,47,1,954
1381,18,3,649
1382,10,1,913
1382,33,3,943
1382,38,3,1061
1383,42,3,934
1383,19,3,718
1384,18,1,649
1384,38,1,1061
1384,2,3,576
1385,36,1,847
1386,29,2,1062
1387,18,3,649
1388,7,3,332
1388,11,1,1047
1389,34,2,1107
1389,31,3,647
1389,11,2,1047
1390,49,2,1172
1390,48,3,553
1390,17,3,902
1391,13,3,954
1392,40,3,1066
1392,15,2,439
1393,42,2,934
1394,19,2,718
1394,9,2,1025
1395,12,1,1432
1396,22,2,892
1396,47,2,954
1397,31,2,647
1398,6,3,1306
1398,46,1,625
1398,50,2,998
1399,35,2,815
1400,26,1,1135
1401,39,3,1068
1401,15,1,439
1402,31,1,647
1403,23,1,784
1403,20,3,753
1404,48,1,553
1405,49,2,1172
1405,49,2,1172
1405,40,2,1066
1406,33,3,943
1406,37,1,1229
1406,37,2,1229
1407,27,3,1283
1407,22,3,892
1408,48,2,553
1409,20,3,753
1410,30,1,549
1411,50,1,998
1412,38,1,1061
1412,30,2,549
1413,49,1,1172
1414,34,2,1107
1414,25,1,737
1415,26,2,1135
1415,17,2,902
1416,18,1,649
1416,32,2,611
1417,31,2,647
1418,19,2,718
1419,37,3,1229
1419,31,2,647
1420,12,1,1432
1421,17,2,902
1422,30,1,549
1423,49,3,1172
1423,30,3,549
1424,46,3,625
1425,50,3,998
1425,50,2,998
1426,29,1,1062
1426,1,2,1038
1427,35,3,815
1427,39,1,1068
1427,5,1,1051
1428,23,2,784
1428,19,2,718
1428,16,3,1416
1429,33,1,943
1429,4,1,516
1429,2,3,576
1430,48,3,553
1430,33,2,943
1431,4,3,516
1432,9,3,1025
1432,25,1,737
1433,8,2,588
1434,36,3,847
1434,40,1,1066
1435,17,2,902
1435,50,1,998
1436,27,2,1283
1437,46,1,625
1438,16,3,1416
1439,13,3,954
1439,41,1,910
1440,1,2,1038
1441,25,3,737
1442,25,1,737
1442,20,2,753
1442,18,3,649
1443,29,1,1062
1443,14,2,1157
1443,36,2,847
1444,45,2,561
1445,36,2,847
1445,18,3,649
1445,8,1,588
1446,18,2,649
1446,36,1,847
1447,49,3,1172
1447,43,3,1149
1448,47,1,954
1448,46,3,625
1449,34,3,1107
1449,19,2,718
1449,7,3,332
1450,25,1,737
1450,50,1,998
1450,49,3,1172
1451,7,2,332
1451,41,3,910
1451,14,1,1157
1452,2,1,576
1453,47,3,954
1453,31,3,647
1454,17,1,902
1454,15,1,439
1455,9,2,1025
1455,39,3,1068
1455,5,1,1051
1456,41,3,910
1456,32,3,611
1456,46,3,625
1457,34,2,1107
1457,4,1,516
1458,23,3,784
1458,37,3,1229
1458,18,1,649
1459,11,1,1047
1460,17,3,902
1460,14,3,1157
1461,34,2,1107
1461,20,1,753
1462,35,2,815
1462,20,1,753
1462,50,2,998
1463,37,3,1229
1463,4,2,516
1464,29,2,1062
1464,43,3,1149
1465,49,3,1172
1466,25,1,737
1467,24,1,946
1467,31,1,647
1467,31,3,647
1468,38,2,1061
1469,49,3,1172
1469,5,1,1051
1469,12,1,1432
1470,17,1,902
1470,20,1,753
1470,35,3,815
1471,43,3,1149
1471,3,2,748
1472,42,1,934
1473,46,1,625
1473,21,1,736
1473,25,1,737
1474,26,3,1135
1474,4,1,516
1475,23,3,784
1475,35,3,815
1475,43,1,1149
1476,6,3,1306
1477,41,2,910
1478,50,1,998
1479,22,2,892
1479,33,2,943
1480,33,1,943
1480,13,1,954
1481,33,2,943
1481,25,1,737
1481,50,2,998
1482,12,2,1432
1482,50,2,998
1482,49,2,1172
1483,32,1,611
1484,15,3,439
1484,15,3,439
1485,34,3,1107
1486,39,3,1068
1486,5,2,1051
1487,14,2,1157
1488,27,1,1283
1489,21,3,736
1489,3,3,748
1490,5,3,1051
1490,15,1,439
1491,13,3,954
1491,31,3,647
1491,46,3,625
1492,6,3,1306
1493,19,3,718
1494,25,2,737
1495,25,2,737
1495,12,2,1432
1496,10,1,913
1496,8,2,588
1496,21,1,736
1497,21,1,736
1497,47,1,954
1498,42,2,934
1498,9,2,1025
1498,7,3,332
1499,47,2,954
1500,36,2,847
1501,27,2,1283
1501,20,3,753
1502,48,3,553
1503,11,2,1047
1503,44,1,1303
1503,21,2,736
1504,28,3,1057
1504,18,3,649
1505,8,2,588
1506,50,2,998
1507,13,3,954
1507,27,1,1283
1508,33,1,943
1509,40,1,1066
1509,37,1,1229
1509,29,3,1062
1510,33,3,943
1510,25,2,737
1511,40,2,1066
1511,2,3,576
1511,45,1,561
1512,17,1,902
1512,32,1,611
1512,31,1,647
1513,23,3,784
1513,29,3,1062
1513,35,2,815
1514,44,1,1303
1514,44,1,1303
1515,35,3,815
1515,26,1,1135
1515,26,3,1135
1516,20,1,753
1516,11,1,1047
1517,43,2,1149
1517,37,1,1229
1518,30,3,549
1518,44,3,1303
1519,26,3,1135
1519,39,2,1068
1520,31,3,647
1521,5,2,1051
1521,13,3,954
1521,50,1,998
1522,47,1,954
1522,12,1,1432
1523,32,1,611
1524,25,1,737
1525,44,1,1303
1525,15,3,439
1526,34,3,1107
1526,31,2,647
1526,18,2,649
1527,42,1,934
1527,3,1,748
1527,35,1,815
1528,27,1,1283
1529,18,2,649
1529,40,1,1066
1530,34,3,1107
1530,49,2,1172
1530,21,3,736
1531,4,3,516
1531,9,2,1025
1531,47,2,954
1532,32,2,611
1532,32,1,611
1532,39,2,1068
1533,37,1,1229
1533,42,2,934
1533,10,1,913
1534,35,2,815
1534,2,1,576
1535,18,2,649
1535,28,1,1057
1536,32,2,611
1536,50,3,998
1537,5,3,1051
1538,33,3,943
1538,39,1,1068
1539,28,3,1057
1539,24,1,946
1540,4,3,516
1540,8,1,588
1541,24,1,946
1542,2,1,576
1542,7,2,332
1542,41,1,910
1543,4,2,516
1544,1,3,1038
1545,29,2,1062
1546,34,1,1107
1547,31,2,647
1547,34,1,1107
1547,15,3,439
1548,36,3,847
1548,29,1,1062
1549,30,1,549
1550,32,2,611
1550,46,1,625
1551,9,3,1025
1551,38,1,1061
1551,45,1,561
1552,9,3,1025
1553,29,3,1062
1553,44,3,1303
1554,43,2,1149
1555,37,2,1229
1556,23,3,784
1557,4,3,516
1558,9,2,1025
1558,36,3,847
1559,12,1,1432
1560,43,1,1149
1560,41,1,910
1561,49,1,1172
1562,25,1,737
1563,39,1,1068
1564,41,2,910
1564,19,2,718
1564,41,3,910
1565,6,1,1306
1566,3,2,748
1566,18,1,649
1566,48,3,553
1567,18,2,649
1567,23,2,784
1567,6,1,1306
1568,46,3,625
1568,41,1,910
1568,12,1,1432
1569,10,3,913
1570,5,2,1051
1570,32,3,611
1570,32,2,611
1571,42,1,934
1571,42,1,934
1572,11,1,1047
1573,18,3,649
1574,24,2,946
1575,30,1,549
1576,6,2,1306
1576,18,2,649
1576,29,3,1062
1577,12,1,1432
1577,35,3,815
1578,19,2,718
1578,36,2,847
1579,32,2,611
1579,7,2,332
1579,23,3,784
1580,5,3,1051
1580,50,1,998
1580,22,3,892
1581,48,2,553
1581,25,1,737
1581,31,1,647
1582,44,2,1303
1582,40,3,1066
1583,27,1,1283
1583,42,2,934
1583,45,1,561
1584,20,3,753
1584,17,1,902
1584,41,1,910
1585,20,2,753
1585,2,3,576
1585,36,1,847
1586,16,2,1416
1586,23,3,784
1586,35,1,815
1587,47,1,954
1587,31,1,647
1587,26,3,1135
1588,10,1,913
1588,23,2,784
1589,42,1,934
1589,10,1,913
1590,35,2,815
1591,25,3,737
1591,36,3,847
1592,4,2,516
1592,40,1,1066
1593,7,3,332
1593,23,3,784
1594,11,1,1047
1595,40,1,1066
1595,26,3,1135
1596,33,2,943
1597,40,2,1066
1597,20,3,753
1597,9,3,1025
1598,44,2,1303
1598,37,3,1229
1598,9,2,1025
1599,42,2,934
1599,18,1,649
1600,29,1,1062
1600,45,3,561
1601,12,1,1432
1602,37,1,1229
1603,35,3,815
1604,50,1,998
1604,30,1,549
1605,38,2,1061
1605,23,3,784
1605,39,3,1068
1606,26,3,1135
1607,21,2,736
1607,37,3,1229
1608,11,3,1047
1608,41,1,910
1609,47,2,954
1609,22,2,892
1609,40,1,1066
1610,28,3,1057
1610,48,2,553
1611,36,2,847
1611,28,3,1057
1612,3,2,748
1613,33,1,943
1613,6,2,1306
1613,23,2,784
1614,31,2,647
1615,7,1,332
1616,12,1,1432
1616,23,1,784
1616,20,3,753
1617,24,2,946
1618,49,1,1172
1619,27,2,1283
1619,25,2,737
1619,2,1,576
1620,47,3,954
1621,10,1,913
1622,19,3,718
1622,21,1,736
1623,42,1,934
1623,22,2,892
1624,18,1,649
1624,4,3,516
1624,38,3,1061
1625,30,3,549
1625,6,3,1306
1625,46,2,625
1626,40,2,1066
1627,34,1,1107
1627,27,3,1283
1627,13,1,954
1628,31,2,647
1629,13,3,954
1629,21,3,736
1629,11,2,1047
1630,32,2,611
1631,47,2,954
1631,26,2,1135
1632,19,1,718
1632,25,1,737
1632,41,2,910
1633,22,1,892
1633,2,2,576
1634,25,3,737
1634,29,2,1062
1635,10,2,913
1636,32,2,611
1636,19,3,718
1636,45,2,561
1637,29,1,1062
1638,16,2,1416
1638,2,2,576
1639,15,2,439
1640,38,3,1061
1640,49,2,1172
1640,21,2,736
1641,18,2,649
1642,31,3,647
1643,36,1,847
1643,31,3,647
1644,9,3,1025
1644,31,3,647
1644,8,3,588
1645,6,3,1306
1645,40,3,1066
1646,22,2,892
1647,26,2,1135
1647,1,3,1038
1648,25,3,737
1648,31,1,647
1648,4,1,516
1649,4,2,516
1649,9,3,1025
1649,35,3,815
1650,15,1,439
1651,21,1,736
1651,6,2,1306
1651,7,3,332
1652,34,2,1107
1652,24,2,946
1653,9,2,1025
1653,29,2,1062
1653,29,3,1062
1654,5,2,1051
1654,10,1,913
1654,4,3,516
1655,44,1,1303
1656,24,3,946
1656,14,2,1157
1657,20,3,753
1657,32,1,611
1657,5,2,1051
1658,7,1,332
1659,2,3,576
1660,4,1,516
1660,47,3,954
1660,47,2,954
1661,48,1,553
1662,27,1,1283
1662,36,1,847
1663,23,3,784
1663,5,2,1051
1663,41,2,910
1664,38,2,1061
1664,22,1,892
1665,8,3,588
1666,8,3,588
1667,29,2,1062
1668,25,2,737
1668,21,1,736
1668,11,2,1047
1669,45,3,561
1670,46,3,625
1670,23,3,784
1671,8,1,588
1672,20,1,753
1673,17,1,902
1674,4,1,516
1675,30,1,549
1675,38,2,1061
1676,20,1,753
1677,49,3,1172
1678,43,1,1149
1679,8,2,588
1680,10,2,913
1680,48,3,553
1680,19,3,718
1681,9,3,1025
1682,31,1,647
1682,47,2,954
1683,44,3,1303
1683,26,2,1135
1684,10,2,913
1684,8,2,588
1684,27,1,1283
1685,41,1,910
1685,17,3,902
1686,12,1,1432
1686,28,1,1057
1687,6,3,1306
1687,27,1,1283
1688,44,2,1303
1688,4,1,516
1689,50,2,998
1689,45,2,561
1689,49,2,1172
1690,36,2,847
1690,1,2,1038
1690,38,3,1061
1691,24,2,946
1691,13,3,954
1691,48,1,553
1692,44,2,1303
1692,8,1,588
1693,23,2,784
1694,45,2,561
1695,9,1,1025
1695,49,2,1172
1696,45,2,561
1696,14,2,1157
1696,7,2,332
1697,11,3,1047
1698,50,1,998
1698,42,1,934
1699,34,1,1107
1700,32,3,611
1700,11,3,1047
1701,35,1,815
1702,46,1,625
1702,2,1,576
1703,23,3,784
1703,35,3,815
1704,4,1,516
1704,10,1,913
1705,7,3,332
1705,19,2,718
1705,18,2,649
1706,38,3,1061
1707,41,2,910
1708,32,1,611
1709,19,3,718
1709,34,1,1107
1709,29,3,1062
1710,9,3,1025
1710,49,2,1172
1711,34,1,1107
1711,7,1,332
1712,26,3,1135
1713,14,1,1157
1713,5,3,1051
1714,3,2,748
1715,33,1,943
1715,44,2,1303
1715,49,1,1172
1716,16,1,1416
1716,40,3,1066
1717,17,1,902
1717,34,1,1107
1717,28,1,1057
1718,10,3,913
1718,8,1,588
1719,1,3,1038
1720,43,2,1149
1720,13,2,954
1721,39,3,1068
1722,31,2,647
1722,12,2,1432
1723,10,3,913
1723,46,3,625
1724,25,3,737
1724,18,2,649
1725,4,2,516
1725,46,2,625
1726,24,1,946
1727,20,2,753
1727,42,2,934
1728,47,2,954
1729,43,2,1149
1730,9,1,1025
1731,30,3,549
1731,34,1,1107
1732,37,1,1229
1733,28,2,1057
1733,25,1,737
1734,20,1,753
1734,31,1,647
1735,36,1,847
1736,42,1,934
1736,40,2,1066
1736,29,2,1062
1737,49,2,1172
1737,32,2,611
1737,13,2,954
1738,33,2,943
1738,37,1,1229
1738,15,2,439
1739,38,2,1061
1739,42,2,934
1739,30,2,549
1740,36,2,847
1741,43,1,1149
1741,46,2,625
1741,25,2,737
1742,13,1,954
1742,43,3,1149
1742,17,3,902
1743,29,2,1062
1744,41,3,910
1745,34,2,1107
1746,2,3,576
1746,19,1,718
1747,26,3,1135
1747,20,2,753
1748,30,2,549
1748,16,3,1416
1749,34,2,1107
1749,31,1,647
1749,28,3,1057
1750,21,1,736
1751,18,2,649
1752,5,3,1051
1752,1,2,1038
1753,50,1,998
1753,8,1,588
1753,10,1,913
1754,30,1,549
1754,47,3,954
1755,45,3,561
1756,36,1,847
1756,10,2,913
1757,48,1,553
1758,11,3,1047
1758,49,2,1172
1758,26,1,1135
1759,2,3,576
1759,15,2,439
1760,27,2,1283
1760,15,1,439
1761,50,3,998
1761,23,3,784
1761,17,3,902
1762,34,1,1107
1762,18,2,649
1763,1,2,1038
1763,19,1,718
1764,48,2,553
1765,49,2,1172
1765,22,2,892
1766,50,2,998
1767,17,2,902
1767,30,3,549
1768,31,2,647
1769,28,1,1057
1769,27,3,1283
1769,35,1,815
1770,13,3,954
1770,27,1,1283
1771,16,1,1416
1771,31,1,647
1771,37,2,1229
1772,12,2,1432
1773,27,2,1283
1773,4,1,516
1774,23,3,784
1774,26,1,1135
1774,16,1,1416
1775,5,2,1051
1775,26,3,1135
1776,23,3,784
1776,19,1,718
1777,47,3,954
1777,35,1,815
1778,5,1,1051
1778,20,1,753
1778,15,1,439
1779,15,1,439
1779,49,2,1172
1780,37,3,1229
1781,11,1,1047
1782,48,2,553
1783,16,2,1416
1784,9,2,1025
1784,11,1,1047
1784,13,1,954
1785,37,1,1229
1786,43,2,1149
1786,9,1,1025
1786,28,3,1057
1787,15,2,439
1787,19,2,718
1788,31,1,647
1788,11,3,1047
1789,41,2,910
1789,43,2,1149
1790,25,2,737
1790,25,3,737
1791,12,2,1432
1791,47,3,954
1792,37,2,1229
1792,5,2,1051
1793,8,3,588
1794,48,3,553
1794,29,2,1062
1794,47,3,954
1795,16,3,1416
1796,47,1,954
1797,19,1,718
1798,37,3,1229
1799,32,3,611
1799,29,2,1062
1799,25,3,737
1800,30,2,549
1800,21,2,736
1801,7,2,332
1802,16,2,1416
1802,8,1,588
1802,47,3,954
1803,42,3,934
1804,33,3,943
1804,13,1,954
1805,15,3,439
1805,28,2,1057
1805,44,1,1303
1806,19,2,718
1806,32,1,611
1806,38,2,1061
1807,40,1,1066
1807,39,3,1068
1807,29,2,1062
1808,29,3,1062
1808,4,3,516
1809,20,2,753
1809,14,2,1157
1810,26,3,1135
1810,46,1,625
1810,41,2,910
1811,47,2,954
1811,10,3,913
1811,43,1,1149
1812,22,1,892
1812,33,2,943
1812,35,3,815
1813,49,2,1172
1813,40,3,1066
1814,40,3,1066
1814,9,1,1025
1815,10,3,913
1815,45,3,561
1815,36,3,847
1816,28,1,1057
1816,38,1,1061
1817,14,2,1157
1817,20,1,753
1818,32,3,611
1818,22,3,892
1818,9,2,1025
1819,9,2,1025
1819,49,1,1172
1819,33,3,943
1820,43,2,1149
1820,50,3,998
1821,22,3,892
1822,30,1,549
1823,25,3,737
1823,38,1,1061
1823,18,1,649
1824,45,3,561
1824,2,3,576
1825,44,1,1303
1825,10,1,913
1825,33,3,943
1826,32,3,611
1826,30,3,549
1826,28,1,1057
1827,40,2,1066
1828,31,1,647
1829,21,1,736
1830,12,3,1432
1830,23,1,784
1830,22,3,892
1831,15,1,439
1832,20,3,753
1833,2,1,576
1834,9,3,1025
1835,38,3,1061
1835,43,3,1149
1835,21,1,736
1836,35,2,815
1836,5,2,1051
1837,4,1,516
1837,47,2,954
1837,15,1,439
1838,16,2,1416
1839,18,1,649
1839,24,1,946
1839,12,2,1432
1840,48,2,553
1841,33,1,943
1841,29,1,1062
1842,15,3,439
1842,15,3,439
1843,45,2,561
1844,24,2,946
1845,6,3,1306
1845,5,2,1051
1845,14,1,1157
1846,46,3,625
1847,17,1,902
1848,10,3,913
1849,29,1,1062
1849,41,1,910
1849,3,3,748
1850,11,2,1047
1851,17,1,902
1851,23,1,784
1851,23,2,784
1852,40,1,1066
1852,16,2,1416
1853,9,1,1025
1854,42,3,934
1855,45,1,561
1856,7,2,332
1856,3,1,748
1856,39,2,1068
1857,29,2,1062
1857,18,1,649
1857,11,3,1047
1858,2,1,576
1859,4,3,516
1859,40,2,1066
1860,45,2,561
1860,48,2,553
1860,40,2,1066
1861,30,2,549
1861,34,3,1107
1862,30,1,549
1862,33,2,943
1863,7,1,332
1863,28,1,1057
1863,19,3,718
1864,12,1,1432
1865,37,2,1229
1866,44,3,1303
1866,1,1,1038
1866,26,2,1135
1867,36,2,847
1867,22,1,892
1868,21,3,736
1869,1,3,1038
1869,50,2,998
1870,13,3,954
1871,28,3,1057
1871,31,3,647
1872,14,3,1157
1873,37,2,1229
1874,29,2,1062
1874,22,2,892
1875,11,3,1047
1875,22,2,892
1876,22,1,892
1876,27,1,1283
1876,41,2,910
1877,19,2,718
1877,36,1,847
1878,37,3,1229
1878,18,2,649
1879,21,2,736
1879,31,3,647
1880,47,3,954
1881,32,3,611
1881,6,3,1306
1881,13,2,954
1882,25,1,737
1882,17,3,902
1883,46,3,625
1883,43,1,1149
1883,47,1,954
1884,37,2,1229
1884,29,1,1062
1884,37,3,1229
1885,10,2,913
1885,8,2,588
1885,39,1,1068
1886,4,2,516
1886,30,3,549
1886,23,2,784
1887,22,2,892
1887,5,2,1051
1887,12,1,1432
1888,46,1,625
1889,19,1,718
1890,39,1,1068
1890,34,1,1107
1891,14,3,1157
1891,40,1,1066
1892,30,2,549
1893,8,1,588
1894,43,2,1149
1894,27,2,1283
1895,32,2,611
1895,9,1,1025
1896,28,2,1057
1896,5,3,1051
1897,30,2,549
1897,6,1,1306
1897,14,1,1157
1898,5,1,1051
1898,38,3,1061
1899,37,1,1229
1899,27,1,1283
1899,33,2,943
1900,22,2,892
1900,5,2,1051
1900,13,1,954
1901,41,3,910
1901,27,1,1283
1902,15,3,439
1902,25,1,737
1902,14,2,1157
1903,48,1,553
1903,32,2,611
1904,10,3,913
1904,27,1,1283
1905,37,1,1229
1905,23,2,784
1905,11,2,1047
1906,31,2,647
1907,40,3,1066
1907,49,3,1172
1907,15,2,439
1908,13,1,954
1908,40,2,1066
1908,5,3,1051
1909,19,3,718
1909,32,3,611
1909,24,2,946
1910,49,3,1172
1911,30,3,549
1912,44,1,1303
1912,6,2,1306
1913,8,3,588
1913,40,1,1066
1914,19,1,718
1915,19,2,718
1916,26,3,1135
1916,3,3,748
1916,27,2,1283
1917,22,1,892
1918,49,2,1172
1919,43,3,1149
1919,6,3,1306
1919,5,2,1051
1920,19,3,718
1921,48,1,553
1921,32,2,611
1922,45,1,561
1922,19,1,718
1923,19,2,718
1923,6,1,1306
1923,1,3,1038
1924,1,3,1038
1924,39,2,1068
1925,4,1,516
1925,42,1,934
1925,6,2,1306
1926,49,3,1172
1926,33,3,943
1926,6,3,1306
1927,45,2,561
1928,24,1,946
1928,9,3,1025
1928,29,2,1062
1929,19,3,718
1930,1,1,1038
1930,50,1,998
1930,14,3,1157
1931,14,3,1157
1931,39,1,1068
1932,22,2,892
1932,47,2,954
1932,14,1,1157
1933,8,1,588
1934,49,1,1172
1934,34,3,1107
1935,47,3,954
1936,48,2,553
1936,35,1,815
1936,1,3,1038
1937,33,2,943
1937,48,1,553
1938,23,2,784
1938,37,3,1229
1939,12,2,1432
1939,2,2,576
1939,42,2,934
1940,26,3,1135
1940,35,1,815
1940,45,2,561
1941,27,3,1283
1941,36,2,847
1941,17,2,902
1942,46,2,625
1942,9,2,1025
1942,19,1,718
1943,33,3,943
1943,42,2,934
1943,32,2,611
1944,15,3,439
1944,29,3,1062
1945,8,3,588
1945,18,2,649
1945,2,2,576
1946,35,2,815
1946,4,1,516
1946,9,2,1025
1947,29,3,1062
1947,27,3,1283
1948,33,3,943
1948,10,2,913
1948,47,1,954
1949,6,1,1306
1949,40,2,1066
1949,26,1,1135
1950,47,3,954
1951,4,3,516
1952,45,1,561
1953,37,3,1229
1953,1,2,1038
1953,27,3,1283
1954,18,1,649
1954,9,3,1025
1954,30,2,549
1955,25,3,737
1955,24,1,946
1955,11,2,1047
1956,41,2,910
1957,28,3,1057
1958,2,3,576
1958,31,2,647
1958,6,1,1306
1959,36,1,847
1959,43,3,1149
1959,34,3,1107
1960,40,3,1066
1960,22,1,892
1960,2,3,576
1961,20,2,753
1961,31,3,647
1962,13,1,954
1962,10,2,913
1963,17,2,902
1963,36,2,847
1964,41,3,910
1964,46,1,625
1965,47,3,954
1965,8,1,588
1965,14,1,1157
1966,6,2,1306
1966,49,2,1172
1966,17,1,902
1967,45,1,561
1967,49,1,1172
1967,27,3,1283
1968,8,3,588
1968,25,3,737
1969,37,1,1229
1970,31,2,647
1971,16,1,1416
1971,1,2,1038
1971,30,3,549
1972,48,1,553
1972,35,1,815
1973,35,1,815
1973,44,2,1303
1973,49,3,1172
1974,12,2,1432
1974,20,1,753
1974,15,2,439
1975,21,3,736
1976,26,3,1135
1976,12,1,1432
1976,32,2,611
1977,23,1,784
1977,25,3,737
1977,36,2,847
1978,39,2,1068
1978,26,1,1135
1978,38,2,1061
1979,35,2,815
1979,14,3,1157
1980,14,1,1157
1980,42,1,934
1981,5,1,1051
1981,32,2,611
1982,46,2,625
1982,9,2,1025
1982,5,2,1051
1983,50,3,998
1983,22,3,892
1984,28,2,1057
1984,43,1,1149
1985,39,2,1068
1985,37,1,1229
1985,26,3,1135
1986,34,2,1107
1986,45,3,561
1986,20,1,753
1987,30,2,549
1988,30,1,549
1988,17,1,902
1989,31,3,647
1989,43,1,1149
1989,1,2,1038
1990,4,2,516
1991,4,3,516
1992,50,3,998
1992,40,1,1066
1993,23,3,784
1993,27,2,1283
1994,2,2,576
1994,4,1,516
1994,43,2,1149
1995,13,1,954
1995,23,2,784
1995,21,3,736
1996,42,1,934
1996,36,2,847
1996,17,3,902
1997,29,1,1062
1998,49,1,1172
1999,26,1,1135
1999,36,2,847
1999,29,2,1062
2000,36,3,847
2001,2,3,576
2001,14,2,1157
2001,1,3,1038
2002,2,3,576
2002,19,3,718
2002,45,3,561
2003,8,1,588
2004,14,3,1157
2004,9,1,1025
2005,44,3,1303
2005,45,3,561
2006,45,1,561
2007,36,3,847
2007,5,3,1051
2008,46,1,625
2009,2,3,576
2009,6,3,1306
2010,36,2,847
2011,12,1,1432
2012,8,1,588
2012,1,3,1038
2013,35,3,815
2013,32,3,611
2014,6,2,1306
2015,35,1,815
2015,40,1,1066
2016,3,2,748
2016,45,2,561
2016,21,3,736
2017,28,3,1057
2017,49,1,1172
2017,39,2,1068
2018,23,1,784
2019,11,3,1047
2020,37,3,1229
2020,28,1,1057
2020,36,3,847
2021,46,2,625
2021,11,3,1047
2022,1,2,1038
2022,8,1,588
2023,15,3,439
2024,20,3,753
2024,41,3,910
2025,16,3,1416
2026,26,3,1135
2026,10,3,913
2026,20,2,753
2027,21,2,736
2028,20,2,753
2028,39,3,1068
2028,50,2,998
2029,9,1,1025
2029,22,3,892
2030,40,2,1066
2030,27,3,1283
2031,38,1,1061
2032,1,2,1038
2032,33,3,943
2032,24,3,946
2033,21,3,736
2033,47,3,954
2033,36,1,847
2034,42,1,934
2034,21,2,736
2034,17,1,902
2035,5,2,1051
2035,50,2,998
2036,33,2,943
2036,3,2,748
2037,16,3,1416
2038,43,3,1149
2038,45,3,561
2038,48,1,553
2039,31,2,647
2039,1,1,1038
2039,44,3,1303
2040,19,2,718
2040,35,1,815
2041,47,2,954
2041,9,1,1025
2041,46,3,625
2042,15,2,439
2042,47,3,954
2042,32,2,611
2043,8,3,588
2044,19,1,718
2045,2,2,576
2046,42,1,934
2046,47,3,954
2047,5,1,1051
2048,42,3,934
2048,3,1,748
2048,23,1,784
2049,39,2,1068
2049,44,1,1303
2050,42,2,934
2050,35,1,815
2050,5,2,1051
2051,48,2,553
2051,38,2,1061
2052,33,2,943
2052,29,3,1062
2053,29,2,1062
2053,36,2,847
2053,40,2,1066
2054,1,1,1038
2054,16,3,1416
2055,22,3,892
2055,24,1,946
2055,39,3,1068
2056,5,1,1051
2056,12,3,1432
2056,40,3,1066
2057,18,1,649
2058,29,1,1062
2058,22,2,892
2058,2,2,576
2059,42,1,934
2059,15,3,439
2059,45,1,561
2060,38,1,1061
2061,4,2,516
2061,10,3,913
2061,30,1,549
2062,30,2,549
2063,31,2,647
2063,3,3,748
2064,28,2,1057
2065,29,1,1062
2066,8,1,588
2066,27,3,1283
2067,46,2,625
2068,13,3,954
2068,39,1,1068
2069,46,3,625
2069,11,2,1047
2070,24,3,946
2070,18,2,649
2070,50,1,998
2071,18,3,649
2071,6,1,1306
2071,25,1,737
2072,2,2,576
2072,24,2,946
2073,45,1,561
2074,43,1,1149
2074,36,3,847
2074,27,2,1283
2075,19,1,718
2075,8,3,588
2075,42,1,934
2076,36,3,847
2076,36,3,847
2076,16,2,1416
2077,25,3,737
2078,28,2,1057
2078,28,3,1057
2079,11,1,1047
2080,20,2,753
2081,29,1,1062
2081,2,3,576
2082,5,1,1051
2083,45,2,561
2083,9,1,1025
2084,40,1,1066
2084,5,1,1051
2084,11,2,1047
2085,7,2,332
2085,17,1,902
2085,1,3,1038
2086,7,2,332
2086,12,2,1432
2087,17,3,902
2087,8,2,588
2088,41,3,910
2088,23,2,784
2088,5,2,1051
2089,24,2,946
2089,13,3,954
2090,7,3,332
2091,2,2,576
2091,28,1,1057
2091,24,1,946
2092,35,1,815
2093,46,2,625
2093,38,3,1061
2094,14,3,1157
2095,10,3,913
2095,23,1,784
2095,46,1,625
2096,39,1,1068
2096,3,1,748
2096,40,2,1066
2097,13,3,954
2098,43,1,1149
2098,36,1,847
2098,33,3,943
2099,44,2,1303
2100,19,2,718
2101,21,3,736
2102,16,3,1416
2102,14,1,1157
2102,27,2,1283
2103,16,3,1416
2104,15,2,439
2104,7,3,332
2105,22,3,892
2106,33,1,943
2106,24,2,946
2106,49,3,1172
2107,22,1,892
2107,39,1,1068
2107,31,3,647
2108,13,3,954
2109,28,3,1057
2110,2,2,576
2110,35,2,815
2111,41,3,910
2111,17,1,902
2111,50,1,998
2112,33,2,943
2112,36,1,847
2113,47,2,954
2113,25,1,737
2114,14,3,1157
2114,34,3,1107
2115,16,3,1416
2115,48,3,553
2116,14,3,1157
2117,12,2,1432
2117,50,3,998
2117,43,2,1149
2118,30,2,549
2118,35,1,815
2119,25,3,737
2120,17,3,902
2120,20,3,753
2120,3,3,748
2121,11,1,1047
2121,42,1,934
2122,44,2,1303
2122,31,2,647
2122,35,1,815
2123,19,3,718
2124,1,3,1038
2124,50,1,998
2125,1,1,1038
2125,7,3,332
2125,46,1,625
2126,42,1,934
2126,15,1,439
2126,17,1,902
2127,28,2,1057
2128,34,2,1107
2128,49,2,1172
2129,15,3,439
2129,24,2,946
2130,28,3,1057
2131,46,1,625
2132,49,2,1172
2133,13,1,954
2133,15,2,439
2133,38,2,1061
2134,17,2,902
2135,27,3,1283
2135,43,2,1149
2136,32,1,611
2137,29,2,1062
2137,1,1,1038
2137,11,1,1047
2138,30,3,549
2138,38,2,1061
2139,28,1,1057
2139,6,3,1306
2139,45,2,561
2140,16,1,1416
2141,5,2,1051
2141,5,1,1051
2142,44,3,1303
2143,38,2,1061
2143,43,3,1149
2144,29,3,1062
2145,22,1,892
2146,20,1,753
2146,24,1,946
2146,16,3,1416
2147,40,3,1066
2147,21,1,736
2148,38,2,1061
2149,8,1,588
2149,50,3,998
2149,43,1,1149
2150,22,2,892
2150,30,1,549
2150,36,1,847
2151,39,1,1068
2151,10,2,913
2151,21,2,736
2152,29,2,1062
2152,34,2,1107
2152,7,1,332
2153,26,1,1135
2153,27,3,1283
2154,24,1,946
2155,1,2,1038
2156,37,2,1229
2156,14,1,1157
2156,17,2,902
2157,27,3,1283
2157,3,1,748
2158,30,2,549
2158,23,1,784
2159,20,2,753
2159,40,2,1066
2160,28,1,1057
2160,42,2,934
2160,16,1,1416
2161,38,3,1061
2162,12,2,1432
2162,33,2,943
2162,46,3,625
2163,28,3,1057
2163,42,2,934
2164,30,1,549
2165,17,2,902
2165,33,1,943
2166,9,2,1025
2167,20,1,753
2167,28,3,1057
2168,25,1,737
2168,29,2,1062
2168,38,1,1061
2169,32,3,611
2169,32,2,611
2169,35,2,815
2170,17,3,902
2170,44,2,1303
2171,46,2,625
2172,5,1,1051
2172,11,2,1047
2173,8,2,588
2173,18,2,649
2174,8,1,588
2175,15,3,439
2175,3,2,748
2175,45,1,561
2176,26,3,1135
2177,48,1,553
2178,36,2,847
2178,49,2,1172
2179,14,2,1157
2180,8,1,588
2180,39,3,1068
2180,37,2,1229
2181,5,1,1051
2181,16,3,1416
2182,6,2,1306
2182,35,1,815
2182,32,2,611
2183,5,3,1051
2184,30,2,549
2184,20,3,753
2185,4,1,516
2185,50,1,998
2185,42,3,934
2186,33,3,943
2187,5,3,1051
2187,7,2,332
2188,13,1,954
2188,45,1,561
2189,26,3,1135
2189,28,2,1057
2189,15,2,439
2190,33,3,943
2190,32,1,611
2191,12,2,1432
2192,32,3,611
2192,19,3,718
2193,25,3,737
2193,26,2,1135
2193,50,1,998
2194,38,2,1061
2195,32,2,611
2195,30,1,549
2196,46,2,625
2196,6,2,1306
2196,45,1,561
2197,46,3,625
2197,36,3,847
2198,33,1,943
2199,5,1,1051
2199,39,1,1068
2200,34,1,1107
2200,17,2,902
2201,10,3,913
2202,50,1,998
2202,5,3,1051
2203,39,1,1068
2203,48,3,553
2204,19,2,718
2204,6,2,1306
2204,37,2,1229
2205,42,2,934
2205,13,1,954
2205,1,1,1038
2206,8,3,588
2206,2,3,576
2206,32,1,611
2207,8,2,588
2207,17,1,902
2207,43,3,1149
2208,19,1,718
2208,29,3,1062
2209,4,2,516
2209,40,1,1066
2210,45,2,561
2211,50,2,998
2212,28,3,1057
2212,32,3,611
2213,17,3,902
2214,41,3,910
2215,45,3,561
2216,29,1,1062
2216,22,1,892
2217,24,1,946
2217,11,1,1047
2218,50,2,998
2218,43,2,1149
2218,15,2,439
2219,12,2,1432
2220,24,1,946
2220,34,2,1107
2220,37,3,1229
2221,27,3,1283
2221,33,2,943
2221,16,1,1416
2222,16,1,1416
2222,8,3,588
2223,50,3,998
2224,14,2,1157
2224,5,2,1051
2225,28,3,1057
2225,15,1,439
2225,4,2,516
2226,19,2,718
2227,14,3,1157
2227,1,3,1038
2228,50,1,998
2228,17,2,902
2228,50,2,998
2229,36,2,847
2229,3,3,748
2230,21,1,736
2230,48,2,553
2231,19,1,718
2231,35,3,815
2232,23,1,784
2232,43,3,1149
2233,30,2,549
2233,9,1,1025
2234,39,1,1068
2234,34,2,1107
2234,18,3,649
2235,27,2,1283
2236,48,1,553
2236,38,2,1061
2236,2,3,576
2237,31,3,647
2237,2,2,576
2238,26,2,1135
2238,20,3,753
2238,15,2,439
2239,26,2,1135
2240,8,2,588
2240,14,2,1157
2240,50,3,998
2241,9,1,1025
2241,41,2,910
2242,8,3,588
2243,34,1,1107
2244,50,1,998
2245,31,3,647
2245,39,2,1068
2245,16,1,1416
2246,24,2,946
2246,23,3,784
2247,23,3,784
2247,43,1,1149
2248,35,3,815
2248,10,3,913
2248,27,3,1283
2249,3,1,748
2249,35,1,815
2250,26,3,1135
2251,32,1,611
2251,31,2,647
2251,23,3,784
2252,50,1,998
2253,24,2,946
2253,18,2,649
2253,49,1,1172
2254,7,2,332
2254,24,2,946
2255,22,3,892
2255,47,3,954
2255,30,3,549
2256,40,1,1066
2257,44,1,1303
2257,1,1,1038
2257,45,2,561
2258,1,1,1038
2259,30,3,549
2259,33,2,943
2260,7,2,332
2260,23,3,784
2261,27,3,1283
2261,14,2,1157
2261,44,1,1303
2262,16,1,1416
2262,36,2,847
2262,43,2,1149
2263,5,3,1051
2263,21,3,736
2263,24,2,946
2264,11,2,1047
2265,37,1,1229
2265,35,1,815
2266,35,2,815
2266,45,2,561
2267,19,3,718
2267,23,1,784
2267,31,3,647
2268,50,1,998
2268,33,3,943
2269,1,3,1038
2270,17,1,902
2270,46,1,625
2270,5,2,1051
2271,1,2,1038
2272,35,1,815
2272,24,1,946
2272,21,1,736
2273,2,2,576
2274,21,1,736
2274,47,3,954
2274,39,3,1068
2275,45,1,561
2276,15,1,439
2276,2,3,576
2277,38,1,1061
2277,36,1,847
2278,3,1,748
2278,34,2,1107
2279,47,1,954
2279,50,3,998
2279,10,1,913
2280,14,3,1157
2280,29,1,1062
2280,40,3,1066
2281,28,2,1057
2281,45,3,561
2282,37,3,1229
2282,36,1,847
2282,36,1,847
2283,34,3,1107
2284,20,2,753
2284,16,3,1416
2284,40,1,1066
2285,25,3,737
2285,2,2,576
2286,17,1,902
2287,31,2,647
2288,8,1,588
2288,23,2,784
2289,1,2,1038
2289,35,1,815
2289,2,1,576
2290,48,1,553
2291,25,1,737
2292,40,3,1066
2292,46,2,625
2292,16,3,1416
2293,10,3,913
2293,35,2,815
2293,11,2,1047
2294,22,3,892
2294,30,3,549
2294,1,2,1038
2295,7,3,332
2295,38,3,1061
2295,22,1,892
2296,14,3,1157
2297,21,1,736
2297,24,2,946
2298,48,2,553
2298,8,3,588
2298,42,2,934
2299,11,2,1047
2299,6,3,1306
2299,37,1,1229
2300,49,2,1172
2300,23,3,784
2300,17,1,902
2301,8,1,588
2302,34,1,1107
2302,21,2,736
2303,47,3,954
2303,50,1,998
2304,39,3,1068
2304,36,3,847
2305,42,3,934
2305,39,3,1068
2305,46,1,625
2306,43,1,1149
2307,7,2,332
2307,16,3,1416
2307,42,1,934
2308,23,2,784
2308,1,2,1038
2309,47,3,954
2309,44,2,1303
2309,10,2,913
2310,19,2,718
2310,21,3,736
2310,46,2,625
2311,11,3,1047
2312,22,2,892
2312,5,3,1051
2313,39,2,1068
2314,7,3,332
2315,31,1,647
2315,4,1,516
2316,38,3,1061
2316,34,2,1107
2317,4,3,516
2317,33,1,943
2318,9,1,1025
2319,43,1,1149
2319,4,2,516
2319,46,1,625
2320,16,1,1416
2320,19,2,718
2320,1,1,1038
2321,6,3,1306
2321,9,2,1025
2322,18,1,649
2322,35,2,815
2322,46,1,625
2323,13,2,954
2323,26,3,1135
2324,24,1,946
2324,37,2,1229
2325,2,2,576
2325,21,3,736
2325,35,3,815
2326,9,1,1025
2326,34,2,1107
2326,46,3,625
2327,19,3,718
2327,7,1,332
2327,6,3,1306
2328,24,2,946
2328,7,3,332
2328,37,3,1229
2329,47,3,954
2329,14,3,1157
2330,46,2,625
2330,10,1,913
2330,27,2,1283
2331,50,3,998
2332,41,3,910
2332,3,2,748
2332,5,2,1051
2333,6,2,1306
2333,13,1,954
2333,46,2,625
2334,33,1,943
2334,19,2,718
2334,13,2,954
2335,8,3,588
2335,28,1,1057
2336,39,3,1068
2336,39,2,1068
2336,32,3,611
2337,45,2,561
2338,6,2,1306
2338,40,2,1066
2339,38,3,1061
2339,43,3,1149
2339,23,3,784
2340,6,3,1306
2340,44,3,1303
2340,4,2,516
2341,10,1,913
2341,38,1,1061
2342,16,1,1416
2342,22,1,892
2342,40,1,1066
2343,2,2,576
2343,7,1,332
2344,30,3,549
2344,34,2,1107
2344,46,1,625
2345,29,1,1062
2345,20,3,753
2345,33,3,943
2346,41,3,910
2346,43,3,1149
2346,11,2,1047
2347,47,2,954
2348,12,1,1432
2349,49,2,1172
2349,27,3,1283
2349,12,1,1432
2350,10,3,913
2351,48,1,553
2351,33,3,943
2352,45,3,561
2352,2,1,576
2353,2,1,576
2353,45,2,561
2354,16,2,1416
2354,36,3,847
2355,30,1,549
2355,44,3,1303
2355,49,1,1172
2356,18,3,649
2356,26,1,1135
2356,10,3,913
2357,22,3,892
2357,2,2,576
2358,5,1,1051
2358,10,2,913
2358,26,3,1135
2359,22,3,892
2359,44,2,1303
2360,21,3,736
2361,44,2,1303
2362,37,1,1229
2363,13,3,954
2363,2,2,576
2363,26,1,1135
2364,3,2,748
2364,17,1,902
2364,34,3,1107
2365,24,1,946
2366,29,3,1062
2366,2,2,576
2366,8,1,588
2367,19,1,718
2368,14,2,1157
2368,50,1,998
2369,18,3,649
2370,27,1,1283
2370,8,2,588
2371,20,3,753
2371,4,1,516
2371,19,2,718
2372,46,2,625
2372,43,1,1149
2373,1,3,1038
2373,34,3,1107
2374,10,1,913
2375,20,2,753
2376,45,2,561
2376,14,2,1157
2377,16,2,1416
2378,15,2,439
2378,29,3,1062
2378,45,2,561
2379,37,1,1229
2379,31,3,647
2379,1,3,1038
2380,3,3,748
2380,23,3,784
2381,38,1,1061
2381,40,1,1066
2381,14,2,1157
2382,12,1,1432
2382,23,2,784
2382,31,1,647
2383,40,2,1066
2384,47,1,954
2384,45,2,561
2385,34,1,1107
2386,13,1,954
2386,30,1,549
2387,29,3,1062
2387,11,3,1047
2388,11,1,1047
2388,8,3,588
2388,41,3,910
2389,12,2,1432
2389,7,3,332
2389,31,2,647
2390,3,2,748
2391,36,1,847
2391,27,3,1283
2392,1,1,1038
2392,7,3,332
2393,37,1,1229
2393,1,1,1038
2394,32,3,611
2394,8,1,588
2395,14,2,1157
2396,49,1,1172
2396,46,2,625
2397,11,1,1047
2397,16,1,1416
2398,39,2,1068
2398,8,2,588
2398,20,2,753
2399,30,1,549
2399,50,3,998
2400,18,1,649
2400,39,3,1068
2400,1,3,1038
2401,21,2,736
2401,23,3,784
2402,11,3,1047
2403,21,3,736
2403,27,1,1283
2404,12,1,1432
2404,45,1,561
2405,41,1,910
2406,41,3,910
2406,13,1,954
2407,32,2,611
2407,26,1,1135
2407,40,2,1066
2408,18,1,649
2408,39,1,1068
2409,21,2,736
2410,30,1,549
2410,30,1,549
2410,41,2,910
2411,17,1,902
2411,42,2,934
2411,26,2,1135
2412,40,3,1066
2412,45,2,561
2413,16,2,1416
2413,39,3,1068
2414,14,1,1157
2414,33,1,943
2415,32,1,611
2415,34,2,1107
2416,2,3,576
2417,15,2,439
2418,9,3,1025
2418,31,1,647
2419,30,1,549
2419,38,1,1061
2420,43,3,1149
2420,37,2,1229
2421,23,3,784
2422,38,3,1061
2422,8,2,588
2423,26,2,1135
2423,20,1,753
2423,9,3,1025
2424,23,1,784
2425,30,3,549
2425,39,3,1068
2425,24,1,946
2426,33,3,943
2426,47,3,954
2426,30,1,549
2427,9,2,1025
2427,20,3,753
2428,4,2,516
2428,9,1,1025
2428,4,3,516
2429,43,1,1149
2430,4,1,516
2430,50,3,998
2431,42,3,934
2431,23,3,784
2432,20,3,753
2432,25,1,737
2433,8,1,588
2433,45,3,561
2434,47,1,954
2434,25,2,737
2434,48,1,553
2435,47,2,954
2435,10,1,913
2435,28,3,1057
2436,39,1,1068
2436,10,3,913
2437,42,3,934
2437,26,1,1135
2437,1,1,1038
2438,1,1,1038
2438,21,3,736
2438,25,1,737
2439,33,2,943
2439,33,2,943
2440,31,2,647
2440,16,1,1416
2441,4,1,516
2441,32,1,611
2442,41,1,910
2443,6,2,1306
2443,35,1,815
2444,2,1,576
2444,21,3,736
2445,5,2,1051
2446,17,2,902
2447,3,1,748
2447,12,2,1432
2448,27,2,1283
2448,1,2,1038
2449,16,3,1416
2449,34,2,1107
2449,29,3,1062
2450,2,3,576
2451,46,3,625
2451,39,2,1068
2451,20,2,753
2452,14,1,1157
2452,1,3,1038
2453,44,2,1303
2454,4,3,516
2454,22,1,892
2454,45,2,561
2455,1,2,1038
2456,24,1,946
2456,38,2,1061
2457,41,1,910
2457,39,1,1068
2457,47,2,954
2458,50,3,998
2459,20,3,753
2459,10,2,913
2459,36,2,847
2460,44,1,1303
2460,32,2,611
2461,10,3,913
2461,37,1,1229
2461,45,3,561
2462,24,1,946
2463,5,3,1051
2464,41,1,910
2464,47,3,954
2464,46,1,625
2465,37,1,1229
2465,3,1,748
2466,2,3,576
2466,43,2,1149
2467,7,3,332
2467,2,1,576
2467,31,3,647
2468,42,3,934
2468,10,3,913
2469,8,3,588
2469,20,1,753
2469,49,1,1172
2470,32,2,611
2470,44,1,1303
2470,31,3,647
2471,32,2,611
2471,7,1,332
2471,44,2,1303
2472,39,1,1068
2473,40,2,1066
2474,40,2,1066
2475,3,1,748
2476,14,2,1157
2476,1,2,1038
2477,6,3,1306
2478,27,1,1283
2479,33,2,943
2479,45,3,561
2479,17,1,902
2480,24,2,946
2481,49,3,1172
2482,36,1,847
2482,34,2,1107
2483,4,1,516
2483,27,1,1283
2483,39,2,1068
2484,15,1,439
2484,46,3,625
2485,49,1,1172
2485,30,2,549
2486,19,1,718
2487,42,1,934
2487,42,3,934
2488,20,2,753
2488,17,1,902
2488,27,2,1283
2489,8,3,588
2490,9,3,1025
2490,26,1,1135
2490,47,1,954
2491,3,1,748
2491,26,1,1135
2492,28,3,1057
2493,44,1,1303
2494,13,2,954
2495,3,3,748
2495,18,2,649
2496,21,1,736
2497,46,1,625
2498,26,3,1135
2498,8,1,588
2498,3,2,748
2499,42,3,934
2499,18,3,649
2499,42,1,934
2500,40,3,1066
2501,4,3,516
2501,9,2,1025
2502,46,3,625
2502,36,3,847
2503,14,2,1157
2503,13,3,954
2504,10,3,913
2504,12,3,1432
2505,19,1,718
2505,40,3,1066
2505,23,2,784
2506,6,2,1306
2506,23,1,784
2506,15,3,439
2507,39,1,1068
2508,34,1,1107
2508,21,1,736
2509,43,2,1149
2509,10,2,913
2509,11,1,1047
2510,6,1,1306
2510,38,1,1061
2511,43,2,1149
2512,6,3,1306
2512,6,1,1306
2512,47,1,954
2513,11,1,1047
2513,19,1,718
2514,44,3,1303
2515,26,2,1135
2516,42,2,934
2516,21,3,736
2517,32,3,611
2517,25,3,737
2517,45,3,561
2518,49,2,1172
2519,44,2,1303
2520,40,2,1066
2520,16,1,1416
2521,36,3,847
2522,35,1,815
2522,15,1,439
2523,33,1,943
2524,33,2,943
2524,9,2,1025
2525,4,1,516
2525,26,2,1135
2525,23,2,784
2526,37,1,1229
2527,48,2,553
2528,35,3,815
2528,29,3,1062
2529,25,1,737
2529,41,1,910
2530,2,1,576
2531,36,2,847
2531,40,2,1066
2532,29,3,1062
2533,16,2,1416
2533,20,2,753
2533,23,3,784
2534,17,2,902
2534,15,2,439
2534,17,3,902
2535,50,3,998
2536,31,1,647
2536,20,2,753
2537,16,3,1416
2538,27,3,1283
2539,1,1,1038
2540,11,2,1047
2540,48,1,553
2541,43,1,1149
2541,46,2,625
2542,20,1,753
2543,35,1,815
2543,2,2,576
2543,2,3,576
2544,7,2,332
2544,43,3,1149
2545,2,1,576
2545,50,1,998
2545,11,1,1047
2546,43,1,1149
2546,29,1,1062
2546,50,2,998
2547,24,3,946
2548,19,2,718
2549,29,2,1062
2550,44,1,1303
2551,50,2,998
2552,32,3,611
2553,8,3,588
2553,34,2,1107
2553,11,3,1047
2554,29,3,1062
2554,40,3,1066
2555,46,3,625
2555,25,2,737
2556,50,1,998
2556,43,3,1149
2557,36,2,847
2557,30,1,549
2558,24,3,946
2558,24,3,946
2558,41,2,910
2559,33,3,943
2560,17,1,902
2560,11,1,1047
2561,33,3,943
2562,17,1,902
2562,30,3,549
2562,3,2,748
2563,9,1,1025
2563,17,3,902
2563,19,3,718
2564,37,3,1229
2564,32,2,611
2564,14,1,1157
2565,22,2,892
2565,1,2,1038
2565,34,3,1107
2566,22,1,892
2566,19,3,718
2567,39,1,1068
2567,6,1,1306
2567,3,3,748
2568,28,3,1057
2569,12,3,1432
2569,7,1,332
2570,14,3,1157
2570,49,2,1172
2571,24,1,946
2572,42,2,934
2572,7,1,332
2573,38,1,1061
2573,33,2,943
2574,5,1,1051
2575,48,1,553
2576,13,2,954
2576,21,2,736
2576,10,1,913
2577,22,2,892
2577,27,1,1283
2577,41,1,910
2578,44,1,1303
2578,8,2,588
2579,33,2,943
2580,29,3,1062
2581,5,3,1051
2581,32,3,611
2581,44,3,1303
2582,11,3,1047
2582,23,1,784
2583,1,1,1038
2583,12,1,1432
2584,29,3,1062
2585,17,1,902
2586,45,1,561
2587,48,1,553
2587,33,1,943
2587,46,2,625
2588,19,3,718
2588,36,1,847
2588,22,1,892
2589,37,1,1229
2590,11,2,1047
2590,20,3,753
2590,2,2,576
2591,11,1,1047
2591,38,1,1061
2591,36,2,847
2592,36,1,847
2592,31,2,647
2592,32,3,611
2593,30,3,549
2593,19,3,718
2594,14,1,1157
2594,44,3,1303
2594,7,3,332
2595,25,3,737
2596,9,3,1025
2596,26,3,1135
2597,13,3,954
2597,19,2,718
2598,27,1,1283
2599,28,1,1057
2599,14,2,1157
2600,21,2,736
2600,29,1,1062
2601,19,3,718
2601,39,3,1068
2602,43,3,1149
2602,4,1,516
2602,35,3,815
2603,27,3,1283
2603,24,3,946
2603,2,1,576
2604,46,3,625
2604,17,2,902
2604,29,2,1062
2605,48,2,553
2605,14,3,1157
2605,11,2,1047
2606,34,2,1107
2606,38,1,1061
2607,6,1,1306
2607,28,2,1057
2608,27,3,1283
2608,21,3,736
2608,48,2,553
2609,11,1,1047
2609,1,3,1038
2609,24,2,946
2610,28,1,1057
2610,6,1,1306
2610,28,3,1057
2611,19,2,718
2612,4,1,516
2612,24,2,946
2612,18,1,649
2613,22,1,892
2613,30,3,549
2614,33,3,943
2614,32,1,611
2615,45,1,561
2615,27,2,1283
2616,29,3,1062
2616,36,2,847
2617,18,1,649
2617,18,2,649
2618,40,1,1066
2618,45,2,561
2618,17,2,902
2619,20,3,753
2620,11,3,1047
2620,42,3,934
2620,32,1,611
2621,2,1,576
2621,27,3,1283
2621,19,3,718
2622,32,2,611
2622,3,2,748
2623,38,2,1061
2623,18,1,649
2624,17,2,902
2624,8,1,588
2624,17,2,902
2625,44,3,1303
2626,31,2,647
2626,12,2,1432
2626,6,3,1306
2627,31,2,647
2628,24,3,946
2628,14,3,1157
2628,21,1,736
2629,11,2,1047
2629,15,2,439
2630,50,1,998
2631,15,3,439
2631,48,2,553
2632,8,3,588
2632,11,1,1047
2633,43,2,1149
2634,30,2,549
2634,5,2,1051
2635,36,1,847
2636,48,2,553
2636,17,3,902
2636,40,1,1066
2637,23,1,784
2637,45,2,561
2637,42,2,934
2638,50,3,998
2638,31,2,647
2639,32,1,611
2639,34,2,1107
2640,28,2,1057
2640,22,3,892
2640,41,2,910
2641,42,3,934
2642,15,3,439
2643,13,2,954
2644,28,2,1057
2644,4,2,516
2644,30,2,549
2645,3,3,748
2645,35,3,815
2646,7,3,332
2646,49,1,1172
2646,9,1,1025
2647,25,3,737
2647,21,1,736
2648,5,2,1051
2648,28,3,1057
2648,26,3,1135
2649,34,3,1107
2649,6,3,1306
2650,40,2,1066
2650,2,3,576
2651,36,3,847
2651,50,2,998
2651,35,3,815
2652,33,2,943
2653,42,2,934
2653,20,1,753
2653,4,2,516
2654,16,1,1416
2654,31,2,647
2655,37,2,1229
2656,43,2,1149
2656,19,2,718
2657,5,3,1051
2657,38,1,1061
2657,25,3,737
2658,30,2,549
2659,6,2,1306
2660,20,2,753
2660,2,2,576
2660,48,2,553
2661,42,2,934
2661,46,3,625
2661,36,2,847
2662,42,3,934
2663,25,1,737
2663,43,2,1149
2664,40,1,1066
2665,31,2,647
2665,7,2,332
2666,24,1,946
2666,34,2,1107
2667,15,3,439
2667,7,3,332
2668,31,3,647
2668,33,3,943
2668,42,2,934
2669,26,3,1135
2669,25,2,737
2670,8,2,588
2670,25,1,737
2670,24,1,946
2671,9,3,1025
2672,25,3,737
2672,45,3,561
2672,24,2,946
2673,37,3,1229
2673,49,2,1172
2673,49,2,1172
2674,30,3,549
2674,9,1,1025
2674,14,3,1157
2675,22,3,892
2675,23,1,784
2676,3,2,748
2677,19,2,718
2678,39,2,1068
2678,47,1,954
2679,11,1,1047
2679,30,3,549
2680,46,2,625
2680,25,1,737
2680,3,2,748
2681,23,3,784
2681,20,1,753
2682,22,3,892
2682,47,3,954
2683,37,1,1229
2683,41,1,910
2683,20,3,753
2684,5,3,1051
2684,47,1,954
2684,30,1,549
2685,19,2,718
2686,7,1,332
2686,12,1,1432
2686,5,3,1051
2687,11,3,1047
2688,37,1,1229
2688,50,1,998
2689,38,1,1061
2689,2,2,576
2689,5,2,1051
2690,13,3,954
2691,14,3,1157
2691,40,1,1066
2691,24,2,946
2692,6,1,1306
2693,25,3,737
2693,32,3,611
2694,18,2,649
2695,2,3,576
2696,10,1,913
2696,17,3,902
2697,43,1,1149
2697,9,2,1025
2698,43,2,1149
2699,15,3,439
2699,42,2,934
2699,45,3,561
2700,30,3,549
2700,15,3,439
2701,16,1,1416
2701,11,1,1047
2701,41,3,910
2702,6,2,1306
2702,23,2,784
2703,40,1,1066
2703,8,2,588
2704,31,1,647
2704,37,3,1229
2705,35,1,815
2706,20,1,753
2706,31,2,647
2707,15,1,439
2707,48,1,553
2707,8,3,588
2708,33,1,943
2709,5,3,1051
2709,7,2,332
2710,39,3,1068
2711,45,1,561
2711,33,1,943
2711,10,1,913
2712,8,2,588
2712,33,1,943
2713,29,1,1062
2713,37,3,1229
2713,36,3,847
2714,14,2,1157
2715,17,1,902
2716,16,1,1416
2716,47,1,954
2717,40,3,1066
2718,22,1,892
2719,3,2,748
2720,10,3,913
2720,48,3,553
2721,15,2,439
2721,4,1,516
2721,38,2,1061
2722,14,1,1157
2722,44,1,1303
2723,9,1,1025
2724,31,2,647
2724,2,3,576
2724,32,3,611
2725,40,3,1066
2725,42,1,934
2726,23,1,784
2726,20,2,753
2727,47,2,954
2728,22,1,892
2729,5,3,1051
2729,44,2,1303
2730,44,2,1303
2730,35,1,815
2731,49,1,1172
2732,37,2,1229
2733,33,2,943
2733,36,1,847
2734,26,1,1135
2734,33,2,943
2735,12,3,1432
2735,9,1,1025
2736,15,1,439
2736,36,3,847
2736,19,3,718
2737,50,1,998
2737,18,1,649
2738,2,3,576
2738,31,2,647
2739,37,1,1229
2739,13,2,954
2740,3,2,748
2741,29,1,1062
2741,30,1,549
2741,18,2,649
2742,3,2,748
2742,37,3,1229
2743,37,2,1229
2743,8,3,588
2744,7,2,332
2745,34,2,1107
2745,43,1,1149
2746,18,3,649
2746,50,3,998
2746,23,1,784
2747,24,3,946
2748,12,1,1432
2748,2,3,576
2749,1,2,1038
2749,23,2,784
2750,29,1,1062
2750,26,2,1135
2750,47,3,954
2751,4,3,516
2751,15,1,439
2751,29,1,1062
2752,12,2,1432
2752,33,3,943
2752,20,2,753
2753,46,2,625
2753,34,3,1107
2754,42,1,934
2754,35,2,815
2754,19,3,718
2755,8,3,588
2755,24,3,946
2755,15,3,439
2756,8,2,588
2756,50,1,998
2757,36,3,847
2758,26,2,1135
2758,43,3,1149
2759,12,1,1432
2759,32,3,611
2759,3,3,748
2760,15,2,439
2761,9,1,1025
2761,31,2,647
2762,2,2,576
2762,4,1,516
2762,28,3,1057
2763,25,1,737
2763,47,1,954
2764,39,1,1068
2765,26,2,1135
2765,49,2,1172
2766,21,2,736
2766,48,1,553
2766,27,3,1283
2767,13,3,954
2767,11,2,1047
2767,23,1,784
2768,15,3,439
2769,22,2,892
2769,30,3,549
2769,2,2,576
2770,42,2,934
2771,5,3,1051
2771,21,2,736
2771,23,1,784
2772,30,2,549
2772,19,3,718
2773,26,2,1135
2773,48,2,553
2774,45,2,561
2774,2,1,576
2775,8,2,588
2775,15,2,439
2776,32,1,611
2776,46,2,625
2776,42,3,934
2777,31,2,647
2777,11,2,1047
2778,22,2,892
2779,33,1,943
2779,31,3,647
2779,27,2,1283
2780,37,1,1229
2780,14,1,1157
2781,6,2,1306
2782,29,1,1062
2782,9,2,1025
2783,44,3,1303
2783,29,2,1062
2783,29,3,1062
2784,6,3,1306
2785,40,1,1066
2785,9,2,1025
2785,8,3,588
2786,41,3,910
2787,22,3,892
2787,2,2,576
2788,9,1,1025
2789,24,3,946
2789,49,3,1172
2789,7,2,332
2790,46,3,625
2791,43,1,1149
2791,9,2,1025
2791,43,1,1149
2792,46,2,625
2793,5,2,1051
2794,32,3,611
2795,2,2,576
2795,14,3,1157
2796,2,2,576
2797,1,2,1038
2797,29,3,1062
2797,32,3,611
2798,32,1,611
2798,7,3,332
2799,20,1,753
2799,33,3,943
2799,1,1,1038
2800,14,1,1157
2801,29,1,1062
2801,35,1,815
2802,13,3,954
2802,48,2,553
2802,48,1,553
2803,11,1,1047
2803,38,2,1061
2804,7,2,332
2804,6,2,1306
2804,31,2,647
2805,24,3,946
2805,3,1,748
2806,33,2,943
2806,44,3,1303
2807,10,2,913
2808,31,1,647
2808,27,3,1283
2809,34,1,1107
2810,26,2,1135
2810,19,2,718
2811,44,3,1303
2811,38,2,1061
2811,11,1,1047
2812,47,2,954
2812,12,3,1432
2813,25,3,737
2813,34,2,1107
2813,40,1,1066
2814,44,2,1303
2815,1,3,1038
2816,48,3,553
2816,13,1,954
2817,31,2,647
2817,2,1,576
2817,41,3,910
2818,43,1,1149
2819,12,3,1432
2819,13,3,954
2820,8,3,588
2820,37,2,1229
2821,42,2,934
2821,9,2,1025
2822,12,1,1432
2823,7,3,332
2823,10,2,913
2824,3,3,748
2824,25,3,737
2824,38,2,1061
2825,8,3,588
2825,32,1,611
2825,4,3,516
2826,8,1,588
2826,23,2,784
2826,5,1,1051
2827,25,1,737
2827,7,2,332
2828,46,3,625
2828,21,2,736
2828,13,1,954
2829,41,3,910
2829,2,2,576
2830,27,3,1283
2830,6,2,1306
2830,17,3,902
2831,47,3,954
2831,42,1,934
2832,47,3,954
2832,4,2,516
2832,12,2,1432
2833,44,2,1303
2834,50,1,998
2835,7,2,332
2835,5,1,1051
2836,9,2,1025
2836,46,3,625
2837,38,2,1061
2838,31,1,647
2838,10,3,913
2839,36,1,847
2840,16,3,1416
2840,45,1,561
2841,41,3,910
2842,12,3,1432
2842,21,3,736
2842,4,1,516
2843,15,3,439
2843,28,3,1057
2843,9,3,1025
2844,35,2,815
2844,8,2,588
2844,5,3,1051
2845,9,1,1025
2845,10,1,913
2846,45,2,561
2846,48,3,553
2847,38,3,1061
2847,31,1,647
2848,20,2,753
2849,8,1,588
2850,42,2,934
2850,5,3,1051
2851,34,3,1107
2851,11,1,1047
2852,15,2,439
2852,18,2,649
2853,33,1,943
2853,46,1,625
2853,30,1,549
2854,30,3,549
2855,12,2,1432
2855,24,1,946
2855,49,3,1172
2856,50,2,998
2857,43,2,1149
2857,19,2,718
2858,30,3,549
2858,4,3,516
2858,30,3,549
2859,24,1,946
2860,22,1,892
2861,30,2,549
2861,18,2,649
2862,3,1,748
2862,5,2,1051
2863,3,2,748
2863,47,2,954
2864,12,1,1432
2865,19,3,718
2865,12,3,1432
2865,30,3,549
2866,27,3,1283
2866,19,3,718
2867,28,2,1057
2867,6,2,1306
2867,25,1,737
2868,50,2,998
2869,27,1,1283
2869,32,3,611
2869,23,2,784
2870,49,1,1172
2871,45,2,561
2871,49,3,1172
2871,26,2,1135
2872,46,2,625
2872,34,1,1107
2873,18,3,649
2874,27,1,1283
2874,30,2,549
2874,26,2,1135
2875,35,2,815
2875,16,2,1416
2875,1,1,1038
2876,28,3,1057
2876,32,2,611
2877,15,2,439
2877,33,3,943
2878,11,2,1047
2879,42,3,934
2879,18,2,649
2880,39,3,1068
2880,42,2,934
2880,17,1,902
2881,21,3,736
2882,27,2,1283
2882,49,1,1172
2883,39,1,1068
2883,4,1,516
2883,30,3,549
2884,28,2,1057
2885,36,1,847
2885,16,3,1416
2885,32,2,611
2886,30,3,549
2887,37,3,1229
2887,28,1,1057
2888,25,2,737
2888,31,2,647
2889,4,2,516
2889,49,1,1172
2889,20,2,753
2890,27,3,1283
2891,13,3,954
2891,5,1,1051
2892,30,3,549
2892,37,3,1229
2893,5,1,1051
2893,34,1,1107
2894,20,2,753
2894,36,1,847
2894,28,2,1057
2895,10,3,913
2895,47,2,954
2895,31,2,647
2896,25,2,737
2897,26,2,1135
2897,19,1,718
2898,5,3,1051
2898,38,1,1061
2898,43,3,1149
2899,15,2,439
2900,42,2,934
2901,46,3,625
2901,32,2,611
2902,8,2,588
2902,19,3,718
2902,26,1,1135
2903,26,2,1135
2903,23,1,784
2904,1,3,1038
2904,2,1,576
2905,18,1,649
2906,1,3,1038
2906,4,3,516
2906,1,2,1038
2907,35,1,815
2907,37,3,1229
2908,29,2,1062
2908,22,1,892
2908,8,1,588
2909,41,3,910
2909,34,1,1107
2910,12,2,1432
2910,9,2,1025
2910,36,3,847
2911,11,3,1047
2911,44,3,1303
2911,37,2,1229
2912,44,2,1303
2912,29,1,1062
2912,34,3,1107
2913,20,1,753
2913,48,2,553
2913,16,2,1416
2914,3,3,748
2914,7,2,332
2915,6,3,1306
2915,17,3,902
2915,6,2,1306
2916,39,2,1068
2916,42,3,934
2916,21,1,736
2917,44,3,1303
2917,1,1,1038
2918,37,2,1229
2918,47,1,954
2918,4,3,516
2919,34,1,1107
2919,24,2,946
2919,10,1,913
2920,20,3,753
2920,4,2,516
2920,44,2,1303
2921,14,1,1157
2921,42,2,934
2921,49,2,1172
2922,2,2,576
2922,31,2,647
2922,17,3,902
2923,30,2,549
2923,15,1,439
2923,28,3,1057
2924,37,1,1229
2925,16,2,1416
2925,12,3,1432
2926,20,2,753
2926,40,2,1066
2926,43,3,1149
2927,45,2,561
2927,11,1,1047
2928,36,2,847
2928,39,3,1068
2928,7,1,332
2929,41,2,910
2929,49,2,1172
2929,3,3,748
2930,19,1,718
2930,3,2,748
2930,40,1,1066
2931,10,1,913
2932,13,3,954
2932,11,1,1047
2932,20,2,753
2933,47,1,954
2933,16,1,1416
2933,30,3,549
2934,43,1,1149
2934,38,1,1061
2935,29,1,1062
2935,24,1,946
2935,47,2,954
2936,29,1,1062
2936,37,1,1229
2937,18,2,649
2937,23,3,784
2937,10,1,913
2938,4,1,516
2938,24,3,946
2939,3,2,748
2939,47,1,954
2939,49,1,1172
2940,30,3,549
2940,4,2,516
2940,36,3,847
2941,47,3,954
2941,41,3,910
2941,10,3,913
2942,23,3,784
2942,17,2,902
2943,2,2,576
2943,23,3,784
2944,30,3,549
2944,13,2,954
2944,23,1,784
2945,48,2,553
2945,17,1,902
2945,33,1,943
2946,14,3,1157
2947,9,3,1025
2947,1,3,1038
2948,25,1,737
2948,31,2,647
2948,37,2,1229
2949,39,1,1068
2949,16,2,1416
2950,7,1,332
2950,8,3,588
2950,16,1,1416
2951,19,3,718
2951,22,1,892
2952,13,3,954
2953,6,2,1306
2954,47,3,954
2954,7,2,332
2955,6,3,1306
2955,8,3,588
2956,39,2,1068
2956,6,1,1306
2956,33,2,943
2957,12,3,1432
2957,34,1,1107
2957,27,1,1283
2958,27,1,1283
2958,25,2,737
2958,20,2,753
2959,12,1,1432
2960,5,1,1051
2961,37,3,1229
2961,10,3,913
2962,37,1,1229
2962,18,2,649
2962,30,3,549
2963,27,2,1283
2964,10,1,913
2965,8,2,588
2965,36,3,847
2966,15,2,439
2966,12,3,1432
2966,47,2,954
2967,27,2,1283
2967,23,3,784
2967,41,1,910
2968,37,1,1229
2969,1,3,1038
2969,20,1,753
2970,6,3,1306
2971,12,3,1432
2971,39,1,1068
2972,47,1,954
2972,2,3,576
2973,45,3,561
2974,27,2,1283
2974,1,2,1038
2974,18,2,649
2975,42,3,934
2976,16,2,1416
2977,10,1,913
2978,24,3,946
2979,17,3,902
2979,22,1,892
2980,38,2,1061
2980,7,2,332
2980,19,2,718
2981,19,1,718
2982,8,2,588
2982,8,3,588
2982,5,2,1051
2983,31,1,647
2983,31,3,647
2983,45,2,561
2984,36,2,847
2985,20,1,753
2985,19,3,718
2985,45,3,561
2986,42,3,934
2986,40,2,1066
2986,18,3,649
2987,48,1,553
2987,25,2,737
2987,42,2,934
2988,16,3,1416
2989,6,1,1306
2990,45,2,561
2990,15,3,439
2990,18,1,649
2991,26,2,1135
2991,26,2,1135
2992,40,2,1066
2992,25,1,737
2992,19,1,718
2993,50,1,998
2993,25,3,737
2993,50,2,998
2994,29,3,1062
2995,17,3,902
2995,33,3,943
2996,48,2,553
2996,8,2,588
2997,28,1,1057
2998,34,2,1107
2998,41,3,910
2999,49,3,1172
3000,47,3,954
3001,27,1,1283
3001,17,1,902
3002,45,1,561
3002,29,1,1062
3002,17,2,902
3003,43,3,1149
3003,2,1,576
3004,16,1,1416
3005,9,2,1025
3005,22,3,892
3006,4,1,516
3006,26,3,1135
3006,11,3,1047
3007,29,1,1062
3008,8,3,588
3009,49,2,1172
3010,37,2,1229
3011,23,2,784
3011,37,1,1229
3012,9,2,1025
3013,32,1,611
3013,10,1,913
3013,9,3,1025
3014,12,3,1432
3015,37,2,1229
3015,46,2,625
3015,5,2,1051
3016,26,1,1135
3016,23,3,784
3016,31,1,647
3017,11,1,1047
3017,22,3,892
3018,13,2,954
3019,27,1,1283
3019,11,1,1047
3020,36,1,847
3021,27,2,1283
3022,36,3,847
3022,17,3,902
3023,31,2,647
3024,5,2,1051
3024,4,1,516
3025,11,3,1047
3025,14,1,1157
3025,1,1,1038
3026,35,1,815
3027,3,1,748
3028,9,3,1025
3028,33,1,943
3028,34,1,1107
3029,6,3,1306
3030,39,2,1068
3031,1,1,1038
3031,18,2,649
3031,9,1,1025
3032,35,1,815
3033,11,3,1047
3033,1,1,1038
3034,39,1,1068
3034,47,1,954
3035,27,1,1283
3035,8,1,588
3036,41,2,910
3037,14,2,1157
3037,2,1,576
3037,26,1,1135
3038,10,1,913
3038,42,1,934
3039,49,1,1172
3039,7,3,332
3040,47,1,954
3040,22,1,892
3041,39,3,1068
3041,5,2,1051
3041,1,2,1038
3042,37,2,1229
3042,30,3,549
3042,8,1,588
3043,25,1,737
3043,16,3,1416
3044,11,3,1047
3045,15,2,439
3045,8,2,588
3046,28,2,1057
3046,49,2,1172
3046,9,3,1025
3047,47,1,954
3048,25,1,737
3049,48,3,553
3050,21,1,736
3050,47,3,954
3050,39,1,1068
3051,9,1,1025
3051,49,3,1172
3052,22,2,892
3052,6,1,1306
3052,27,2,1283
3053,8,1,588
3053,18,3,649
3053,3,3,748
3054,39,2,1068
3054,28,3,1057
3055,29,2,1062
3056,32,3,611
3056,10,2,913
3057,36,1,847
3057,50,2,998
3058,23,3,784
3058,11,2,1047
3058,40,2,1066
3059,12,3,1432
3059,49,2,1172
3060,14,3,1157
3061,14,1,1157
3061,37,2,1229
3062,29,1,1062
3062,32,3,611
3062,29,2,1062
3063,27,1,1283
3063,36,3,847
3063,9,3,1025
3064,30,3,549
3064,3,1,748
3064,42,2,934
3065,18,1,649
3066,38,2,1061
3067,41,2,910
3068,23,3,784
3068,40,1,1066
3068,22,1,892
3069,6,1,1306
3070,14,2,1157
3071,8,1,588
3071,33,2,943
3072,8,1,588
3072,47,2,954
3072,18,1,649
3073,30,3,549
3074,31,1,647
3074,12,1,1432
3075,12,3,1432
3075,9,2,1025
3076,26,2,1135
3076,27,2,1283
3076,5,1,1051
3077,16,3,1416
3078,25,2,737
3078,49,1,1172
3079,11,1,1047
3080,14,1,1157
3080,7,3,332
3081,34,1,1107
3082,23,1,784
3082,40,3,1066
3082,28,1,1057
3083,25,1,737
3083,43,3,1149
3083,26,1,1135
3084,17,1,902
3084,5,1,1051
3085,7,1,332
3086,44,1,1303
3086,32,3,611
3086,19,3,718
3087,23,1,784
3087,36,2,847
3088,16,2,1416
3088,49,2,1172
3088,6,2,1306
3089,12,3,1432
3089,44,1,1303
3090,33,1,943
3090,42,3,934
3091,24,2,946
3091,32,2,611
3091,42,2,934
3092,36,1,847
3092,50,3,998
3092,13,2,954
3093,34,2,1107
3093,16,1,1416
3093,45,1,561
3094,28,3,1057
3095,21,2,736
3095,40,2,1066
3096,7,1,332
3096,25,1,737
3097,11,3,1047
3097,10,2,913
3097,32,2,611
3098,2,3,576
3098,35,1,815
3098,1,3,1038
3099,15,2,439
3099,11,1,1047
3099,42,1,934
3100,42,3,934
3100,43,1,1149
3100,43,2,1149
3101,49,1,1172
3102,6,1,1306
3103,20,3,753
3103,20,1,753
3103,2,2,576
3104,29,2,1062
3104,14,1,1157
3105,15,3,439
3105,25,2,737
3106,30,2,549
3106,38,2,1061
3107,2,3,576
3108,10,2,913
3108,43,1,1149
3109,42,3,934
3110,21,3,736
3110,9,2,1025
3110,23,2,784
3111,11,1,1047
3111,46,3,625
3112,15,3,439
3112,43,3,1149
3112,6,1,1306
3113,36,1,847
3113,20,3,753
3113,37,3,1229
3114,23,2,784
3115,35,1,815
3115,40,1,1066
3116,40,1,1066
3116,23,1,784
3116,24,2,946
3117,2,2,576
3117,29,1,1062
3118,39,1,1068
3118,3,3,748
3118,22,1,892
3119,7,3,332
3119,39,1,1068
3120,27,1,1283
3121,9,3,1025
3121,30,1,549
3121,21,3,736
3122,25,3,737
3122,31,1,647
3122,29,2,1062
3123,36,1,847
3124,43,1,1149
3124,47,3,954
3125,33,2,943
3125,10,3,913
3125,9,2,1025
3126,8,3,588
3126,30,1,549
3127,40,3,1066
3127,48,1,553
3127,21,1,736
3128,39,2,1068
3128,38,3,1061
3129,44,3,1303
3129,31,1,647
3129,45,3,561
3130,9,1,1025
3130,42,1,934
3130,25,2,737
3131,24,2,946
3131,41,1,910
3131,7,3,332
3132,23,1,784
3133,37,2,1229
3133,11,1,1047
3133,39,3,1068
3134,9,1,1025
3135,18,3,649
3135,10,2,913
3135,32,2,611
3136,36,1,847
3136,2,1,576
3136,41,3,910
3137,22,1,892
3138,16,2,1416
3139,49,1,1172
3140,17,1,902
3140,31,1,647
3141,44,2,1303
3141,36,1,847
3141,13,3,954
3142,10,3,913
3142,26,3,1135
3142,3,1,748
3143,5,3,1051
3144,17,2,902
3144,10,3,913
3145,16,1,1416
3145,50,3,998
3146,30,2,549
3146,19,2,718
3147,39,3,1068
3147,12,2,1432
3147,13,2,954
3148,48,3,553
3148,36,3,847
3148,3,3,748
3149,19,3,718
3149,18,1,649
3149,41,1,910
3150,50,2,998
3150,6,2,1306
3151,44,3,1303
3151,17,1,902
3152,27,2,1283
3152,37,3,1229
3152,25,3,737
3153,40,2,1066
3154,6,1,1306
3155,31,2,647
3155,5,1,1051
3156,2,2,576
3156,8,1,588
3157,49,3,1172
3157,47,2,954
3157,43,1,1149
3158,35,1,815
3158,43,1,1149
3158,8,1,588
3159,47,3,954
3159,45,2,561
3160,18,2,649
3160,12,2,1432
3161,47,3,954
3161,40,2,1066
3162,14,3,1157
3162,48,2,553
3162,35,3,815
3163,7,2,332
3163,31,2,647
3164,46,3,625
3165,37,1,1229
3165,50,2,998
3166,14,2,1157
3166,13,2,954
3167,31,2,647
3167,42,2,934
3167,3,3,748
3168,38,1,1061
3168,36,1,847
3169,2,2,576
3169,6,2,1306
3170,45,1,561
3170,27,2,1283
3170,25,1,737
3171,13,3,954
3172,15,3,439
3172,50,1,998
3173,24,3,946
3173,2,1,576
3173,30,2,549
3174,9,1,1025
3174,43,2,1149
3175,12,1,1432
3176,10,1,913
3176,38,1,1061
3176,18,1,649
3177,30,1,549
3178,15,2,439
3178,34,2,1107
3178,31,2,647
3179,23,2,784
3179,16,2,1416
3180,2,3,576
3180,18,1,649
3181,20,3,753
3181,41,1,910
3182,28,1,1057
3183,32,2,611
3183,24,3,946
3184,35,1,815
3184,17,2,902
3184,21,3,736
3185,13,3,954
3186,26,3,1135
3186,18,1,649
3187,35,3,815
3187,40,1,1066
3188,17,3,902
3189,42,3,934
3189,48,2,553
3190,11,2,1047
3190,35,3,815
3191,3,2,748
3191,36,3,847
3191,6,2,1306
3192,21,3,736
3193,23,1,784
3193,34,3,1107
3193,3,2,748
3194,38,2,1061
3195,34,2,1107
3195,18,2,649
3196,27,3,1283
3197,5,2,1051
3197,33,2,943
3197,41,1,910
3198,11,1,1047
3198,34,2,1107
3198,4,2,516
3199,20,1,753
3199,12,1,1432
3199,44,2,1303
3200,7,3,332
3200,13,3,954
3200,14,2,1157
3201,33,3,943
3202,31,3,647
3203,39,2,1068
3203,28,3,1057
3204,48,2,553
3205,11,2,1047
3205,36,3,847
3206,42,1,934
3206,6,1,1306
3207,6,1,1306
3208,49,3,1172
3208,11,3,1047
3208,26,2,1135
3209,16,2,1416
3209,42,2,934
3210,18,2,649
3211,38,3,1061
3211,35,2,815
3211,12,2,1432
3212,2,1,576
3212,12,1,1432
3213,4,3,516
3213,28,1,1057
3214,47,2,954
3215,39,3,1068
3215,16,2,1416
3216,28,1,1057
3216,50,1,998
3216,29,1,1062
3217,37,1,1229
3217,22,2,892
3218,48,2,553
3218,17,2,902
3218,15,3,439
3219,14,2,1157
3219,23,1,784
3219,21,3,736
3220,32,1,611
3221,26,1,1135
3222,16,2,1416
3222,15,2,439
3223,45,3,561
3223,28,2,1057
3223,7,1,332
3224,45,1,561
3225,49,3,1172
3226,11,2,1047
3227,23,3,784
3227,16,1,1416
3228,43,2,1149
3228,36,2,847
3228,2,3,576
3229,48,1,553
3229,15,1,439
3229,29,3,1062
3230,11,3,1047
3230,46,1,625
3231,35,2,815
3232,19,3,718
3232,13,3,954
3233,12,1,1432
3233,1,1,1038
3234,33,1,943
3234,35,3,815
3234,32,3,611
3235,44,2,1303
3235,3,1,748
3235,2,2,576
3236,8,1,588
3237,33,1,943
3238,1,2,1038
3238,14,1,1157
3238,20,2,753
3239,43,3,1149
3239,33,2,943
3240,17,1,902
3240,7,3,332
3241,24,3,946
3242,5,2,1051
3243,18,1,649
3243,5,3,1051
3243,39,1,1068
3244,48,3,553
3245,50,3,998
3245,29,2,1062
3246,2,2,576
3246,9,3,1025
3246,47,2,954
3247,20,3,753
3247,23,1,784
3247,33,1,943
3248,46,1,625
3249,26,2,1135
3249,13,3,954
3249,16,1,1416
3250,20,3,753
3251,39,3,1068
3252,19,3,718
3252,27,3,1283
3252,17,3,902
3253,46,2,625
3253,46,2,625
3254,12,2,1432
3254,35,1,815
3254,42,1,934
3255,18,3,649
3255,15,2,439
3256,2,2,576
3257,43,3,1149
3257,37,1,1229
3258,9,2,1025
3258,37,2,1229
3258,46,3,625
3259,46,1,625
3259,32,1,611
3259,4,1,516
3260,41,2,910
3260,31,1,647
3260,4,3,516
3261,16,3,1416
3261,27,3,1283
3261,36,3,847
3262,29,1,1062
3263,49,2,1172
3263,31,3,647
3263,10,3,913
3264,10,2,913
3264,5,2,1051
3264,12,3,1432
3265,33,2,943
3266,22,2,892
3266,2,2,576
3267,4,1,516
3267,12,1,1432
3267,50,3,998
3268,47,3,954
3268,7,1,332
3268,16,1,1416
3269,23,2,784
3270,44,3,1303
3270,11,2,1047
3270,41,1,910
3271,37,1,1229
3271,43,3,1149
3272,10,1,913
3273,16,2,1416
3273,20,1,753
3274,44,2,1303
3275,24,3,946
3275,29,3,1062
3275,36,1,847
3276,43,1,1149
3277,35,3,815
3277,7,3,332
3278,44,3,1303
3279,3,3,748
3279,32,2,611
3279,10,3,913
3280,11,2,1047
3280,39,3,1068
3281,43,2,1149
3281,25,3,737
3281,5,2,1051
3282,4,3,516
3282,49,3,1172
3282,36,3,847
3283,41,1,910
3283,2,1,576
3284,20,1,753
3284,12,1,1432
3285,47,3,954
3285,28,1,1057
3285,14,1,1157
3286,23,2,784
3287,1,2,1038
3287,41,1,910
3288,43,3,1149
3289,34,1,1107
3289,5,3,1051
3290,22,1,892
3290,24,1,946
3290,35,2,815
3291,35,3,815
3292,17,1,902
3292,33,1,943
3292,40,1,1066
3293,41,3,910
3293,10,1,913
3294,33,1,943
3294,36,1,847
3295,50,2,998
3295,27,3,1283
3295,19,1,718
3296,10,2,913
3296,26,1,1135
3297,36,2,847
3298,25,1,737
3299,44,3,1303
3299,45,2,561
3299,20,2,753
3300,40,1,1066
3300,36,2,847
3301,24,2,946
3301,38,2,1061
3301,32,1,611
3302,47,2,954
3302,5,3,1051
3303,28,2,1057
3304,3,3,748
3304,12,1,1432
3304,11,3,1047
3305,47,3,954
3305,33,1,943
3305,40,3,1066
3306,39,3,1068
3306,28,1,1057
3307,47,3,954
3308,45,3,561
3308,45,3,561
3309,34,3,1107
3309,8,3,588
3309,24,3,946
3310,15,2,439
3311,19,3,718
3312,26,1,1135
3312,50,3,998
3313,29,3,1062
3314,3,3,748
3314,33,1,943
3315,19,1,718
3315,42,3,934
3315,31,3,647
3316,31,1,647
3316,43,2,1149
3317,16,1,1416
3317,21,1,736
3318,11,2,1047
3318,39,2,1068
3318,38,2,1061
3319,36,3,847
3319,26,1,1135
3320,49,3,1172
3320,9,3,1025
3320,46,1,625
3321,33,3,943
3321,7,3,332
3321,45,1,561
3322,16,1,1416
3322,28,2,1057
3323,29,2,1062
3324,39,2,1068
3324,1,1,1038
3325,41,2,910
3325,49,3,1172
3325,21,2,736
3326,5,1,1051
3326,40,1,1066
3326,16,2,1416
3327,26,2,1135
3328,38,2,1061
3329,27,3,1283
3329,29,2,1062
3329,43,2,1149
3330,16,3,1416
3331,5,2,1051
3331,12,3,1432
3331,5,3,1051
3332,14,3,1157
3332,37,2,1229
3333,10,3,913
3333,3,1,748
3333,18,1,649
3334,20,3,753
3334,6,1,1306
3335,35,1,815
3335,3,2,748
3335,26,2,1135
3336,22,3,892
3337,27,2,1283
3338,48,2,553
3339,1,1,1038
3339,21,2,736
3339,44,3,1303
3340,49,3,1172
3340,11,3,1047
3340,46,1,625
3341,5,3,1051
3341,33,1,943
3341,29,3,1062
3342,9,1,1025
3343,29,3,1062
3343,40,3,1066
3344,24,2,946
3344,13,2,954
3344,30,2,549
3345,4,1,516
3345,48,3,553
3345,26,1,1135
3346,1,3,1038
3346,32,1,611
3346,37,2,1229
3347,32,3,611
3347,50,2,998
3347,22,1,892
3348,33,2,943
3348,14,2,1157
3349,9,3,1025
3350,38,2,1061
3350,24,1,946
3351,3,3,748
3351,15,3,439
3352,21,1,736
3352,15,1,439
3352,47,1,954
3353,18,2,649
3353,2,3,576
3353,13,3,954
3354,8,1,588
3355,40,3,1066
3355,39,3,1068
3356,30,3,549
3356,17,2,902
3357,46,2,625
3358,11,3,1047
3359,28,3,1057
3359,14,2,1157
3359,30,1,549
3360,12,3,1432
3360,16,1,1416
3361,38,2,1061
3361,25,2,737
3361,2,3,576
3362,14,2,1157
3363,18,3,649
3364,39,3,1068
3364,16,3,1416
3364,31,1,647
3365,50,3,998
3365,48,2,553
3366,33,2,943
3366,24,1,946
3366,49,2,1172
3367,32,2,611
3367,26,3,1135
3368,30,3,549
3368,40,3,1066
3369,4,1,516
3369,48,1,553
3369,43,3,1149
3370,6,3,1306
3370,47,2,954
3371,24,3,946
3372,19,3,718
3372,49,3,1172
3373,9,3,1025
3374,14,3,1157
3375,43,2,1149
3375,43,3,1149
3376,16,3,1416
3376,26,2,1135
3377,5,3,1051
3377,49,3,1172
3378,15,3,439
3378,29,3,1062
3378,7,1,332
3379,28,3,1057
3379,48,1,553
3380,25,1,737
3380,28,1,1057
3380,32,1,611
3381,30,2,549
3381,38,1,1061
3381,32,2,611
3382,26,3,1135
3382,28,2,1057
3383,7,2,332
3383,29,2,1062
3384,25,1,737
3384,35,3,815
3385,32,3,611
3386,27,3,1283
3386,35,3,815
3387,10,1,913
3388,24,3,946
3388,26,2,1135
3389,3,3,748
3389,25,3,737
3390,34,2,1107
3390,3,2,748
3391,38,2,1061
3391,22,3,892
3391,20,2,753
3392,9,2,1025
3392,23,2,784
3392,41,2,910
3393,4,3,516
3393,27,2,1283
3394,36,1,847
3395,31,2,647
3395,33,2,943
3395,21,1,736
3396,42,3,934
3397,40,1,1066
3397,39,2,1068
3398,6,3,1306
3398,15,3,439
3399,22,2,892
3400,15,2,439
3400,19,3,718
3400,8,1,588
3401,22,3,892
3401,40,2,1066
3401,25,2,737
3402,43,1,1149
3402,33,1,943
3402,8,3,588
3403,44,3,1303
3403,20,1,753
3404,27,3,1283
3404,21,2,736
3404,47,2,954
3405,27,2,1283
3406,2,1,576
3406,45,2,561
3407,17,3,902
3407,16,1,1416
3408,33,3,943
3408,41,2,910
3408,12,1,1432
3409,4,2,516
3409,24,3,946
3410,45,1,561
3411,11,2,1047
3411,2,3,576
3411,8,3,588
3412,26,1,1135
3412,50,1,998
3412,22,2,892
3413,47,1,954
3413,2,1,576
3414,18,2,649
3414,7,2,332
3414,7,3,332
3415,12,3,1432
3415,36,1,847
3416,14,1,1157
3416,2,1,576
3417,46,1,625
3418,25,1,737
3419,9,2,1025
3419,10,2,913
3420,49,3,1172
3421,37,2,1229
3422,6,2,1306
3423,21,2,736
3423,46,3,625
3424,45,1,561
3424,14,3,1157
3425,15,1,439
3425,7,1,332
3426,28,3,1057
3426,17,2,902
3426,9,1,1025
3427,13,3,954
3428,21,2,736
3429,26,3,1135
3429,8,3,588
3430,21,3,736
3431,38,3,1061
3431,25,3,737
3432,39,1,1068
3432,41,3,910
3433,3,2,748
3433,10,1,913
3433,31,1,647
3434,16,1,1416
3435,20,1,753
3435,44,1,1303
3435,28,2,1057
3436,41,3,910
3436,42,1,934
3437,31,2,647
3438,15,2,439
3438,38,2,1061
3439,49,1,1172
3439,26,3,1135
3439,32,2,611
3440,31,2,647
3440,38,3,1061
3440,5,3,1051
3441,47,3,954
3441,9,1,1025
3442,41,3,910
3442,18,1,649
3442,12,2,1432
3443,42,2,934
3443,35,2,815
3444,8,1,588
3444,6,2,1306
3445,44,3,1303
3445,31,3,647
3445,31,3,647
3446,50,2,998
3446,42,3,934
3446,49,3,1172
3447,33,1,943
3447,24,1,946
3448,18,1,649
3448,19,3,718
3449,41,3,910
3449,21,2,736
3450,47,3,954
3450,11,1,1047
3451,9,3,1025
3452,3,1,748
3453,19,1,718
3453,29,3,1062
3453,36,2,847
3454,25,3,737
3454,16,3,1416
3455,2,1,576
3456,29,1,1062
3457,8,3,588
3457,25,3,737
3457,41,1,910
3458,16,3,1416
3458,3,2,748
3458,38,3,1061
3459,2,3,576
3460,48,1,553
3460,35,3,815
3461,23,2,784
3461,26,2,1135
3461,5,2,1051
3462,10,2,913
3462,16,1,1416
3462,37,2,1229
3463,49,3,1172
3464,49,1,1172
3465,10,1,913
3466,1,1,1038
3466,4,2,516
3467,3,2,748
3467,38,3,1061
3468,37,3,1229
3468,45,3,561
3468,42,1,934
3469,7,2,332
3469,27,1,1283
3470,42,1,934
3470,23,1,784
3470,1,3,1038
3471,38,1,1061
3471,1,1,1038
3471,36,2,847
3472,11,1,1047
3472,42,3,934
3472,25,3,737
3473,32,1,611
3473,2,1,576
3474,48,1,553
3474,10,2,913
3474,3,2,748
3475,27,3,1283
3475,21,1,736
3475,12,3,1432
3476,24,3,946
3477,39,2,1068
3478,39,3,1068
3478,50,2,998
3478,2,3,576
3479,26,1,1135
3479,9,1,1025
3480,31,2,647
3480,9,1,1025
3480,15,3,439
3481,30,1,549
3482,39,3,1068
3483,43,2,1149
3483,10,2,913
3483,3,3,748
3484,50,3,998
3485,3,2,748
3485,31,2,647
3485,15,1,439
3486,46,3,625
3486,38,1,1061
3487,8,3,588
3487,26,3,1135
3487,43,2,1149
3488,19,3,718
3488,41,2,910
3489,5,3,1051
3489,45,2,561
3490,14,3,1157
3491,50,1,998
3491,12,1,1432
3492,16,2,1416
3492,33,1,943
3493,26,3,1135
3493,41,3,910
3494,15,1,439
3494,25,2,737
3495,42,1,934
3495,42,3,934
3496,11,1,1047
3496,43,2,1149
3496,5,3,1051
3497,41,3,910
3497,41,2,910
3497,5,1,1051
3498,4,3,516
3499,21,3,736
3499,7,2,332
3500,47,2,954
3500,21,1,736
3501,37,3,1229
3501,37,3,1229
3502,24,1,946
3502,32,3,611
3502,31,1,647
3503,12,1,1432
3503,36,2,847
3503,5,2,1051
3504,12,3,1432
3504,9,2,1025
3504,1,2,1038
3505,18,1,649
3505,28,1,1057
3505,46,3,625
3506,39,1,1068
3506,23,3,784
3506,9,2,1025
3507,41,3,910
3508,36,1,847
3509,5,2,1051
3509,47,3,954
3509,23,1,784
3510,36,1,847
3511,19,2,718
3512,29,3,1062
3512,33,1,943
3513,47,1,954
3513,19,2,718
3514,29,3,1062
3514,47,1,954
3515,10,2,913
3516,30,2,549
3517,28,3,1057
3518,20,3,753
3518,48,1,553
3519,10,3,913
3520,48,2,553
3520,33,1,943
3520,34,2,1107
3521,24,1,946
3521,21,2,736
3522,22,1,892
3522,21,2,736
3523,4,3,516
3523,18,1,649
3523,17,2,902
3524,27,3,1283
3524,19,2,718
3524,14,3,1157
3525,17,1,902
3525,42,1,934
3526,30,1,549
3526,28,3,1057
3526,26,2,1135
3527,35,3,815
3527,17,2,902
3527,10,3,913
3528,8,3,588
3528,27,2,1283
3528,7,2,332
3529,15,2,439
3529,13,3,954
3530,8,2,588
3531,4,3,516
3532,40,3,1066
3532,9,1,1025
3533,40,3,1066
3534,34,1,1107
3535,15,3,439
3535,1,1,1038
3535,37,3,1229
3536,3,2,748
3537,38,3,1061
3538,14,3,1157
3539,34,3,1107
3540,7,3,332
3541,47,1,954
3541,21,3,736
3542,50,2,998
3542,10,1,913
3542,40,3,1066
3543,10,1,913
3544,18,3,649
3544,29,1,1062
3544,44,3,1303
3545,19,1,718
3545,38,3,1061
3546,6,3,1306
3546,49,3,1172
3546,13,2,954
3547,46,2,625
3547,29,2,1062
3547,45,1,561
3548,49,1,1172
3548,43,2,1149
3548,13,1,954
3549,24,3,946
3549,37,3,1229
3550,30,2,549
3550,34,2,1107
3551,42,1,934
3552,9,1,1025
3552,22,2,892
3553,49,1,1172
3553,38,3,1061
3554,12,3,1432
3554,10,1,913
3554,4,2,516
3555,4,1,516
3556,13,3,954
3556,38,1,1061
3556,33,1,943
3557,24,1,946
3557,3,3,748
3558,10,3,913
3558,15,1,439
3559,45,3,561
3559,42,1,934
3559,24,1,946
3560,29,1,1062
3561,32,3,611
3561,34,2,1107
3562,12,1,1432
3562,28,2,1057
3563,41,3,910
3563,17,2,902
3563,7,2,332
3564,42,3,934
3565,29,1,1062
3565,38,3,1061
3565,40,1,1066
3566,14,1,1157
3567,46,2,625
3568,21,2,736
3568,40,2,1066
3568,37,2,1229
3569,27,2,1283
3569,15,1,439
3570,38,2,1061
3570,2,3,576
3571,8,3,588
3571,3,3,748
3571,9,2,1025
3572,24,1,946
3572,11,2,1047
3572,1,3,1038
3573,20,2,753
3574,24,3,946
3575,1,3,1038
3575,24,2,946
3576,3,3,748
3576,24,2,946
3576,21,2,736
3577,42,1,934
3577,16,3,1416
3578,12,3,1432
3579,11,3,1047
3580,24,3,946
3580,33,1,943
3580,1,3,1038
3581,7,1,332
3581,50,3,998
3581,1,2,1038
3582,4,2,516
3582,31,2,647
3582,12,2,1432
3583,29,3,1062
3584,21,1,736
3584,32,3,611
3584,43,2,1149
3585,8,3,588
3585,1,3,1038
3586,45,2,561
3587,26,1,1135
3588,1,3,1038
3588,21,2,736
3588,20,3,753
3589,30,2,549
3589,35,3,815
3590,26,3,1135
3590,21,3,736
3591,48,3,553
3592,39,1,1068
3592,24,3,946
3592,35,2,815
3593,16,2,1416
3593,20,3,753
3594,14,3,1157
3594,33,2,943
3594,12,2,1432
3595,49,3,1172
3595,31,1,647
3596,26,1,1135
3596,2,3,576
3596,16,1,1416
3597,30,1,549
3598,12,2,1432
3598,41,1,910
3599,25,2,737
3599,48,1,553
3600,20,3,753
3600,13,1,954
3600,28,2,1057
3601,34,2,1107
3602,2,3,576
3603,35,2,815
3603,7,2,332
3603,42,2,934
3604,27,1,1283
3604,27,3,1283
3605,35,1,815
3605,39,2,1068
3605,28,2,1057
3606,33,1,943
3606,10,2,913
3607,3,2,748
3608,19,3,718
3608,37,1,1229
3609,32,1,611
3609,32,2,611
3609,31,2,647
3610,41,2,910
3610,43,3,1149
3610,34,2,1107
3611,36,1,847
3611,43,2,1149
3612,9,2,1025
3612,1,1,1038
3612,32,3,611
3613,39,3,1068
3614,2,2,576
3614,8,3,588
3614,12,3,1432
3615,45,3,561
3615,34,2,1107
3615,17,2,902
3616,3,1,748
3617,11,2,1047
3617,49,1,1172
3618,6,3,1306
3619,8,1,588
3619,5,3,1051
3620,23,1,784
3620,14,2,1157
3621,34,1,1107
3622,46,3,625
3622,10,2,913
3623,11,1,1047
3623,22,1,892
3623,23,3,784
3624,15,2,439
3625,33,3,943
3625,29,3,1062
3626,14,3,1157
3626,21,3,736
3626,46,2,625
3627,16,2,1416
3628,13,2,954
3628,2,1,576
3628,17,2,902
3629,40,1,1066
3630,3,2,748
3630,28,2,1057
3630,17,2,902
3631,38,2,1061
3631,5,3,1051
3631,22,1,892
3632,31,3,647
3632,39,2,1068
3632,36,2,847
3633,12,2,1432
3634,32,2,611
3634,35,3,815
3635,12,2,1432
3635,38,1,1061
3636,42,2,934
3637,9,1,1025
3638,47,3,954
3638,25,1,737
3638,2,2,576
3639,23,2,784
3640,14,1,1157
3640,10,3,913
3641,9,2,1025
3641,40,3,1066
3642,46,3,625
3642,44,3,1303
3643,9,2,1025
3644,42,3,934
3644,41,1,910
3645,33,2,943
3646,40,1,1066
3646,26,2,1135
3646,22,1,892
3647,5,2,1051
3647,19,1,718
3648,12,2,1432
3648,9,3,1025
3649,33,2,943
3649,9,1,1025
3649,1,2,1038
3650,10,2,913
3651,21,1,736
3652,29,3,1062
3653,9,2,1025
3654,25,1,737
3655,25,2,737
3656,12,1,1432
3656,4,2,516
3656,33,3,943
3657,48,1,553
3658,43,3,1149
3658,38,3,1061
3659,10,1,913
3660,26,2,1135
3660,21,1,736
3661,47,2,954
3661,20,1,753
3661,38,2,1061
3662,32,3,611
3663,48,1,553
3663,50,3,998
3664,21,1,736
3664,37,3,1229
3665,29,3,1062
3666,25,3,737
3667,29,1,1062
3667,15,1,439
3667,19,3,718
3668,3,1,748
3669,44,3,1303
3669,6,3,1306
3669,19,3,718
3670,44,1,1303
3670,14,3,1157
3671,36,2,847
3671,47,1,954
3672,7,1,332
3672,35,1,815
3672,40,1,1066
3673,4,3,516
3673,18,2,649
3673,15,2,439
3674,23,2,784
3675,18,2,649
3675,44,2,1303
3676,14,2,1157
3677,27,1,1283
3677,4,3,516
3677,5,2,1051
3678,35,1,815
3678,20,1,753
3678,2,2,576
3679,6,3,1306
3679,7,3,332
3680,45,3,561
3680,13,1,954
3680,19,2,718
3681,45,3,561
3681,38,1,1061
3682,15,2,439
3682,10,1,913
3682,20,3,753
3683,23,3,784
3683,21,1,736
3684,50,1,998
3685,11,2,1047
3686,29,1,1062
3686,27,1,1283
3687,11,3,1047
3687,9,3,1025
3687,6,3,1306
3688,50,2,998
3688,14,2,1157
3689,5,2,1051
3689,1,3,1038
3689,5,3,1051
3690,28,3,1057
3690,33,2,943
3691,39,1,1068
3691,29,3,1062
3692,29,2,1062
3692,36,2,847
3692,8,2,588
3693,34,3,1107
3694,28,3,1057
3694,43,1,1149
3695,23,3,784
3695,30,3,549
3695,2,3,576
3696,12,1,1432
3696,48,3,553
3696,46,3,625
3697,1,2,1038
3698,28,2,1057
3699,19,3,718
3700,16,1,1416
3700,35,1,815
3700,36,2,847
3701,33,1,943
3701,36,2,847
3702,29,3,1062
3702,46,2,625
3702,26,1,1135
3703,42,3,934
3703,28,2,1057
3704,48,2,553
3704,27,3,1283
3704,10,1,913
3705,18,2,649
3706,19,2,718
3706,43,2,1149
3707,5,3,1051
3708,48,1,553
3708,25,3,737
3708,15,1,439
3709,4,2,516
3710,25,3,737
3710,44,1,1303
3711,30,2,549
3711,6,1,1306
3711,35,3,815
3712,41,2,910
3712,8,3,588
3713,12,1,1432
3714,7,1,332
3714,46,1,625
3714,22,2,892
3715,37,3,1229
3715,4,2,516
3716,44,3,1303
3716,8,3,588
3716,2,1,576
3717,32,1,611
3717,14,2,1157
3718,11,1,1047
3718,44,3,1303
3718,27,2,1283
3719,45,3,561
3720,24,3,946
3720,27,2,1283
3720,48,1,553
3721,22,1,892
3721,29,2,1062
3722,5,3,1051
3723,15,1,439
3723,21,1,736
3724,40,2,1066
3724,6,3,1306
3724,1,3,1038
3725,16,3,1416
3726,35,3,815
3727,37,1,1229
3728,24,2,946
3728,44,1,1303
3728,39,2,1068
3729,46,1,625
3729,42,1,934
3729,24,1,946
3730,36,1,847
3730,43,3,1149
3731,44,3,1303
3731,22,2,892
3732,30,2,549
3733,22,1,892
3734,47,1,954
3735,9,1,1025
3736,23,1,784
3737,13,3,954
3737,31,3,647
3737,29,1,1062
3738,3,2,748
3738,4,1,516
3739,16,2,1416
3739,9,2,1025
3739,26,3,1135
3740,2,2,576
3740,6,3,1306
3741,2,2,576
3742,9,3,1025
3742,18,2,649
3742,2,2,576
3743,39,3,1068
3744,48,1,553
3744,50,1,998
3745,28,2,1057
3745,7,3,332
3745,39,1,1068
3746,10,2,913
3747,22,2,892
3747,3,3,748
3747,15,3,439
3748,37,1,1229
3748,27,2,1283
3748,8,1,588
3749,21,2,736
3749,26,3,1135
3750,34,2,1107
3750,42,1,934
3750,14,2,1157
3751,44,1,1303
3752,21,3,736
3753,31,3,647
3753,36,2,847
3754,30,2,549
3754,31,1,647
3755,40,3,1066
3755,32,3,611
3756,20,2,753
3757,41,3,910
3758,38,2,1061
3759,26,1,1135
3760,39,2,1068
3761,20,2,753
3761,26,2,1135
3762,20,2,753
3762,22,1,892
3762,31,1,647
3763,15,1,439
3763,49,3,1172
3763,36,2,847
3764,47,2,954
3764,14,3,1157
3765,35,1,815
3765,21,2,736
3765,28,1,1057
3766,14,2,1157
3766,35,2,815
3767,34,3,1107
3767,23,3,784
3768,49,1,1172
3768,1,3,1038
3768,27,2,1283
3769,32,3,611
3769,28,3,1057
3770,39,1,1068
3771,41,1,910
3772,19,3,718
3773,20,3,753
3773,3,1,748
3774,10,3,913
3774,27,3,1283
3775,20,2,753
3775,47,3,954
3776,13,3,954
3777,11,2,1047
3778,10,1,913
3779,48,2,553
3780,46,1,625
3780,37,2,1229
3781,34,2,1107
3781,24,3,946
3781,31,2,647
3782,48,2,553
3783,34,1,1107
3783,6,1,1306
3783,39,1,1068
3784,49,2,1172
3785,11,3,1047
3785,3,2,748
3786,13,2,954
3786,28,1,1057
3786,30,1,549
3787,13,3,954
3788,24,3,946
3788,46,2,625
3788,1,2,1038
3789,45,1,561
3789,5,1,1051
3790,5,2,1051
3790,40,2,1066
3790,6,1,1306
3791,18,2,649
3792,30,2,549
3793,41,2,910
3794,12,1,1432
3794,45,2,561
3794,26,2,1135
3795,19,3,718
3795,45,3,561
3796,44,2,1303
3796,45,1,561
3797,24,3,946
3797,49,3,1172
3798,5,3,1051
3798,28,1,1057
3798,3,1,748
3799,14,2,1157
3799,36,1,847
3799,50,3,998
3800,14,1,1157
3801,34,2,1107
3802,50,1,998
3802,19,3,718
3802,45,1,561
3803,10,1,913
3803,26,2,1135
3804,41,3,910
3804,16,3,1416
3805,27,3,1283
3805,1,1,1038
3806,26,1,1135
3807,7,3,332
3807,46,1,625
3807,11,2,1047
3808,37,3,1229
3809,26,3,1135
3810,20,1,753
3810,41,1,910
3811,43,1,1149
3812,5,1,1051
3812,42,2,934
3813,28,2,1057
3814,36,2,847
3814,7,2,332
3815,8,3,588
3815,1,1,1038
3816,46,1,625
3817,26,3,1135
3818,33,1,943
3819,48,3,553
3820,37,2,1229
3821,43,3,1149
3822,26,1,1135
3822,8,2,588
3823,13,1,954
3823,11,3,1047
3823,1,1,1038
3824,19,1,718
3824,3,2,748
3824,28,3,1057
3825,41,3,910
3825,31,3,647
3826,46,2,625
3826,50,2,998
3826,36,2,847
3827,40,1,1066
3828,29,2,1062
3828,34,3,1107
3828,3,1,748
3829,48,1,553
3829,39,1,1068
3829,15,1,439
3830,5,1,1051
3830,4,1,516
3830,1,2,1038
3831,22,1,892
3831,34,3,1107
3831,8,1,588
3832,12,1,1432
3832,45,2,561
3833,1,3,1038
3833,25,3,737
3834,7,3,332
3835,40,3,1066
3835,20,1,753
3835,27,3,1283
3836,36,3,847
3836,41,3,910
3836,21,3,736
3837,35,2,815
3838,48,2,553
3838,9,1,1025
3839,12,2,1432
3840,9,1,1025
3841,22,1,892
3842,26,3,1135
3842,20,1,753
3842,23,1,784
3843,46,3,625
3844,35,3,815
3845,22,1,892
3846,41,1,910
3846,30,3,549
3846,12,2,1432
3847,14,3,1157
3847,18,2,649
3848,7,1,332
3849,5,3,1051
3849,6,1,1306
3849,17,3,902
3850,37,2,1229
3850,6,1,1306
3851,42,2,934
3852,37,3,1229
3852,4,3,516
3852,19,1,718
3853,13,3,954
3854,10,2,913
3854,46,3,625
3855,33,3,943
3855,9,1,1025
3856,49,3,1172
3856,4,1,516
3857,2,2,576
3858,9,1,1025
3859,36,3,847
3860,36,1,847
3860,41,3,910
3860,34,3,1107
3861,24,1,946
3862,29,1,1062
3862,39,3,1068
3862,27,2,1283
3863,42,3,934
3863,12,1,1432
3863,42,1,934
3864,43,2,1149
3864,13,1,954
3865,7,2,332
3865,46,3,625
3865,25,1,737
3866,25,3,737
3867,45,2,561
3867,34,2,1107
3868,50,3,998
3869,11,2,1047
3870,44,2,1303
3871,9,3,1025
3871,41,1,910
3871,6,1,1306
3872,40,3,1066
3873,29,3,1062
3873,27,1,1283
3874,31,2,647
3874,7,1,332
3875,40,3,1066
3876,2,3,576
3876,10,2,913
3877,36,1,847
3877,30,2,549
3878,20,1,753
3878,40,2,1066
3878,47,3,954
3879,34,2,1107
3880,23,2,784
3880,26,1,1135
3880,45,1,561
3881,35,3,815
3882,3,2,748
3882,9,2,1025
3882,16,1,1416
3883,8,3,588
3884,20,3,753
3884,29,3,1062
3885,37,2,1229
3885,2,1,576
3886,41,1,910
3886,39,1,1068
3887,24,2,946
3887,42,1,934
3888,50,3,998
3888,19,2,718
3888,22,1,892
3889,33,2,943
3889,2,2,576
3890,19,3,718
3890,26,1,1135
3890,33,3,943
3891,31,3,647
3891,37,1,1229
3892,12,3,1432
3892,45,1,561
3892,37,1,1229
3893,50,3,998
3893,35,1,815
3893,4,1,516
3894,19,3,718
3894,11,1,1047
3895,21,3,736
3895,15,1,439
3895,9,3,1025
3896,15,2,439
3896,46,3,625
3896,21,2,736
3897,42,2,934
3898,1,3,1038
3899,28,2,1057
3900,44,1,1303
3900,1,3,1038
3901,7,3,332
3901,10,3,913
3901,14,3,1157
3902,16,2,1416
3902,1,1,1038
3902,13,1,954
3903,19,3,718
3903,29,2,1062
3903,18,1,649
3904,50,1,998
3905,31,1,647
3906,18,2,649
3906,16,2,1416
3906,19,2,718
3907,35,2,815
3907,43,1,1149
3908,25,3,737
3908,20,3,753
3908,8,2,588
3909,5,2,1051
3909,33,2,943
3910,38,2,1061
3910,45,3,561
3910,37,3,1229
3911,12,1,1432
3911,1,2,1038
3911,33,3,943
3912,22,1,892
3912,14,1,1157
3913,39,1,1068
3913,5,2,1051
3913,41,1,910
3914,44,1,1303
3914,28,1,1057
3914,7,1,332
3915,17,1,902
3915,18,1,649
3915,25,1,737
3916,2,2,576
3916,24,2,946
3917,32,2,611
3917,29,1,1062
3918,43,3,1149
3918,35,2,815
3919,34,3,1107
3919,15,2,439
3920,37,1,1229
3921,17,1,902
3921,48,3,553
3922,19,3,718
3923,29,1,1062
3924,15,3,439
3924,26,2,1135
3924,35,3,815
3925,42,1,934
3925,38,2,1061
3926,14,3,1157
3926,29,3,1062
3926,25,1,737
3927,33,3,943
3928,24,1,946
3928,36,2,847
3928,38,3,1061
3929,43,3,1149
3930,32,1,611
3930,20,3,753
3930,45,1,561
3931,8,3,588
3931,16,2,1416
3931,5,1,1051
3932,47,2,954
3933,21,3,736
3934,6,1,1306
3934,17,3,902
3934,48,2,553
3935,7,1,332
3935,11,3,1047
3936,42,1,934
3937,23,2,784
3937,28,1,1057
3938,34,3,1107
3938,1,2,1038
3938,44,2,1303
3939,12,2,1432
3939,27,1,1283
3939,42,3,934
3940,33,1,943
3941,49,2,1172
3941,14,1,1157
3942,9,2,1025
3942,49,3,1172
3942,36,2,847
3943,26,2,1135
3943,39,3,1068
3943,16,2,1416
3944,45,3,561
3945,26,3,1135
3945,9,2,1025
3946,14,2,1157
3946,18,1,649
3947,38,3,1061
3948,8,2,588
3948,12,3,1432
3949,5,3,1051
3949,34,3,1107
3949,1,3,1038
3950,47,1,954
3951,34,3,1107
3952,50,3,998
3953,21,2,736
3953,32,1,611
3954,47,3,954
3955,38,3,1061
3956,34,2,1107
3957,50,1,998
3958,40,1,1066
3959,3,1,748
3959,22,3,892
3959,26,3,1135
3960,33,1,943
3961,8,3,588
3961,22,3,892
3961,9,2,1025
3962,31,1,647
3962,9,2,1025
3963,16,2,1416
3963,10,2,913
3964,25,2,737
3964,13,2,954
3965,10,1,913
3965,12,2,1432
3965,30,1,549
3966,15,3,439
3966,19,3,718
3967,26,2,1135
3968,48,3,553
3968,24,2,946
3969,8,2,588
3969,15,3,439
3970,9,3,1025
3970,48,1,553
3970,12,2,1432
3971,48,3,553
3972,19,2,718
3972,6,1,1306
3972,3,2,748
3973,2,3,576
3973,23,1,784
3973,48,1,553
3974,45,1,561
3975,25,3,737
3975,39,3,1068
3975,43,2,1149
3976,33,1,943
3976,38,2,1061
3977,14,2,1157
3977,19,3,718
3977,31,1,647
3978,32,2,611
3978,27,3,1283
3979,6,1,1306
3979,16,2,1416
3979,23,3,784
3980,36,2,847
3980,21,1,736
3980,21,2,736
3981,35,3,815
3981,21,2,736
3981,46,1,625
3982,4,1,516
3982,19,2,718
3982,41,3,910
3983,23,1,784
3984,17,2,902
3985,25,3,737
3985,9,1,1025
3986,24,3,946
3986,44,2,1303
3986,41,3,910
3987,3,2,748
3987,42,2,934
3987,13,3,954
3988,25,3,737
3988,25,2,737
3988,37,1,1229
3989,40,3,1066
3990,16,3,1416
3990,8,2,588
3990,25,2,737
3991,31,2,647
3991,27,1,1283
3991,19,2,718
3992,3,2,748
3993,30,2,549
3993,12,2,1432
3994,27,1,1283
3994,19,3,718
3994,12,2,1432
3995,25,2,737
3996,24,3,946
3996,33,2,943
3997,24,2,946
3997,25,3,737
3998,45,3,561
3998,34,3,1107
3999,8,1,588
3999,17,2,902
3999,28,1,1057
4000,11,1,1047
4001,5,3,1051
4002,17,3,902
4002,20,2,753
4002,37,3,1229
4003,36,2,847
4003,40,3,1066
4003,28,2,1057
4004,5,1,1051
4005,12,3,1432
4006,3,3,748
4007,23,1,784
4007,50,1,998
4007,31,2,647
4008,35,2,815
4009,8,2,588
4009,39,1,1068
4009,45,3,561
4010,31,2,647
4010,50,3,998
4010,17,2,902
4011,6,3,1306
4011,29,1,1062
4011,14,1,1157
4012,19,1,718
4013,48,1,553
4013,10,3,913
4014,22,3,892
4014,45,2,561
4015,4,3,516
4016,48,3,553
4016,15,1,439
4016,25,3,737
4017,43,2,1149
4018,43,2,1149
4019,26,1,1135
4020,47,3,954
4020,2,3,576
4021,1,2,1038
4022,23,1,784
4022,34,1,1107
4022,40,1,1066
4023,42,2,934
4023,19,3,718
4023,29,2,1062
4024,31,2,647
4025,32,1,611
4026,9,1,1025
4026,12,2,1432
4027,27,1,1283
4027,8,2,588
4027,38,1,1061
4028,40,3,1066
4029,33,3,943
4029,42,2,934
4030,8,2,588
4030,33,3,943
4030,48,3,553
4031,27,3,1283
4031,34,2,1107
4031,32,1,611
4032,30,1,549
4032,39,2,1068
4032,40,2,1066
4033,44,2,1303
4033,38,2,1061
4034,19,2,718
4034,10,2,913
4035,9,2,1025
4035,4,3,516
4036,3,3,748
4036,50,2,998
4037,45,2,561
4037,50,2,998
4038,7,1,332
4038,50,1,998
4039,47,1,954
4040,21,2,736
4040,31,3,647
4041,38,2,1061
4041,13,1,954
4042,5,1,1051
4043,16,3,1416
4044,11,1,1047
4045,16,2,1416
4046,30,3,549
4047,36,3,847
4048,13,3,954
4049,40,1,1066
4049,7,1,332
4050,10,2,913
4050,14,2,1157
4050,38,2,1061
4051,13,3,954
4052,22,3,892
4052,32,2,611
4052,45,3,561
4053,13,3,954
4053,2,2,576
4053,42,1,934
4054,46,3,625
4055,22,3,892
4056,20,1,753
4057,11,2,1047
4057,27,1,1283
4057,11,3,1047
4058,28,2,1057
4059,10,3,913
4060,4,1,516
4060,45,1,561
4061,8,3,588
4061,37,3,1229
4061,50,3,998
4062,14,3,1157
4062,9,1,1025
4063,9,1,1025
4064,41,1,910
4065,26,2,1135
4066,40,2,1066
4067,16,3,1416
4068,49,3,1172
4068,35,3,815
4069,15,1,439
4069,49,1,1172
4070,31,2,647
4070,11,1,1047
4071,43,1,1149
4072,20,2,753
4073,24,1,946
4074,45,2,561
4074,49,1,1172
4075,24,1,946
4075,34,3,1107
4075,17,3,902
4076,43,1,1149
4077,33,1,943
4077,16,1,1416
4077,7,2,332
4078,18,1,649
4079,40,1,1066
4079,14,1,1157
4079,22,1,892
4080,4,2,516
4081,32,3,611
4081,47,1,954
4081,44,3,1303
4082,11,2,1047
4082,23,2,784
4083,28,1,1057
4084,22,2,892
4084,13,3,954
4085,44,2,1303
4086,14,2,1157
4087,17,1,902
4087,12,1,1432
4087,16,2,1416
4088,17,3,902
4088,20,2,753
4089,48,1,553
4090,50,2,998
4090,48,2,553
4090,23,1,784
4091,23,2,784
4091,1,1,1038
4092,48,3,553
4092,25,1,737
4092,22,2,892
4093,11,1,1047
4094,1,2,1038
4094,47,1,954
4095,38,3,1061
4095,25,3,737
4095,44,3,1303
4096,17,1,902
4097,1,2,1038
4097,5,3,1051
4097,11,1,1047
4098,48,3,553
4098,3,3,748
4099,45,2,561
4099,22,2,892
4100,38,1,1061
4100,2,2,576
4101,48,2,553
4102,14,3,1157
4102,26,2,1135
4103,10,2,913
4103,43,3,1149
4103,18,3,649
4104,26,1,1135
4105,15,2,439
4105,35,2,815
4105,28,3,1057
4106,19,1,718
4106,28,3,1057
4106,47,1,954
4107,28,3,1057
4107,47,3,954
4107,20,3,753
4108,25,2,737
4109,4,3,516
4109,24,2,946
4109,20,3,753
4110,22,2,892
4110,46,2,625
4110,12,2,1432
4111,31,3,647
4112,48,3,553
4112,42,1,934
4112,28,1,1057
4113,26,3,1135
4114,19,1,718
4114,36,1,847
4114,32,2,611
4115,36,3,847
4115,33,1,943
4115,21,1,736
4116,7,1,332
4117,15,3,439
4118,29,2,1062
4118,7,2,332
4118,24,2,946
4119,18,1,649
4119,45,2,561
4119,48,1,553
4120,43,3,1149
4120,46,1,625
4121,19,1,718
4122,29,1,1062
4122,49,1,1172
4123,35,2,815
4124,28,1,1057
4124,1,1,1038
4125,27,1,1283
4126,30,1,549
4127,39,2,1068
4127,10,3,913
4127,27,1,1283
4128,45,1,561
4129,44,3,1303
4129,41,1,910
4129,42,1,934
4130,24,1,946
4131,35,2,815
4132,22,1,892
4132,10,3,913
4133,35,3,815
4133,9,2,1025
4133,49,1,1172
4134,1,2,1038
4135,26,3,1135
4135,36,2,847
4136,44,2,1303
4136,43,3,1149
4136,37,1,1229
4137,42,3,934
4137,16,3,1416
4138,10,2,913
4138,16,1,1416
4138,45,1,561
4139,34,1,1107
4139,32,1,611
4140,14,2,1157
4140,4,3,516
4140,47,2,954
4141,3,3,748
4142,29,2,1062
4143,26,1,1135
4144,10,2,913
4144,50,2,998
4144,5,2,1051
4145,29,1,1062
4145,1,2,1038
4145,29,1,1062
4146,4,1,516
4147,3,1,748
4147,45,3,561
4148,24,2,946
4148,5,3,1051
4148,27,3,1283
4149,16,2,1416
4150,37,3,1229
4150,44,3,1303
4151,47,2,954
4151,33,3,943
4152,28,1,1057
4152,45,2,561
4153,36,2,847
4153,50,1,998
4153,3,1,748
4154,18,2,649
4154,36,3,847
4155,21,3,736
4155,40,2,1066
4156,29,1,1062
4156,20,1,753
4156,5,3,1051
4157,30,1,549
4157,15,2,439
4158,39,3,1068
4159,49,2,1172
4159,2,3,576
4160,20,3,753
4160,8,1,588
4161,43,3,1149
4161,41,2,910
4162,18,3,649
4163,12,2,1432
4163,41,3,910
4163,24,2,946
4164,27,2,1283
4164,11,2,1047
4164,50,1,998
4165,11,2,1047
4166,8,1,588
4167,14,1,1157
4167,38,1,1061
4167,4,2,516
4168,6,1,1306
4168,19,2,718
4168,3,1,748
4169,47,3,954
4169,5,3,1051
4170,3,3,748
4171,7,1,332
4171,31,1,647
4172,50,1,998
4173,12,2,1432
4173,42,1,934
4173,21,2,736
4174,11,1,1047
4174,27,1,1283
4175,6,3,1306
4175,19,1,718
4175,28,1,1057
4176,21,2,736
4176,17,1,902
4177,23,2,784
4178,35,1,815
4178,24,1,946
4178,43,2,1149
4179,6,3,1306
4180,18,2,649
4180,17,3,902
4181,7,2,332
4182,20,3,753
4183,6,3,1306
4183,3,2,748
4183,22,1,892
4184,9,2,1025
4185,2,3,576
4185,37,2,1229
4185,45,1,561
4186,35,3,815
4186,33,3,943
4187,37,3,1229
4187,35,2,815
4188,48,2,553
4188,3,2,748
4188,40,3,1066
4189,15,1,439
4189,16,1,1416
4189,42,1,934
4190,10,3,913
4190,22,3,892
4190,22,1,892
4191,24,1,946
4191,6,3,1306
4191,19,2,718
4192,31,3,647
4192,30,1,549
4192,50,1,998
4193,48,3,553
4193,38,3,1061
4194,14,3,1157
4195,50,2,998
4196,30,1,549
4196,25,2,737
4197,43,2,1149
4197,15,3,439
4198,40,2,1066
4198,21,1,736
4198,15,2,439
4199,31,3,647
4199,30,3,549
4200,20,2,753
4200,41,3,910
4201,18,2,649
4201,9,1,1025
4201,50,3,998
4202,38,2,1061
4203,27,2,1283
4203,45,3,561
4203,21,3,736
4204,46,3,625
4204,14,2,1157
4204,22,2,892
4205,16,3,1416
4205,49,2,1172
4206,30,2,549
4207,23,3,784
4207,20,2,753
4207,46,3,625
4208,50,1,998
4208,48,2,553
4209,46,1,625
4210,14,1,1157
4210,48,1,553
4211,25,3,737
4211,42,3,934
4212,23,1,784
4213,1,3,1038
4214,27,1,1283
4215,39,3,1068
4216,25,2,737
4216,15,1,439
4217,49,3,1172
4217,34,2,1107
4218,4,2,516
4218,44,2,1303
4218,42,3,934
4219,26,1,1135
4219,40,1,1066
4220,48,2,553
4220,39,1,1068
4220,20,1,753
4221,48,3,553
4221,41,2,910
4221,23,2,784
4222,31,1,647
4222,18,2,649
4223,6,3,1306
4223,18,3,649
4224,31,1,647
4224,44,1,1303
4225,14,3,1157
4225,10,1,913
4226,30,1,549
4226,15,3,439
4227,6,3,1306
4228,34,1,1107
4228,11,2,1047
4228,7,3,332
4229,24,3,946
4230,18,3,649
4230,13,1,954
4231,19,3,718
4231,17,3,902
4231,17,3,902
4232,46,3,625
4232,34,3,1107
4232,26,1,1135
4233,46,2,625
4234,26,3,1135
4234,11,2,1047
4235,26,1,1135
4235,31,3,647
4235,3,2,748
4236,42,1,934
4236,42,2,934
4237,27,3,1283
4238,23,1,784
4238,40,2,1066
4238,28,2,1057
4239,41,2,910
4239,2,2,576
4239,6,3,1306
4240,27,3,1283
4241,32,3,611
4241,33,1,943
4242,43,3,1149
4243,2,2,576
4243,45,1,561
4243,31,2,647
4244,33,2,943
4245,6,1,1306
4245,19,3,718
4246,31,2,647
4247,31,1,647
4247,49,3,1172
4248,6,2,1306
4248,10,2,913
4249,10,2,913
4249,28,3,1057
4249,49,1,1172
4250,26,3,1135
4250,1,3,1038
4250,24,1,946
4251,10,3,913
4251,4,2,516
4251,9,2,1025
4252,35,1,815
4253,49,2,1172
4253,27,2,1283
4253,50,1,998
4254,39,3,1068
4254,34,1,1107
4254,43,3,1149
4255,4,1,516
4255,22,1,892
4256,5,1,1051
4256,9,3,1025
4256,8,3,588
4257,34,2,1107
4257,13,2,954
4258,5,2,1051
4258,36,2,847
4259,18,1,649
4259,44,1,1303
4259,23,3,784
4260,17,2,902
4260,9,2,1025
4260,38,2,1061
4261,50,3,998
4262,21,1,736
4262,44,1,1303
4262,26,1,1135
4263,12,3,1432
4263,19,1,718
4263,1,2,1038
4264,49,1,1172
4265,9,2,1025
4265,13,2,954
4266,4,3,516
4266,27,2,1283
4266,42,3,934
4267,21,3,736
4267,44,3,1303
4267,23,3,784
4268,11,3,1047
4268,33,2,943
4268,22,1,892
4269,40,2,1066
4269,16,2,1416
4269,40,1,1066
4270,14,3,1157
4270,6,3,1306
4270,26,2,1135
4271,28,3,1057
4271,20,3,753
4272,23,1,784
4273,6,1,1306
4273,3,3,748
4274,22,1,892
4274,38,1,1061
4275,42,2,934
4275,34,1,1107
4276,5,2,1051
4276,12,3,1432
4276,1,2,1038
4277,25,3,737
4277,43,3,1149
4277,3,2,748
4278,17,3,902
4278,1,2,1038
4278,46,1,625
4279,33,2,943
4279,6,2,1306
4279,42,1,934
4280,18,2,649
4280,15,1,439
4281,26,2,1135
4281,39,2,1068
4281,25,1,737
4282,46,1,625
4282,30,3,549
4282,6,3,1306
4283,47,1,954
4284,30,1,549
4284,46,1,625
4285,35,1,815
4286,14,3,1157
4286,39,1,1068
4287,34,1,1107
4287,8,2,588
4287,37,1,1229
4288,12,1,1432
4288,22,1,892
4289,12,3,1432
4289,22,1,892
4289,41,1,910
4290,5,2,1051
4290,49,3,1172
4291,27,2,1283
4291,43,1,1149
4292,35,1,815
4293,8,2,588
4293,27,1,1283
4293,49,3,1172
4294,26,1,1135
4294,2,2,576
4295,9,2,1025
4296,25,1,737
4297,8,1,588
4297,39,3,1068
4298,39,3,1068
4298,50,3,998
4298,33,1,943
4299,35,3,815
4300,11,3,1047
4301,41,2,910
4301,38,2,1061
4301,23,2,784
4302,50,3,998
4303,31,2,647
4303,7,2,332
4304,14,3,1157
4304,11,2,1047
4304,33,3,943
4305,35,3,815
4305,24,1,946
4305,32,3,611
4306,34,2,1107
4307,15,3,439
4307,44,1,1303
4307,27,2,1283
4308,22,2,892
4308,27,2,1283
4309,49,1,1172
4309,6,2,1306
4309,43,3,1149
4310,28,1,1057
4310,36,1,847
4310,38,1,1061
4311,38,1,1061
4311,20,2,753
4312,42,2,934
4312,22,1,892
4313,8,3,588
4313,2,3,576
4314,18,1,649
4314,8,3,588
4314,24,2,946
4315,31,2,647
4315,36,2,847
4316,34,1,1107
4316,31,1,647
4317,34,3,1107
4317,14,3,1157
4317,26,3,1135
4318,13,3,954
4318,12,1,1432
4318,28,3,1057
4319,44,3,1303
4319,31,1,647
4319,4,3,516
4320,27,2,1283
4320,50,2,998
4320,23,3,784
4321,44,3,1303
4321,2,1,576
4322,4,2,516
4322,49,1,1172
4323,16,3,1416
4323,5,3,1051
4324,47,3,954
4324,28,2,1057
4324,16,1,1416
4325,37,2,1229
4325,36,3,847
4325,15,2,439
4326,44,3,1303
4327,43,3,1149
4328,43,1,1149
4328,47,1,954
4328,6,2,1306
4329,24,2,946
4329,31,2,647
4329,12,3,1432
4330,43,1,1149
4330,12,3,1432
4330,16,1,1416
4331,50,3,998
4331,12,3,1432
4332,34,3,1107
4333,21,2,736
4334,10,1,913
4334,28,1,1057
4334,46,1,625
4335,48,2,553
4336,27,3,1283
4336,18,2,649
4336,34,2,1107
4337,7,2,332
4338,18,2,649
4338,40,2,1066
4339,4,2,516
4340,46,1,625
4340,3,3,748
4341,9,3,1025
4342,7,2,332
4342,40,3,1066
4342,26,2,1135
4343,13,1,954
4343,48,2,553
4343,2,3,576
4344,48,2,553
4344,12,1,1432
4345,41,3,910
4345,44,3,1303
4346,20,3,753
4346,32,3,611
4347,36,1,847
4348,31,1,647
4348,2,1,576
4349,48,1,553
4350,23,3,784
4350,11,2,1047
4351,46,1,625
4351,7,2,332
4352,34,2,1107
4353,6,2,1306
4353,7,1,332
4354,9,2,1025
4354,29,3,1062
4355,14,2,1157
4356,45,1,561
4356,21,1,736
4357,12,3,1432
4357,27,3,1283
4357,45,2,561
4358,14,1,1157
4358,45,2,561
4358,30,2,549
4359,29,1,1062
4359,3,2,748
4359,28,2,1057
4360,47,2,954
4361,43,2,1149
4362,38,3,1061
4363,13,2,954
4364,31,1,647
4364,33,1,943
4364,24,2,946
4365,11,3,1047
4366,25,2,737
4367,12,2,1432
4367,18,1,649
4368,6,2,1306
4368,43,1,1149
4368,19,2,718
4369,36,3,847
4369,5,3,1051
4370,29,3,1062
4371,1,2,1038
4371,29,1,1062
4372,44,3,1303
4372,23,2,784
4373,45,2,561
4373,27,2,1283
4374,39,2,1068
4374,34,1,1107
4375,20,1,753
4375,32,1,611
4376,48,2,553
4376,16,3,1416
4377,8,1,588
4377,43,2,1149
4378,29,2,1062
4378,36,2,847
4378,33,2,943
4379,27,3,1283
4379,2,1,576
4379,43,3,1149
4380,31,1,647
4380,39,2,1068
4381,25,1,737
4381,28,1,1057
4382,39,2,1068
4383,21,1,736
4383,13,2,954
4384,7,3,332
4385,3,1,748
4385,45,1,561
4385,33,2,943
4386,8,1,588
4387,46,1,625
4388,39,2,1068
4388,37,1,1229
4389,47,1,954
4389,40,2,1066
4389,18,2,649
4390,30,1,549
4390,23,3,784
4390,46,3,625
4391,6,3,1306
4392,20,1,753
4392,8,2,588
4392,46,2,625
4393,10,1,913
4393,30,3,549
4394,45,2,561
4394,38,3,1061
4395,23,3,784
4395,39,1,1068
4395,28,2,1057
4396,44,1,1303
4396,50,3,998
4397,45,1,561
4398,43,2,1149
4399,21,3,736
4399,45,2,561
4400,26,2,1135
4400,19,2,718
4401,37,3,1229
4402,29,3,1062
4403,45,2,561
4403,29,2,1062
4404,34,2,1107
4405,10,3,913
4406,19,1,718
4407,8,3,588
4408,15,2,439
4409,13,1,954
4409,7,2,332
4410,2,3,576
4411,22,1,892
4411,29,3,1062
4412,9,3,1025
4412,9,3,1025
4413,5,1,1051
4414,6,2,1306
4414,47,2,954
4414,17,2,902
4415,20,2,753
4415,10,1,913
4415,37,3,1229
4416,49,2,1172
4416,15,2,439
4417,4,3,516
4418,3,1,748
4418,28,1,1057
4419,17,2,902
4419,4,1,516
4420,13,3,954
4421,6,1,1306
4422,48,3,553
4422,6,2,1306
4422,4,2,516
4423,43,1,1149
4424,46,2,625
4425,30,3,549
4425,40,1,1066
4426,38,1,1061
4426,27,1,1283
4427,8,3,588
4427,22,1,892
4427,26,1,1135
4428,26,3,1135
4429,40,3,1066
4429,48,1,553
4430,23,2,784
4430,26,1,1135
4430,45,2,561
4431,29,2,1062
4432,42,3,934
4432,33,1,943
4433,13,3,954
4433,17,1,902
4433,20,2,753
4434,14,1,1157
4434,11,1,1047
4434,3,3,748
4435,44,2,1303
4436,29,1,1062
4437,32,2,611
4437,2,3,576
4438,36,2,847
4438,46,1,625
4438,19,1,718
4439,38,2,1061
4439,47,1,954
4439,39,3,1068
4440,46,2,625
4441,37,1,1229
4441,30,1,549
4442,12,2,1432
4442,5,1,1051
4443,14,2,1157
4444,24,1,946
4444,9,3,1025
4445,27,1,1283
4446,21,2,736
4447,28,3,1057
4447,27,3,1283
4447,1,3,1038
4448,40,3,1066
4449,27,2,1283
4450,44,1,1303
4450,38,2,1061
4450,39,2,1068
4451,43,2,1149
4451,45,2,561
4451,10,1,913
4452,28,3,1057
4453,34,2,1107
4454,32,2,611
4454,48,2,553
4454,18,3,649
4455,14,2,1157
4455,41,2,910
4455,16,2,1416
4456,23,2,784
4456,18,2,649
4457,35,3,815
4457,19,3,718
4457,33,3,943
4458,13,2,954
4458,14,2,1157
4459,6,1,1306
4460,14,1,1157
4460,39,1,1068
4460,20,1,753
4461,14,3,1157
4461,26,2,1135
4461,42,1,934
4462,26,2,1135
4462,34,3,1107
4463,14,2,1157
4463,11,3,1047
4463,15,1,439
4464,22,1,892
4464,47,1,954
4465,10,1,913
4466,25,2,737
4466,46,2,625
4466,34,2,1107
4467,31,1,647
4467,22,2,892
4468,5,3,1051
4469,24,1,946
4470,23,2,784
4470,35,2,815
4470,42,1,934
4471,34,1,1107
4472,39,2,1068
4473,27,1,1283
4473,25,2,737
4473,37,3,1229
4474,43,1,1149
4474,17,2,902
4475,4,1,516
4475,27,3,1283
4476,4,3,516
4476,4,1,516
4476,13,1,954
4477,23,2,784
4478,48,3,553
4478,50,2,998
4478,12,1,1432
4479,12,3,1432
4479,48,1,553
4479,1,1,1038
4480,26,2,1135
4481,5,1,1051
4482,34,1,1107
4482,18,2,649
4483,43,1,1149
4484,12,3,1432
4485,3,3,748
4485,19,2,718
4485,13,1,954
4486,30,2,549
4486,35,3,815
4486,8,3,588
4487,41,3,910
4487,16,2,1416
4487,8,3,588
4488,20,1,753
4489,40,2,1066
4490,23,2,784
4490,28,3,1057
4491,24,1,946
4491,18,1,649
4492,23,3,784
4492,37,3,1229
4492,9,2,1025
4493,35,3,815
4493,9,2,1025
4493,39,1,1068
4494,10,1,913
4495,1,3,1038
4495,15,2,439
4495,12,2,1432
4496,26,2,1135
4496,22,3,892
4496,27,1,1283
4497,13,2,954
4497,43,1,1149
4498,1,2,1038
4498,29,3,1062
4499,38,2,1061
4499,10,3,913
4499,23,1,784
4500,44,1,1303
4500,3,1,748
4501,46,3,625
4502,9,2,1025
4503,6,2,1306
4503,41,1,910
4503,41,3,910
4504,17,1,902
4504,24,2,946
4504,22,1,892
4505,17,1,902
4505,11,3,1047
4505,33,1,943
4506,41,3,910
4506,41,2,910
4506,36,1,847
4507,26,2,1135
4508,31,2,647
4508,26,3,1135
4508,12,1,1432
4509,37,3,1229
4509,6,2,1306
4509,8,1,588
4510,14,1,1157
4510,16,2,1416
4510,38,2,1061
4511,36,3,847
4511,49,3,1172
4511,50,3,998
4512,23,2,784
4512,42,3,934
4513,6,1,1306
4514,24,1,946
4514,50,3,998
4515,46,1,625
4516,49,1,1172
4516,11,2,1047
4516,15,1,439
4517,17,2,902
4517,22,3,892
4518,10,1,913
4519,43,2,1149
4519,14,1,1157
4519,10,3,913
4520,10,2,913
4520,9,2,1025
4521,4,1,516
4521,32,2,611
4522,4,1,516
4523,50,2,998
4524,34,2,1107
4524,43,1,1149
4525,38,1,1061
4525,27,3,1283
4526,24,3,946
4526,19,2,718
4526,2,1,576
4527,1,2,1038
4528,31,3,647
4529,11,2,1047
4530,15,2,439
4530,50,1,998
4531,11,1,1047
4531,38,2,1061
4531,46,1,625
4532,9,3,1025
4532,31,1,647
4532,38,1,1061
4533,22,3,892
4533,49,2,1172
4533,38,3,1061
4534,45,2,561
4534,4,3,516
4534,42,2,934
4535,5,1,1051
4535,20,3,753
4535,25,1,737
4536,40,3,1066
4537,28,1,1057
4537,7,1,332
4538,29,1,1062
4539,13,2,954
4540,16,1,1416
4541,5,1,1051
4541,30,2,549
4541,49,1,1172
4542,26,3,1135
4542,2,2,576
4542,6,1,1306
4543,11,3,1047
4544,14,2,1157
4544,14,2,1157
4544,5,1,1051
4545,5,2,1051
4545,8,2,588
4545,12,3,1432
4546,33,3,943
4546,4,3,516
4547,12,1,1432
4547,5,1,1051
4547,16,1,1416
4548,38,1,1061
4548,30,1,549
4549,41,2,910
4550,5,2,1051
4551,15,3,439
4551,24,1,946
4552,13,1,954
4552,16,2,1416
4552,3,1,748
4553,39,2,1068
4553,43,3,1149
4553,11,2,1047
4554,44,3,1303
4555,42,1,934
4555,12,3,1432
4555,46,1,625
4556,26,3,1135
4556,33,2,943
4556,30,1,549
4557,14,3,1157
4558,34,1,1107
4559,21,3,736
4560,22,1,892
4560,8,3,588
4560,38,3,1061
4561,30,1,549
4561,43,1,1149
4562,21,3,736
4562,20,3,753
4563,13,1,954
4564,41,3,910
4565,15,2,439
4565,11,2,1047
4565,42,2,934
4566,36,3,847
4567,4,2,516
4567,41,1,910
4568,8,2,588
4568,47,2,954
4569,42,2,934
4570,17,3,902
4570,23,3,784
4570,4,1,516
4571,26,3,1135
4572,16,1,1416
4573,34,1,1107
4573,37,2,1229
4573,47,1,954
4574,47,1,954
4575,17,3,902
4575,50,2,998
4576,7,2,332
4577,39,3,1068
4578,3,1,748
4578,40,3,1066
4579,36,2,847
4580,27,3,1283
4580,25,2,737
4580,23,1,784
4581,16,1,1416
4581,13,3,954
4582,28,1,1057
4583,39,3,1068
4583,43,2,1149
4584,42,3,934
4584,26,1,1135
4585,42,2,934
4586,44,2,1303
4586,33,2,943
4587,18,1,649
4588,32,1,611
4589,24,3,946
4590,13,1,954
4591,26,3,1135
4592,27,1,1283
4592,1,3,1038
4592,23,3,784
4593,23,1,784
4593,22,1,892
4593,38,3,1061
4594,5,2,1051
4595,9,2,1025
4596,21,3,736
4596,42,3,934
4596,31,3,647
4597,43,1,1149
4597,28,3,1057
4597,43,1,1149
4598,25,2,737
4598,47,3,954
4598,9,1,1025
4599,34,1,1107
4599,35,1,815
4600,48,1,553
4601,2,1,576
4601,50,3,998
4601,29,2,1062
4602,18,2,649
4602,6,3,1306
4603,35,3,815
4603,33,2,943
4604,33,3,943
4605,27,2,1283
4605,4,1,516
4606,24,3,946
4607,18,2,649
4608,40,2,1066
4609,21,2,736
4609,19,3,718
4610,22,2,892
4610,25,3,737
4610,17,1,902
4611,50,1,998
4611,19,1,718
4611,23,2,784
4612,33,2,943
4612,31,1,647
4613,14,1,1157
4614,25,3,737
4615,50,3,998
4615,32,2,611
4615,23,1,784
4616,21,1,736
4616,39,1,1068
4616,5,2,1051
4617,3,2,748
4618,33,3,943
4618,33,2,943
4619,48,3,553
4619,2,2,576
4620,35,2,815
4620,6,2,1306
4621,1,2,1038
4621,17,2,902
4622,43,1,1149
4623,6,1,1306
4624,1,3,1038
4624,29,2,1062
4625,50,2,998
4626,6,1,1306
4626,4,2,516
4627,15,3,439
4627,4,3,516
4627,36,3,847
4628,26,3,1135
4629,4,1,516
4629,1,2,1038
4630,43,1,1149
4631,44,3,1303
4632,20,1,753
4633,24,2,946
4633,22,3,892
4633,32,3,611
4634,42,2,934
4634,44,2,1303
4635,34,2,1107
4635,15,1,439
4635,10,3,913
4636,28,3,1057
4637,2,1,576
4637,24,2,946
4638,46,2,625
4638,26,2,1135
4638,25,3,737
4639,11,2,1047
4639,45,1,561
4639,10,2,913
4640,15,2,439
4641,50,3,998
4641,39,3,1068
4641,9,3,1025
4642,29,2,1062
4642,39,3,1068
4643,13,3,954
4644,39,2,1068
4644,11,1,1047
4645,29,1,1062
4645,4,2,516
4646,22,1,892
4646,22,3,892
4646,10,3,913
4647,23,1,784
4648,33,2,943
4648,11,1,1047
4648,44,2,1303
4649,17,1,902
4650,7,3,332
4650,27,1,1283
4650,32,3,611
4651,33,1,943
4651,49,2,1172
4652,36,2,847
4652,45,1,561
4653,49,1,1172
4654,50,2,998
4654,23,2,784
4655,48,1,553
4656,16,2,1416
4656,6,3,1306
4656,2,2,576
4657,47,2,954
4658,27,2,1283
4658,11,2,1047
4659,8,1,588
4660,29,1,1062
4660,37,2,1229
4660,37,2,1229
4661,47,3,954
4661,47,3,954
4661,33,1,943
4662,9,3,1025
4662,2,3,576
4663,10,2,913
4664,40,2,1066
4664,1,3,1038
4665,43,2,1149
4666,6,1,1306
4667,16,1,1416
4667,16,3,1416
4667,11,3,1047
4668,32,1,611
4669,4,2,516
4669,3,1,748
4669,27,1,1283
4670,47,1,954
4671,32,2,611
4671,15,3,439
4672,14,1,1157
4673,4,2,516
4674,39,2,1068
4674,31,2,647
4675,50,3,998
4675,29,2,1062
4675,37,3,1229
4676,8,3,588
4677,50,1,998
4677,8,2,588
4677,27,2,1283
4678,6,2,1306
4678,44,1,1303
4679,32,1,611
4679,12,1,1432
4680,44,3,1303
4680,27,1,1283
4681,30,2,549
4681,49,2,1172
4682,7,1,332
4683,11,2,1047
4683,9,3,1025
4684,14,3,1157
4684,6,3,1306
4685,7,3,332
4685,29,1,1062
4685,3,3,748
4686,17,1,902
4687,42,2,934
4687,6,1,1306
4688,15,1,439
4688,27,1,1283
4689,1,1,1038
4689,34,3,1107
4689,33,3,943
4690,24,3,946
4690,37,3,1229
4690,46,2,625
4691,15,2,439
4691,9,2,1025
4691,4,2,516
4692,42,2,934
4692,44,3,1303
4692,42,1,934
4693,5,2,1051
4693,11,2,1047
4693,45,3,561
4694,49,3,1172
4695,28,1,1057
4695,43,3,1149
4696,50,1,998
4696,14,2,1157
4697,41,2,910
4698,17,1,902
4698,46,1,625
4698,41,1,910
4699,41,3,910
4699,41,2,910
4699,27,2,1283
4700,28,2,1057
4700,31,1,647
4700,2,2,576
4701,7,1,332
4701,25,1,737
4701,45,1,561
4702,2,3,576
4702,50,3,998
4703,46,3,625
4703,7,3,332
4703,34,1,1107
4704,13,1,954
4705,44,1,1303
4705,19,2,718
4706,30,1,549
4706,10,2,913
4706,17,2,902
4707,7,3,332
4707,32,3,611
4707,37,3,1229
4708,4,1,516
4708,50,3,998
4709,1,1,1038
4709,5,2,1051
4710,31,2,647
4711,33,1,943
4712,49,1,1172
4712,27,2,1283
4712,21,2,736
4713,31,1,647
4713,50,1,998
4713,30,1,549
4714,3,1,748
4714,25,1,737
4714,30,3,549
4715,17,3,902
4715,14,2,1157
4716,36,2,847
4716,10,3,913
4716,33,2,943
4717,27,3,1283
4718,13,3,954
4719,7,3,332
4720,43,2,1149
4720,11,3,1047
4721,44,2,1303
4721,34,3,1107
4722,8,1,588
4723,16,3,1416
4723,41,2,910
4723,32,2,611
4724,22,1,892
4725,31,3,647
4726,34,1,1107
4726,35,1,815
4726,42,2,934
4727,42,2,934
4728,21,1,736
4728,1,1,1038
4728,20,2,753
4729,45,2,561
4729,19,1,718
4730,37,3,1229
4730,36,3,847
4731,7,3,332
4731,16,2,1416
4732,6,1,1306
4733,14,1,1157
4734,25,2,737
4734,50,2,998
4735,7,2,332
4735,42,2,934
4735,20,3,753
4736,10,2,913
4737,30,1,549
4737,33,3,943
4738,15,2,439
4739,17,1,902
4739,41,1,910
4740,3,3,748
4741,41,3,910
4741,42,3,934
4742,48,3,553
4742,13,3,954
4743,16,2,1416
4743,45,3,561
4743,19,3,718
4744,43,1,1149
4744,7,1,332
4745,36,1,847
4746,23,1,784
4747,16,1,1416
4747,5,1,1051
4748,14,1,1157
4748,23,3,784
4749,39,1,1068
4749,31,2,647
4750,3,3,748
4750,18,1,649
4751,23,2,784
4752,44,2,1303
4752,40,1,1066
4753,13,2,954
4753,49,1,1172
4753,39,1,1068
4754,27,1,1283
4755,39,1,1068
4755,6,2,1306
4756,45,3,561
4756,23,3,784
4756,40,2,1066
4757,38,2,1061
4757,43,3,1149
4757,34,3,1107
4758,10,2,913
4758,24,2,946
4758,29,2,1062
4759,14,1,1157
4759,11,3,1047
4760,39,1,1068
4761,36,2,847
4762,15,2,439
4763,27,1,1283
4764,33,2,943
4764,2,1,576
4765,2,1,576
4765,48,1,553
4766,11,2,1047
4766,8,2,588
4767,29,1,1062
4768,29,1,1062
4768,29,1,1062
4768,11,3,1047
4769,6,1,1306
4769,49,3,1172
4769,16,1,1416
4770,39,1,1068
4771,5,2,1051
4772,33,2,943
4772,32,2,611
4772,23,2,784
4773,22,1,892
4773,43,1,1149
4773,7,3,332
4774,15,1,439
4774,10,3,913
4775,38,3,1061
4775,34,2,1107
4775,49,1,1172
4776,47,2,954
4776,28,3,1057
4776,28,3,1057
4777,32,1,611
4777,4,1,516
4777,1,2,1038
4778,17,2,902
4779,26,1,1135
4779,32,1,611
4779,21,1,736
4780,32,2,611
4781,48,2,553
4782,18,1,649
4782,42,3,934
4783,35,3,815
4783,23,3,784
4783,21,3,736
4784,23,3,784
4785,13,2,954
4785,42,2,934
4785,28,2,1057
4786,14,3,1157
4787,18,1,649
4787,5,2,1051
4788,5,1,1051
4789,6,1,1306
4789,33,3,943
4789,18,3,649
4790,10,3,913
4791,38,2,1061
4792,27,3,1283
4792,23,1,784
4792,7,1,332
4793,20,3,753
4793,50,1,998
4794,42,1,934
4794,19,3,718
4794,11,3,1047
4795,25,3,737
4795,28,2,1057
4796,11,3,1047
4796,30,3,549
4797,20,1,753
4797,1,2,1038
4797,6,2,1306
4798,30,3,549
4798,50,3,998
4799,41,3,910
4799,11,2,1047
4800,27,1,1283
4801,13,2,954
4802,34,2,1107
4802,38,2,1061
4803,16,2,1416
4803,49,3,1172
4803,22,3,892
4804,5,1,1051
4805,46,1,625
4805,41,2,910
4805,1,3,1038
4806,38,3,1061
4807,46,3,625
4807,16,3,1416
4808,24,1,946
4808,43,2,1149
4809,32,2,611
4809,12,2,1432
4810,50,3,998
4810,35,1,815
4810,34,2,1107
4811,20,2,753
4811,45,2,561
4811,15,2,439
4812,18,2,649
4812,26,3,1135
4812,14,3,1157
4813,33,1,943
4813,38,1,1061
4813,5,3,1051
4814,15,3,439
4815,44,2,1303
4816,5,3,1051
4816,23,3,784
4816,4,1,516
4817,2,2,576
4817,13,2,954
4817,5,2,1051
4818,5,2,1051
4818,4,2,516
4818,37,3,1229
4819,14,2,1157
4819,3,1,748
4820,2,1,576
4820,34,3,1107
4821,42,3,934
4821,2,1,576
4821,26,2,1135
4822,11,2,1047
4822,36,3,847
4823,39,3,1068
4823,44,2,1303
4823,2,2,576
4824,8,3,588
4824,23,2,784
4824,50,2,998
4825,46,2,625
4826,17,1,902
4827,23,3,784
4827,26,3,1135
4827,37,1,1229
4828,43,2,1149
4828,32,3,611
4829,18,1,649
4829,47,2,954
4829,23,3,784
4830,5,1,1051
4831,21,2,736
4831,34,3,1107
4832,44,1,1303
4832,43,3,1149
4833,41,1,910
4834,10,2,913
4834,14,1,1157
4834,42,2,934
4835,24,2,946
4835,49,1,1172
4835,34,2,1107
4836,19,1,718
4836,10,3,913
4837,2,3,576
4838,42,2,934
4838,49,2,1172
4839,10,2,913
4840,42,3,934
4840,10,3,913
4840,10,3,913
4841,8,3,588
4841,46,3,625
4841,35,3,815
4842,17,1,902
4843,48,2,553
4844,11,2,1047
4845,31,2,647
4845,37,2,1229
4846,46,1,625
4847,48,2,553
4847,23,3,784
4848,44,1,1303
4849,47,2,954
4849,28,3,1057
4849,39,2,1068
4850,45,2,561
4851,36,2,847
4852,18,1,649
4852,32,2,611
4853,7,2,332
4853,39,3,1068
4853,32,2,611
4854,38,1,1061
4854,27,2,1283
4855,22,2,892
4855,27,2,1283
4855,43,3,1149
4856,41,3,910
4857,7,1,332
4857,35,3,815
4857,4,2,516
4858,42,3,934
4858,44,2,1303
4858,41,3,910
4859,21,2,736
4860,22,3,892
4860,41,3,910
4860,39,1,1068
4861,31,2,647
4861,13,2,954
4861,35,3,815
4862,33,1,943
4862,1,2,1038
4862,23,1,784
4863,9,3,1025
4863,28,3,1057
4863,3,1,748
4864,31,1,647
4864,42,1,934
4864,1,3,1038
4865,41,3,910
4866,39,3,1068
4866,19,1,718
4866,44,1,1303
4867,16,1,1416
4867,30,3,549
4867,47,1,954
4868,8,2,588
4868,40,3,1066
4869,35,3,815
4870,21,2,736
4871,23,3,784
4872,23,1,784
4872,40,2,1066
4872,24,1,946
4873,22,1,892
4873,41,3,910
4874,7,3,332
4874,40,1,1066
4874,20,2,753
4875,6,2,1306
4875,20,3,753
4876,27,3,1283
4876,19,3,718
4876,40,3,1066
4877,18,2,649
4877,4,3,516
4878,35,1,815
4878,19,3,718
4879,47,2,954
4879,21,3,736
4879,7,3,332
4880,43,1,1149
4881,35,2,815
4882,40,2,1066
4882,39,1,1068
4883,30,2,549
4883,29,2,1062
4883,13,2,954
4884,42,3,934
4884,42,1,934
4885,2,2,576
4885,5,1,1051
4886,41,3,910
4886,19,1,718
4886,31,2,647
4887,10,3,913
4888,5,3,1051
4888,37,3,1229
4889,16,3,1416
4889,50,2,998
4889,36,2,847
4890,22,2,892
4890,6,2,1306
4891,32,2,611
4891,4,1,516
4891,15,2,439
4892,3,3,748
4893,43,1,1149
4893,23,3,784
4894,17,2,902
4894,8,3,588
4894,17,2,902
4895,37,1,1229
4895,31,2,647
4896,19,2,718
4896,2,3,576
4897,42,3,934
4898,5,1,1051
4899,27,3,1283
4900,42,2,934
4900,31,2,647
4900,41,3,910
4901,18,3,649
4901,50,1,998
4902,23,1,784
4903,36,2,847
4903,25,3,737
4904,5,3,1051
4904,2,3,576
4904,33,3,943
4905,11,1,1047
4906,26,1,1135
4906,50,3,998
4906,14,2,1157
4907,48,3,553
4907,3,1,748
4908,25,3,737
4908,8,2,588
4909,15,3,439
4909,5,3,1051
4909,37,3,1229
4910,11,2,1047
4910,16,1,1416
4910,24,2,946
4911,17,1,902
4911,9,1,1025
4912,28,2,1057
4913,29,2,1062
4913,20,3,753
4914,3,2,748
4914,16,3,1416
4914,41,3,910
4915,9,3,1025
4915,29,2,1062
4915,16,3,1416
4916,45,3,561
4917,15,2,439
4917,22,1,892
4917,2,2,576
4918,8,1,588
4918,35,3,815
4919,6,2,1306
4920,2,2,576
4921,11,3,1047
4921,42,1,934
4922,28,1,1057
4922,41,2,910
4923,36,1,847
4923,15,1,439
4924,14,1,1157
4924,38,1,1061
4925,47,3,954
4926,13,3,954
4926,44,1,1303
4926,43,3,1149
4927,50,2,998
4928,2,2,576
4928,39,3,1068
4929,2,2,576
4930,32,3,611
4930,39,1,1068
4930,36,1,847
4931,42,1,934
4931,50,1,998
4931,5,2,1051
4932,5,2,1051
4932,39,3,1068
4933,30,3,549
4933,12,3,1432
4933,28,2,1057
4934,4,2,516
4934,25,1,737
4935,40,2,1066
4935,49,3,1172
4936,18,3,649
4936,8,2,588
4937,9,1,1025
4938,12,3,1432
4938,34,1,1107
4938,24,3,946
4939,21,2,736
4939,35,3,815
4940,39,3,1068
4941,44,2,1303
4942,41,1,910
4942,22,1,892
4942,37,2,1229
4943,47,3,954
4943,15,2,439
4944,1,1,1038
4944,44,1,1303
4944,25,3,737
4945,34,3,1107
4945,12,2,1432
4946,45,3,561
4947,36,3,847
4947,5,1,1051
4948,11,3,1047
4948,28,3,1057
4949,28,3,1057
4949,47,3,954
4949,34,3,1107
4950,46,3,625
4951,28,3,1057
4951,44,3,1303
4952,38,3,1061
4953,24,3,946
4954,11,1,1047
4954,25,2,737
4955,28,2,1057
4955,23,2,784
4955,19,1,718
4956,25,1,737
4956,13,1,954
4956,30,2,549
4957,50,2,998
4957,47,1,954
4958,5,3,1051
4958,35,2,815
4959,34,2,1107
4959,39,1,1068
4959,26,2,1135
4960,46,3,625
4960,48,1,553
4960,38,2,1061
4961,30,3,549
4962,29,1,1062
4962,7,3,332
4963,35,2,815
4963,14,3,1157
4964,9,3,1025
4964,27,2,1283
4965,19,2,718
4965,40,3,1066
4966,19,1,718
4966,12,1,1432
4966,34,1,1107
4967,26,3,1135
4967,10,1,913
4968,35,3,815
4968,19,2,718
4968,45,3,561
4969,30,2,549
4970,37,3,1229
4971,47,1,954
4972,9,2,1025
4972,13,3,954
4973,18,1,649
4974,28,1,1057
4975,43,3,1149
4975,29,1,1062
4975,40,1,1066
4976,46,3,625
4976,6,2,1306
4977,46,3,625
4978,15,2,439
4979,14,1,1157
4979,19,3,718
4980,4,2,516
4980,14,3,1157
4980,11,1,1047
4981,17,2,902
4982,33,3,943
4982,20,2,753
4983,7,3,332
4983,27,1,1283
4983,4,3,516
4984,38,2,1061
4985,31,3,647
4986,46,2,625
4986,36,3,847
4987,24,1,946
4988,43,1,1149
4988,22,2,892
4988,33,3,943
4989,3,3,748
4989,10,2,913
4989,33,3,943
4990,17,3,902
4990,34,2,1107
4990,32,1,611
4991,30,1,549
4992,43,2,1149
4993,20,2,753
4993,47,2,954
4993,42,2,934
4994,31,1,647
4995,49,1,1172
4996,48,1,553
4996,14,1,1157
4997,31,3,647
4997,15,1,439
4997,24,1,946
4998,21,1,736
4998,50,2,998
4998,13,1,954
4999,46,3,625
4999,43,2,1149
5000,7,3,332
5000,15,1,439
5001,3,1,748
5001,20,1,753
5001,4,3,516
5002,33,1,943
5002,18,3,649
5003,50,3,998
5003,43,2,1149
5004,43,3,1149
5004,21,2,736
5004,34,1,1107
5005,28,3,1057
5005,20,1,753
5005,31,3,647
5006,22,1,892
5006,13,1,954
5007,45,3,561
5007,24,3,946
5008,24,2,946
5008,3,2,748
5009,42,3,934
5009,26,1,1135
5009,3,2,748
5010,4,2,516
5010,10,2,913
5010,22,3,892
5011,18,3,649
5011,48,3,553
5011,28,1,1057
5012,28,2,1057
5012,46,3,625
5012,8,3,588
5013,48,1,553
5014,10,3,913
5014,12,2,1432
5015,16,3,1416
5015,8,2,588
5015,20,2,753
5016,19,3,718
5017,12,1,1432
5017,41,2,910
5018,12,3,1432
5019,27,2,1283
5019,35,2,815
5020,24,3,946
5020,16,2,1416
5020,38,2,1061
5021,48,3,553
5021,46,1,625
5021,21,1,736
5022,33,2,943
5022,26,3,1135
5023,31,3,647
5024,7,1,332
5025,19,1,718
5025,7,3,332
5025,36,3,847
5026,14,3,1157
5026,50,1,998
5026,47,3,954
5027,24,3,946
5027,4,2,516
5027,25,3,737
5028,19,2,718
5029,15,1,439
5029,14,2,1157
5029,42,2,934
5030,35,2,815
5030,42,1,934
5030,20,1,753
5031,35,1,815
5031,30,2,549
5031,28,1,1057
5032,37,2,1229
5032,33,2,943
5033,8,3,588
5034,24,3,946
5034,21,1,736
5035,49,2,1172
5035,4,2,516
5036,49,1,1172
5037,43,1,1149
5038,15,3,439
5039,50,3,998
5039,10,1,913
5039,29,3,1062
5040,5,2,1051
5040,36,1,847
5040,12,2,1432
5041,48,2,553
5041,43,3,1149
5041,25,1,737
5042,27,2,1283
5042,47,2,954
5042,10,2,913
5043,30,1,549
5043,6,2,1306
5044,42,3,934
5044,17,3,902
5045,43,1,1149
5046,13,1,954
5047,47,1,954
5047,10,2,913
5047,39,3,1068
5048,31,1,647
5048,39,2,1068
5049,21,1,736
5049,45,1,561
5050,1,1,1038
5051,5,2,1051
5052,29,2,1062
5053,40,2,1066
5054,7,1,332
5054,49,3,1172
5054,37,2,1229
5055,30,3,549
5055,36,2,847
5055,49,3,1172
5056,25,3,737
5056,19,3,718
5057,45,3,561
5057,26,3,1135
5058,33,3,943
5058,44,1,1303
5059,30,2,549
5059,15,1,439
5059,9,2,1025
5060,37,2,1229
5061,27,1,1283
5062,23,2,784
5063,23,3,784
5063,23,3,784
5063,44,1,1303
5064,27,3,1283
5064,33,1,943
5065,44,2,1303
5065,40,3,1066
5065,44,2,1303
5066,43,1,1149
5066,45,2,561
5067,46,2,625
5067,34,1,1107
5067,16,2,1416
5068,25,1,737
5068,38,3,1061
5068,2,1,576
5069,16,3,1416
5069,32,3,611
5070,40,3,1066
5070,40,1,1066
5071,32,3,611
5071,28,1,1057
5071,47,2,954
5072,3,2,748
5073,5,2,1051
5074,23,3,784
5074,31,2,647
5075,2,3,576
5076,1,2,1038
5077,30,2,549
5077,27,3,1283
5077,5,2,1051
5078,38,2,1061
5079,49,1,1172
5079,12,2,1432
5079,6,2,1306
5080,47,1,954
5080,46,1,625
5081,49,3,1172
5081,29,3,1062
5081,26,1,1135
5082,34,1,1107
5083,4,3,516
5084,48,3,553
5084,16,1,1416
5084,9,2,1025
5085,8,2,588
5085,44,1,1303
5085,49,1,1172
5086,44,2,1303
5087,4,3,516
5087,18,1,649
5088,24,1,946
5088,46,2,625
5088,18,3,649
5089,45,3,561
5089,1,2,1038
5090,32,2,611
5090,45,3,561
5090,23,2,784
5091,43,2,1149
5091,11,3,1047
5091,3,2,748
5092,19,2,718
5093,29,1,1062
5094,28,2,1057
5094,13,3,954
5094,26,1,1135
5095,18,3,649
5096,10,3,913
5096,50,1,998
5096,15,3,439
5097,45,3,561
5097,1,3,1038
5097,24,1,946
5098,37,1,1229
5099,44,1,1303
5099,50,3,998
5099,37,2,1229
5100,1,3,1038
5100,13,2,954
5100,1,2,1038
5101,30,1,549
5101,2,2,576
5102,45,1,561
5102,12,2,1432
5102,7,1,332
5103,15,1,439
5103,15,1,439
5103,18,3,649
5104,36,3,847
5104,22,2,892
5105,17,2,902
5105,31,1,647
5105,12,1,1432
5106,36,1,847
5107,37,1,1229
5107,23,1,784
5107,28,2,1057
5108,45,2,561
5109,30,2,549
5110,29,3,1062
5110,31,3,647
5110,49,3,1172
5111,2,1,576
5111,30,1,549
5111,16,3,1416
5112,50,2,998
5112,23,1,784
5113,36,2,847
5113,15,1,439
5113,47,1,954
5114,26,2,1135
5114,45,3,561
5114,50,3,998
5115,48,2,553
5115,17,2,902
5115,45,2,561
5116,41,3,910
5117,22,1,892
5117,36,1,847
5118,1,1,1038
5119,19,1,718
5119,37,2,1229
5119,37,2,1229
5120,33,3,943
5120,35,1,815
5121,45,2,561
5122,3,3,748
5122,43,2,1149
5122,12,2,1432
5123,40,1,1066
5124,27,1,1283
5124,48,1,553
5124,33,1,943
5125,50,2,998
5125,5,3,1051
5126,48,1,553
5126,40,2,1066
5126,17,3,902
5127,43,3,1149
5127,45,3,561
5128,42,3,934
5128,26,2,1135
5128,41,1,910
5129,31,2,647
5129,14,1,1157
5130,21,1,736
5131,11,2,1047
5131,42,3,934
5132,35,2,815
5132,1,2,1038
5133,8,2,588
5133,44,3,1303
5134,9,2,1025
5134,13,1,954
5134,4,3,516
5135,1,1,1038
5136,8,3,588
5136,1,3,1038
5136,28,1,1057
5137,12,1,1432
5137,2,3,576
5138,2,1,576
5138,6,1,1306
5138,33,3,943
5139,35,2,815
5140,16,3,1416
5140,4,1,516
5141,32,3,611
5141,46,3,625
5142,40,3,1066
5142,37,2,1229
5142,26,1,1135
5143,41,1,910
5143,37,3,1229
5143,3,3,748
5144,50,3,998
5145,40,2,1066
5146,39,1,1068
5147,45,2,561
5147,14,2,1157
5147,22,1,892
5148,19,2,718
5148,36,3,847
5149,25,1,737
5150,49,2,1172
5151,21,1,736
5151,33,3,943
5151,25,3,737
5152,20,3,753
5152,29,2,1062
5153,46,3,625
5154,36,1,847
5155,13,1,954
5156,20,3,753
5157,32,2,611
5157,19,2,718
5158,19,2,718
5158,1,2,1038
5159,23,2,784
5160,1,2,1038
5160,36,2,847
5160,35,1,815
5161,34,3,1107
5161,11,3,1047
5161,10,2,913
5162,12,2,1432
5162,26,2,1135
5162,4,1,516
5163,4,1,516
5163,2,2,576
5164,42,1,934
5164,45,1,561
5164,40,1,1066
5165,37,1,1229
5165,41,1,910
5165,48,3,553
5166,44,2,1303
5166,12,1,1432
5166,28,3,1057
5167,15,2,439
5168,10,3,913
5169,1,2,1038
5169,10,2,913
5169,33,2,943
5170,6,2,1306
5171,39,2,1068
5171,10,3,913
5172,39,2,1068
5173,34,3,1107
5173,23,3,784
5173,36,2,847
5174,20,2,753
5175,50,2,998
5175,48,1,553
5176,21,2,736
5176,25,3,737
5176,26,2,1135
5177,34,1,1107
5177,13,1,954
5177,50,1,998
5178,13,3,954
5178,22,1,892
5178,7,2,332
5179,10,2,913
5180,44,1,1303
5180,22,1,892
5180,18,2,649
5181,31,2,647
5182,28,3,1057
5183,32,1,611
5184,8,1,588
5184,34,3,1107
5184,31,1,647
5185,11,3,1047
5185,15,2,439
5186,37,1,1229
5187,26,3,1135
5188,2,2,576
5189,33,3,943
5189,21,3,736
5190,19,3,718
5190,16,1,1416
5190,40,3,1066
5191,20,3,753
5192,25,3,737
5193,36,2,847
5193,22,3,892
5194,7,1,332
5195,46,2,625
5195,42,3,934
5195,17,3,902
5196,14,3,1157
5196,2,3,576
5197,43,3,1149
5197,26,1,1135
5198,49,2,1172
5199,24,1,946
5199,29,1,1062
5199,49,3,1172
5200,15,2,439
5200,45,2,561
5201,36,2,847
5201,26,2,1135
5201,24,3,946
5202,22,2,892
5202,44,1,1303
5203,17,1,902
5203,4,2,516
5204,48,3,553
5204,29,3,1062
5204,43,1,1149
5205,21,3,736
5206,9,1,1025
5206,23,1,784
5206,34,2,1107
5207,29,1,1062
5207,38,3,1061
5208,11,2,1047
5208,28,1,1057
5209,41,3,910
5210,47,1,954
5210,40,2,1066
5210,49,3,1172
5211,34,1,1107
5211,45,2,561
5211,34,1,1107
5212,32,2,611
5213,32,2,611
5213,45,2,561
5213,28,1,1057
5214,44,3,1303
5214,42,3,934
5215,40,2,1066
5216,17,3,902
5216,11,2,1047
5216,40,2,1066
5217,21,3,736
5217,21,3,736
5218,49,1,1172
5218,5,3,1051
5219,38,2,1061
5220,47,2,954
5220,26,3,1135
5220,49,3,1172
5221,47,1,954
5222,5,2,1051
5222,44,3,1303
5222,6,2,1306
5223,17,2,902
5223,37,3,1229
5223,31,2,647
5224,31,3,647
5224,3,2,748
5225,50,2,998
5225,39,3,1068
5225,38,3,1061
5226,29,2,1062
5226,3,3,748
5227,19,1,718
5227,34,1,1107
5228,25,2,737
5228,16,1,1416
5229,12,2,1432
5229,34,3,1107
5230,43,2,1149
5231,33,2,943
5231,35,1,815
5232,9,2,1025
5233,22,2,892
5234,31,1,647
5234,33,1,943
5234,36,3,847
5235,39,2,1068
5235,16,3,1416
5236,7,1,332
5236,19,2,718
5236,13,2,954
5237,11,3,1047
5237,17,2,902
5238,2,3,576
5239,12,1,1432
5240,14,3,1157
5240,48,1,553
5241,12,3,1432
5241,16,3,1416
5242,41,2,910
5242,49,2,1172
5242,9,2,1025
5243,19,1,718
5243,16,1,1416
5244,42,2,934
5245,22,1,892
5245,45,3,561
5246,12,1,1432
5246,24,2,946
5247,28,1,1057
5247,15,1,439
5247,27,3,1283
5248,40,2,1066
5248,50,2,998
5249,32,3,611
5249,45,2,561
5250,24,2,946
5250,10,1,913
5250,38,2,1061
5251,38,1,1061
5252,2,1,576
5252,26,1,1135
5253,35,1,815
5253,21,2,736
5253,42,2,934
5254,31,3,647
5254,42,3,934
5255,1,3,1038
5255,47,2,954
5255,37,3,1229
5256,44,1,1303
5257,14,2,1157
5257,4,2,516
5258,29,3,1062
5258,45,3,561
5258,42,3,934
5259,42,1,934
5259,43,2,1149
5260,39,2,1068
5260,26,2,1135
5260,4,2,516
5261,26,2,1135
5261,26,3,1135
5262,13,1,954
5263,34,3,1107
5264,5,2,1051
5265,13,1,954
5266,5,1,1051
5266,45,1,561
5267,50,2,998
5267,3,1,748
5268,39,1,1068
5269,7,2,332
5269,42,1,934
5270,4,2,516
5270,9,1,1025
5271,6,1,1306
5271,1,2,1038
5271,39,1,1068
5272,6,1,1306
5272,33,2,943
5272,22,3,892
5273,35,2,815
5273,13,3,954
5274,3,1,748
5274,19,1,718
5275,5,2,1051
5275,9,2,1025
5275,21,1,736
5276,35,1,815
5276,29,3,1062
5277,14,1,1157
5277,14,1,1157
5277,5,3,1051
5278,3,2,748
5279,1,3,1038
5280,34,2,1107
5280,1,2,1038
5281,28,3,1057
5282,14,3,1157
5283,31,2,647
5283,3,1,748
5283,7,1,332
5284,42,1,934
5285,25,3,737
5285,42,1,934
5285,31,2,647
5286,14,3,1157
5287,11,3,1047
5287,29,2,1062
5287,16,2,1416
5288,35,2,815
5289,40,2,1066
5289,50,2,998
5289,43,2,1149
5290,33,3,943
5291,32,1,611
5292,24,2,946
5292,10,2,913
5292,10,2,913
5293,36,2,847
5294,5,3,1051
5295,38,2,1061
5295,38,1,1061
5295,11,3,1047
5296,13,2,954
5296,21,3,736
5297,28,2,1057
5298,30,1,549
5298,25,1,737
5299,8,1,588
5300,5,3,1051
5300,32,2,611
5301,6,2,1306
5301,31,3,647
5301,2,1,576
5302,36,2,847
5302,22,3,892
5302,8,3,588
5303,37,1,1229
5303,44,3,1303
5303,43,1,1149
5304,36,3,847
5304,38,3,1061
5305,11,2,1047
5305,37,2,1229
5305,26,1,1135
5306,6,2,1306
5306,19,1,718
5307,3,1,748
5308,32,2,611
5308,8,1,588
5308,20,1,753
5309,28,1,1057
5309,10,3,913
5310,34,1,1107
5311,49,2,1172
5311,11,1,1047
5312,6,2,1306
5313,10,3,913
5313,50,1,998
5314,21,2,736
5315,48,3,553
5316,32,3,611
5316,48,1,553
5317,21,2,736
5317,33,2,943
5318,25,1,737
5319,2,3,576
5319,32,2,611
5320,13,3,954
5321,37,1,1229
5322,40,1,1066
5322,11,3,1047
5322,39,3,1068
5323,20,3,753
5324,49,1,1172
5324,26,1,1135
5324,23,3,784
5325,12,2,1432
5325,27,2,1283
5326,18,1,649
5326,50,1,998
5327,24,1,946
5327,20,2,753
5327,13,2,954
5328,40,1,1066
5328,29,3,1062
5328,50,3,998
5329,20,1,753
5330,22,3,892
5330,7,1,332
5330,14,2,1157
5331,47,2,954
5331,15,3,439
5331,11,3,1047
5332,49,1,1172
5333,40,1,1066
5333,2,1,576
5333,48,1,553
5334,7,2,332
5335,27,2,1283
5335,27,2,1283
5336,40,2,1066
5336,8,2,588
5337,12,2,1432
5338,1,2,1038
5338,41,1,910
5338,19,1,718
5339,40,3,1066
5339,9,2,1025
5340,12,2,1432
5341,48,3,553
5341,22,2,892
5342,14,2,1157
5343,25,2,737
5344,19,1,718
5345,25,2,737
5346,36,2,847
5346,16,1,1416
5346,6,1,1306
5347,16,3,1416
5348,40,2,1066
5348,29,1,1062
5348,1,1,1038
5349,6,2,1306
5349,13,2,954
5349,34,1,1107
5350,33,2,943
5351,8,2,588
5351,7,3,332
5352,32,2,611
5352,45,3,561
5352,36,3,847
5353,17,3,902
5353,12,2,1432
5353,25,3,737
5354,32,3,611
5354,46,2,625
5355,49,1,1172
5355,8,2,588
5356,21,1,736
5356,15,1,439
5356,48,3,553
5357,3,2,748
5357,17,1,902
5358,25,1,737
5358,3,1,748
5358,12,2,1432
5359,10,3,913
5359,14,2,1157
5360,18,3,649
5360,14,1,1157
5360,3,1,748
5361,37,2,1229
5361,35,2,815
5361,35,2,815
5362,43,3,1149
5362,4,3,516
5363,45,1,561
5363,14,2,1157
5364,16,2,1416
5364,48,1,553
5365,26,2,1135
5365,50,1,998
5366,20,1,753
5366,50,1,998
5366,44,3,1303
5367,42,3,934
5367,50,2,998
5368,29,1,1062
5369,45,2,561
5369,36,1,847
5370,45,3,561
5370,12,3,1432
5370,20,1,753
5371,44,1,1303
5371,18,3,649
5371,1,1,1038
5372,2,2,576
5373,32,3,611
5374,35,2,815
5374,5,2,1051
5374,20,2,753
5375,48,1,553
5376,26,3,1135
5376,6,2,1306
5377,24,2,946
5377,43,3,1149
5377,47,1,954
5378,4,1,516
5378,47,3,954
5379,12,1,1432
5379,39,3,1068
5380,13,1,954
5380,24,1,946
5380,4,2,516
5381,21,1,736
5381,37,1,1229
5382,18,1,649
5382,18,1,649
5383,36,2,847
5383,37,1,1229
5383,32,3,611
5384,41,3,910
5384,10,2,913
5385,6,2,1306
5386,19,1,718
5387,49,1,1172
5387,30,1,549
5388,4,2,516
5388,47,2,954
5388,3,2,748
5389,8,2,588
5389,1,3,1038
5389,2,1,576
5390,23,2,784
5390,48,1,553
5391,47,3,954
5391,31,2,647
5391,15,3,439
5392,47,3,954
5392,3,2,748
5392,48,2,553
5393,28,1,1057
5394,21,3,736
5394,27,3,1283
5395,31,2,647
5396,43,2,1149
5396,43,3,1149
5397,16,3,1416
5398,17,1,902
5398,50,2,998
5399,40,2,1066
5399,50,2,998
5399,34,3,1107
5400,38,2,1061
5400,7,1,332
5401,24,3,946
5401,4,2,516
5401,4,2,516
5402,31,2,647
5402,11,3,1047
5402,40,2,1066
5403,31,1,647
5403,49,2,1172
5403,21,3,736
5404,32,1,611
5405,47,3,954
5405,24,1,946
5406,42,2,934
5406,39,3,1068
5406,24,2,946
5407,32,1,611
5407,16,2,1416
5407,20,3,753
5408,10,2,913
5409,10,3,913
5409,17,1,902
5409,27,2,1283
5410,41,2,910
5411,42,2,934
5411,15,2,439
5412,23,1,784
5412,44,3,1303
5413,24,1,946
5414,3,1,748
5415,8,3,588
5415,32,3,611
5416,26,1,1135
5416,41,1,910
5416,25,1,737
5417,29,3,1062
5417,47,3,954
5417,7,1,332
5418,22,1,892
5419,47,1,954
5420,26,2,1135
5420,38,2,1061
5420,7,2,332
5421,24,2,946
5421,33,3,943
5421,25,2,737
5422,48,1,553
5422,13,1,954
5422,38,2,1061
5423,46,3,625
5423,33,1,943
5424,43,3,1149
5424,6,1,1306
5424,48,1,553
5425,8,1,588
5425,22,3,892
5425,40,2,1066
5426,45,3,561
5426,10,2,913
5427,32,1,611
5427,40,3,1066
5428,23,1,784
5428,48,1,553
5428,6,2,1306
5429,3,1,748
5430,39,3,1068
5430,43,1,1149
5430,4,1,516
5431,19,1,718
5431,21,1,736
5432,11,2,1047
5432,21,3,736
5432,32,1,611
5433,44,1,1303
5434,6,2,1306
5434,41,1,910
5435,48,2,553
5436,41,2,910
5436,25,2,737
5436,24,3,946
5437,2,1,576
5437,36,3,847
5437,9,3,1025
5438,47,2,954
5438,46,1,625
5439,38,3,1061
5439,4,2,516
5439,46,3,625
5440,43,3,1149
5441,7,2,332
5442,3,1,748
5442,36,2,847
5443,50,2,998
5443,50,3,998
5444,28,3,1057
5444,27,2,1283
5444,9,3,1025
5445,47,1,954
5445,36,2,847
5445,22,1,892
5446,17,3,902
5447,50,3,998
5447,35,1,815
5447,46,2,625
5448,42,1,934
5448,12,1,1432
5449,48,2,553
5450,7,3,332
5450,48,2,553
5451,6,1,1306
5451,5,2,1051
5451,29,1,1062
5452,11,3,1047
5452,19,1,718
5453,18,1,649
5453,8,1,588
5454,43,2,1149
5455,38,1,1061
5455,4,1,516
5456,40,3,1066
5457,9,2,1025
5457,25,1,737
5457,26,1,1135
5458,10,1,913
5458,30,1,549
5458,49,2,1172
5459,30,3,549
5459,44,1,1303
5460,3,3,748
5461,45,1,561
5461,29,2,1062
5462,49,2,1172
5462,19,3,718
5462,29,1,1062
5463,40,3,1066
5463,32,2,611
5464,1,1,1038
5464,9,1,1025
5464,16,1,1416
5465,40,3,1066
5466,36,3,847
5466,47,3,954
5467,45,1,561
5467,48,3,553
5468,37,1,1229
5468,27,3,1283
5468,49,3,1172
5469,32,1,611
5470,48,2,553
5470,37,2,1229
5470,43,2,1149
5471,44,3,1303
5472,7,3,332
5472,27,2,1283
5472,21,2,736
5473,40,1,1066
5474,7,1,332
5474,44,3,1303
5474,5,2,1051
5475,46,1,625
5475,31,1,647
5475,39,1,1068
5476,35,1,815
5476,11,1,1047
5477,48,1,553
5477,36,1,847
5477,17,3,902
5478,12,1,1432
5478,17,2,902
5479,2,2,576
5479,32,1,611
5480,30,1,549
5481,3,1,748
5482,48,1,553
5483,23,2,784
5483,30,3,549
5483,6,1,1306
5484,31,1,647
5484,11,1,1047
5484,22,1,892
5485,41,3,910
5485,6,2,1306
5486,39,1,1068
5486,34,3,1107
5487,13,1,954
5488,39,2,1068
5489,18,3,649
5489,49,3,1172
5490,5,3,1051
5490,32,1,611
5490,35,1,815
5491,39,3,1068
5491,35,2,815
5491,46,1,625
5492,45,2,561
5493,32,3,611
5493,42,3,934
5494,41,2,910
5494,27,1,1283
5495,41,3,910
5495,48,1,553
5496,22,1,892
5497,27,1,1283
5498,34,3,1107
5498,18,2,649
5499,16,2,1416
5500,36,2,847
5501,16,2,1416
5501,46,1,625
5502,32,3,611
5502,22,3,892
5502,36,3,847
5503,16,3,1416
5503,9,1,1025
5504,22,1,892
5505,27,2,1283
5506,31,3,647
5506,14,2,1157
5507,45,1,561
5508,7,2,332
5509,33,2,943
5510,14,2,1157
5510,36,3,847
5511,28,3,1057
5511,39,1,1068
5512,48,3,553
5513,27,3,1283
5513,28,3,1057
5513,42,1,934
5514,37,3,1229
5514,6,3,1306
5514,45,3,561
5515,27,2,1283
5515,24,3,946
5515,6,1,1306
5516,47,3,954
5516,12,1,1432
5516,24,3,946
5517,11,1,1047
5517,35,1,815
5518,20,2,753
5519,14,1,1157
5519,4,1,516
5520,16,2,1416
5521,44,2,1303
5521,29,3,1062
5522,46,3,625
5522,50,1,998
5523,8,1,588
5523,30,3,549
5524,8,1,588
5524,41,3,910
5524,42,1,934
5525,46,2,625
5525,27,2,1283
5526,28,2,1057
5527,4,1,516
5527,39,2,1068
5527,46,2,625
5528,20,1,753
5529,20,2,753
5530,34,2,1107
5531,10,1,913
5532,5,3,1051
5532,16,2,1416
5533,43,2,1149
5533,10,3,913
5533,9,1,1025
5534,6,1,1306
5534,39,1,1068
5535,10,1,913
5536,16,3,1416
5537,30,3,549
5537,3,3,748
5537,50,2,998
5538,49,3,1172
5539,12,2,1432
5539,24,2,946
5539,49,1,1172
5540,50,3,998
5541,17,1,902
5542,22,2,892
5542,12,1,1432
5543,49,2,1172
5543,25,2,737
5543,19,3,718
5544,34,2,1107
5544,14,3,1157
5545,23,1,784
5546,16,2,1416
5546,34,1,1107
5546,42,2,934
5547,29,2,1062
5547,37,3,1229
5547,29,1,1062
5548,27,3,1283
5548,8,3,588
5549,15,3,439
5549,13,2,954
5550,32,1,611
5550,36,1,847
5550,36,1,847
5551,34,2,1107
5552,25,3,737
5552,46,3,625
5553,22,2,892
5554,3,3,748
5555,7,3,332
5555,16,1,1416
5555,45,3,561
5556,14,1,1157
5556,7,3,332
5557,38,2,1061
5557,42,3,934
5557,3,2,748
5558,6,1,1306
5558,16,3,1416
5559,4,2,516
5560,36,2,847
5560,24,2,946
5561,22,3,892
5562,4,1,516
5563,40,3,1066
5564,13,3,954
5564,38,3,1061
5565,27,1,1283
5565,27,2,1283
5565,21,2,736
5566,20,1,753
5567,1,1,1038
5568,3,3,748
5569,12,2,1432
5569,46,3,625
5569,24,2,946
5570,3,2,748
5570,22,1,892
5571,20,1,753
5571,43,1,1149
5571,12,3,1432
5572,9,2,1025
5573,15,3,439
5573,25,2,737
5573,39,2,1068
5574,19,2,718
5575,1,2,1038
5575,21,2,736
5575,8,2,588
5576,13,2,954
5576,15,3,439
5577,48,3,553
5577,21,2,736
5577,14,2,1157
5578,34,3,1107
5578,46,1,625
5579,35,1,815
5580,36,2,847
5580,15,3,439
5581,9,1,1025
5582,22,3,892
5583,49,1,1172
5583,42,1,934
5584,45,2,561
5585,41,3,910
5586,29,1,1062
5586,43,3,1149
5586,44,2,1303
5587,39,2,1068
5587,14,2,1157
5588,44,2,1303
5588,17,2,902
5589,49,3,1172
5589,6,2,1306
5590,43,3,1149
5591,21,3,736
5592,24,2,946
5593,30,3,549
5593,28,2,1057
5593,23,3,784
5594,30,3,549
5594,50,3,998
5595,12,1,1432
5595,36,1,847
5596,34,3,1107
5597,47,3,954
5597,6,3,1306
5598,1,1,1038
5598,45,1,561
5598,28,3,1057
5599,32,1,611
5599,31,2,647
5599,43,1,1149
5600,32,3,611
5601,35,3,815
5602,20,1,753
5602,38,1,1061
5602,5,2,1051
5603,13,3,954
5603,7,2,332
5603,23,3,784
5604,37,1,1229
5604,7,1,332
5605,6,3,1306
5605,7,2,332
5606,9,2,1025
5606,1,3,1038
5606,42,1,934
5607,24,2,946
5608,49,2,1172
5608,11,1,1047
5609,26,2,1135
5610,1,1,1038
5611,26,3,1135
5611,49,2,1172
5611,42,3,934
5612,45,2,561
5613,39,3,1068
5613,26,1,1135
5613,38,3,1061
5614,1,2,1038
5614,40,1,1066
5614,9,2,1025
5615,13,2,954
5616,12,1,1432
5617,31,1,647
5617,6,3,1306
5618,13,1,954
5618,1,1,1038
5618,7,1,332
5619,40,3,1066
5619,18,2,649
5620,25,1,737
5620,43,3,1149
5621,17,3,902
5622,41,1,910
5623,14,3,1157
5623,6,2,1306
5623,17,2,902
5624,38,1,1061
5624,30,3,549
5625,10,3,913
5625,46,2,625
5625,11,3,1047
5626,1,1,1038
5626,4,1,516
5626,20,3,753
5627,6,1,1306
5628,49,2,1172
5629,31,3,647
5629,44,3,1303
5630,34,2,1107
5631,39,3,1068
5631,39,3,1068
5631,16,3,1416
5632,48,3,553
5633,40,2,1066
5633,33,2,943
5633,44,3,1303
5634,34,2,1107
5634,1,2,1038
5634,6,2,1306
5635,2,1,576
5635,45,2,561
5635,28,1,1057
5636,29,1,1062
5636,34,2,1107
5637,47,3,954
5637,23,2,784
5637,22,3,892
5638,22,3,892
5639,7,2,332
5640,36,3,847
5640,19,1,718
5640,23,2,784
5641,3,1,748
5642,49,1,1172
5642,8,3,588
5643,14,3,1157
5644,30,3,549
5644,25,1,737
5644,49,1,1172
5645,11,3,1047
5646,13,1,954
5646,44,2,1303
5647,6,1,1306
5648,13,3,954
5648,5,2,1051
5649,33,3,943
5650,47,3,954
5650,22,1,892
5650,26,2,1135
5651,50,1,998
5652,17,3,902
5653,1,2,1038
5654,21,1,736
5654,21,1,736
5655,31,1,647
5655,2,1,576
5656,45,3,561
5656,11,3,1047
5657,13,2,954
5658,13,3,954
5659,37,3,1229
5660,31,2,647
5660,15,2,439
5661,13,1,954
5661,42,1,934
5662,32,3,611
5662,33,2,943
5663,34,1,1107
5664,32,3,611
5665,12,2,1432
5665,7,2,332
5666,39,1,1068
5666,9,2,1025
5667,14,2,1157
5668,2,3,576
5668,14,2,1157
5668,27,3,1283
5669,11,2,1047
5670,3,1,748
5670,36,1,847
5670,16,1,1416
5671,29,3,1062
5672,28,2,1057
5673,38,2,1061
5673,8,1,588
5674,14,1,1157
5674,34,2,1107
5675,24,3,946
5675,2,3,576
5675,3,1,748
5676,41,2,910
5676,15,1,439
5677,6,2,1306
5677,43,1,1149
5678,48,2,553
5679,1,2,1038
5679,7,1,332
5680,19,2,718
5680,5,2,1051
5681,47,2,954
5682,36,3,847
5682,32,1,611
5683,32,2,611
5683,35,2,815
5684,5,3,1051
5684,49,2,1172
5685,23,2,784
5686,27,3,1283
5686,27,2,1283
5686,17,3,902
5687,30,1,549
5687,17,1,902
5688,3,3,748
5688,36,3,847
5688,46,2,625
5689,19,3,718
5689,40,3,1066
5690,4,1,516
5690,10,3,913
5691,36,1,847
5691,4,1,516
5692,19,1,718
5692,20,1,753
5692,42,2,934
5693,18,2,649
5693,17,2,902
5694,45,1,561
5695,27,1,1283
5695,21,3,736
5696,32,2,611
5696,18,1,649
5697,41,3,910
5698,24,2,946
5699,42,3,934
5699,41,1,910
5699,28,1,1057
5700,42,1,934
5700,4,1,516
5700,13,2,954
5701,37,3,1229
5702,10,3,913
5703,24,1,946
5703,26,2,1135
5704,19,3,718
5705,25,2,737
5706,34,2,1107
5706,34,1,1107
5706,30,3,549
5707,50,1,998
5708,23,1,784
5709,27,1,1283
5709,48,1,553
5709,33,3,943
5710,40,3,1066
5710,12,3,1432
5710,15,2,439
5711,32,1,611
5711,44,2,1303
5711,10,2,913
5712,24,1,946
5712,33,3,943
5713,33,2,943
5713,25,2,737
5713,20,3,753
5714,8,1,588
5715,16,3,1416
5715,14,3,1157
5716,19,1,718
5716,50,1,998
5716,21,2,736
5717,34,3,1107
5718,5,3,1051
5718,30,2,549
5719,34,3,1107
5719,37,1,1229
5720,32,1,611
5721,27,3,1283
5721,25,2,737
5722,4,3,516
5723,26,1,1135
5723,38,1,1061
5724,12,3,1432
5724,3,3,748
5725,16,1,1416
5725,38,3,1061
5726,31,2,647
5726,42,2,934
5727,17,1,902
5727,27,2,1283
5727,40,3,1066
5728,38,1,1061
5728,34,2,1107
5728,13,2,954
5729,18,1,649
5729,8,1,588
5729,10,2,913
5730,45,3,561
5730,38,3,1061
5730,13,2,954
5731,49,2,1172
5731,4,3,516
5731,41,3,910
5732,3,1,748
5732,18,3,649
5733,32,1,611
5733,19,3,718
5734,1,1,1038
5735,46,2,625
5735,32,1,611
5736,10,3,913
5737,7,2,332
5737,11,3,1047
5737,31,2,647
5738,37,1,1229
5739,33,1,943
5740,34,2,1107
5741,13,2,954
5742,39,2,1068
5742,29,1,1062
5743,32,3,611
5743,26,2,1135
5743,46,1,625
5744,47,2,954
5744,29,2,1062
5744,39,1,1068
5745,31,3,647
5745,17,1,902
5746,7,3,332
5746,43,3,1149
5746,25,2,737
5747,31,1,647
5748,18,3,649
5748,6,3,1306
5748,2,2,576
5749,10,1,913
5750,48,3,553
5750,18,3,649
5750,41,2,910
5751,32,1,611
5751,6,3,1306
5752,35,1,815
5752,7,1,332
5753,2,2,576
5754,16,2,1416
5754,29,3,1062
5754,26,1,1135
5755,44,1,1303
5756,46,1,625
5757,6,2,1306
5757,18,3,649
5758,6,3,1306
5758,15,3,439
5759,15,1,439
5759,5,1,1051
5759,33,1,943
5760,44,1,1303
5760,14,1,1157
5760,39,1,1068
5761,42,2,934
5761,18,1,649
5761,16,3,1416
5762,30,3,549
5762,48,1,553
5762,30,3,549
5763,14,3,1157
5763,50,2,998
5764,21,2,736
5765,20,2,753
5765,27,2,1283
5766,46,1,625
5767,30,1,549
5768,37,1,1229
5769,46,2,625
5769,29,1,1062
5769,1,2,1038
5770,24,1,946
5770,18,3,649
5770,3,1,748
5771,9,1,1025
5771,26,2,1135
5771,32,2,611
5772,32,3,611
5773,50,1,998
5773,34,1,1107
5774,37,1,1229
5774,40,2,1066
5775,7,2,332
5775,14,2,1157
5776,24,1,946
5777,23,1,784
5777,24,3,946
5777,47,2,954
5778,50,3,998
5778,19,3,718
5778,17,3,902
5779,4,1,516
5779,43,3,1149
5779,44,2,1303
5780,4,1,516
5780,45,2,561
5781,34,2,1107
5781,47,2,954
5781,14,3,1157
5782,29,1,1062
5782,13,3,954
5782,35,3,815
5783,13,1,954
5783,22,1,892
5784,33,2,943
5784,30,2,549
5785,13,3,954
5786,39,3,1068
5786,32,1,611
5787,42,1,934
5787,44,3,1303
5788,24,1,946
5788,18,1,649
5789,2,2,576
5789,15,3,439
5790,2,1,576
5790,16,2,1416
5791,39,2,1068
5791,21,3,736
5791,48,2,553
5792,42,3,934
5793,40,2,1066
5793,26,3,1135
5793,46,1,625
5794,43,2,1149
5794,22,1,892
5794,37,2,1229
5795,29,1,1062
5796,32,3,611
5797,48,3,553
5798,5,1,1051
5798,36,3,847
5798,37,2,1229
5799,38,1,1061
5799,30,3,549
5799,31,3,647
5800,42,1,934
5801,45,3,561
5801,21,3,736
5801,26,2,1135
5802,43,1,1149
5803,15,2,439
5803,21,3,736
5803,15,2,439
5804,46,2,625
5804,45,3,561
5804,27,3,1283
5805,49,3,1172
5806,37,2,1229
5806,46,1,625
5806,1,2,1038
5807,36,2,847
5807,12,2,1432
5807,4,1,516
5808,19,3,718
5808,47,3,954
5809,19,1,718
5809,36,3,847
5810,11,1,1047
5811,20,1,753
5812,36,1,847
5812,6,1,1306
5813,13,1,954
5814,44,2,1303
5814,18,3,649
5814,14,1,1157
5815,35,2,815
5815,29,2,1062
5816,21,3,736
5816,17,1,902
5817,50,3,998
5817,26,1,1135
5818,37,1,1229
5819,1,2,1038
5819,40,3,1066
5820,21,2,736
5820,36,3,847
5820,2,3,576
5821,29,3,1062
5821,27,1,1283
5821,26,2,1135
5822,23,3,784
5823,37,1,1229
5823,27,2,1283
5823,13,3,954
5824,37,3,1229
5824,22,2,892
5825,20,2,753
5826,50,2,998
5827,17,2,902
5827,34,2,1107
5827,50,1,998
5828,17,2,902
5828,30,1,549
5828,9,2,1025
5829,43,1,1149
5830,48,1,553
5831,6,1,1306
5831,22,2,892
5831,50,2,998
5832,18,2,649
5832,25,2,737
5832,47,2,954
5833,23,2,784
5833,27,1,1283
5833,23,3,784
5834,37,1,1229
5834,19,3,718
5835,50,2,998
5835,4,2,516
5836,47,1,954
5837,36,3,847
5837,9,2,1025
5838,22,3,892
5838,4,3,516
5839,25,3,737
5840,44,3,1303
5840,17,1,902
5840,27,1,1283
5841,16,3,1416
5842,38,1,1061
5843,39,1,1068
5843,32,3,611
5844,41,3,910
5844,46,1,625
5845,3,1,748
5845,6,1,1306
5845,24,3,946
5846,4,2,516
5846,37,3,1229
5846,20,1,753
5847,24,3,946
5847,22,2,892
5848,22,1,892
5849,14,1,1157
5849,41,2,910
5850,3,2,748
5850,6,1,1306
5851,38,1,1061
5852,47,3,954
5852,19,3,718
5852,5,1,1051
5853,20,1,753
5854,28,1,1057
5854,28,3,1057
5855,18,3,649
5855,23,3,784
5856,37,1,1229
5857,40,3,1066
5857,7,3,332
5857,7,2,332
5858,44,2,1303
5859,22,2,892
5859,30,2,549
5859,36,2,847
5860,21,1,736
5861,45,1,561
5861,43,2,1149
5862,43,1,1149
5862,39,2,1068
5862,45,1,561
5863,31,2,647
5863,11,1,1047
5863,22,1,892
5864,45,1,561
5865,3,3,748
5865,30,2,549
5865,47,1,954
5866,38,3,1061
5866,33,1,943
5867,22,2,892
5867,33,3,943
5867,24,1,946
5868,20,2,753
5869,8,3,588
5869,19,2,718
5870,16,3,1416
5870,28,3,1057
5870,20,2,753
5871,42,3,934
5872,12,1,1432
5872,28,2,1057
5872,34,1,1107
5873,19,2,718
5874,34,1,1107
5875,16,1,1416
5875,37,3,1229
5876,40,2,1066
5876,20,3,753
5876,23,2,784
5877,15,2,439
5877,41,2,910
5878,5,1,1051
5879,24,1,946
5879,15,2,439
5879,14,1,1157
5880,14,1,1157
5880,1,3,1038
5881,5,3,1051
5882,13,3,954
5883,49,1,1172
5884,24,3,946
5884,28,3,1057
5884,50,3,998
5885,44,2,1303
5886,20,1,753
5887,10,3,913
5888,33,2,943
5888,25,3,737
5889,6,3,1306
5889,8,2,588
5889,26,1,1135
5890,24,2,946
5890,4,3,516
5891,5,2,1051
5892,30,3,549
5893,36,3,847
5894,43,2,1149
5894,30,3,549
5895,9,3,1025
5895,32,3,611
5896,12,2,1432
5897,45,2,561
5897,11,1,1047
5898,48,3,553
5899,49,2,1172
5899,41,1,910
5900,19,2,718
5901,39,3,1068
5901,10,1,913
5901,25,3,737
5902,21,2,736
5903,46,1,625
5903,18,1,649
5904,6,2,1306
5904,11,3,1047
5904,41,1,910
5905,27,1,1283
5906,32,1,611
5906,24,2,946
5906,36,1,847
5907,34,2,1107
5907,29,2,1062
5908,31,2,647
5909,2,3,576
5910,36,3,847
5910,23,1,784
5911,41,2,910
5911,6,2,1306
5911,15,2,439
5912,5,2,1051
5912,6,3,1306
5913,6,1,1306
5914,25,1,737
5914,9,3,1025
5914,20,1,753
5915,20,1,753
5915,21,1,736
5915,13,3,954
5916,3,2,748
5917,6,2,1306
5917,46,1,625
5917,3,3,748
5918,10,1,913
5919,24,3,946
5919,31,1,647
5919,4,1,516
5920,43,2,1149
5921,5,2,1051
5921,16,1,1416
5922,33,3,943
5922,13,1,954
5923,28,2,1057
5924,27,1,1283
5924,37,3,1229
5925,6,1,1306
5926,1,1,1038
5927,39,3,1068
5927,10,2,913
5927,23,1,784
5928,42,3,934
5928,50,2,998
5929,41,3,910
5930,37,1,1229
5930,29,2,1062
5931,4,2,516
5932,9,3,1025
5932,34,1,1107
5932,45,1,561
5933,27,1,1283
5933,35,3,815
5933,33,2,943
5934,33,3,943
5934,28,3,1057
5935,37,1,1229
5935,9,2,1025
5936,4,2,516
5937,48,1,553
5937,41,2,910
5938,4,1,516
5938,13,1,954
5939,39,3,1068
5939,25,3,737
5940,29,1,1062
5941,43,1,1149
5942,44,2,1303
5942,35,1,815
5943,13,2,954
5943,16,2,1416
5943,49,2,1172
5944,20,2,753
5944,35,1,815
5944,26,1,1135
5945,33,1,943
5945,43,1,1149
5945,31,3,647
5946,49,3,1172
5946,44,3,1303
5946,40,3,1066
5947,5,2,1051
5948,38,1,1061
5948,7,2,332
5948,34,1,1107
5949,39,2,1068
5950,48,1,553
5951,47,3,954
5952,24,1,946
5952,8,2,588
5952,9,1,1025
5953,23,2,784
5953,16,2,1416
5954,16,2,1416
5954,4,2,516
5955,35,1,815
5956,24,3,946
5957,6,2,1306
5957,10,3,913
5957,45,3,561
5958,39,3,1068
5958,5,3,1051
5958,16,2,1416
5959,12,1,1432
5960,4,3,516
5960,7,2,332
5960,24,3,946
5961,41,3,910
5961,12,2,1432
5961,33,2,943
5962,34,2,1107
5962,23,3,784
5963,49,2,1172
5964,3,3,748
5965,23,1,784
5966,42,2,934
5966,44,3,1303
5966,36,2,847
5967,39,1,1068
5967,19,1,718
5967,32,1,611
5968,24,2,946
5968,15,2,439
5969,38,2,1061
5969,36,2,847
5970,40,2,1066
5970,43,2,1149
5970,40,1,1066
5971,9,2,1025
5972,33,3,943
5973,2,1,576
5974,16,2,1416
5974,19,1,718
5975,32,3,611
5976,9,1,1025
5977,14,3,1157
5977,16,3,1416
5977,40,1,1066
5978,33,3,943
5978,41,3,910
5978,1,1,1038
5979,12,3,1432
5980,28,2,1057
5980,47,3,954
5981,27,2,1283
5981,4,2,516
5982,20,3,753
5982,45,3,561
5983,42,1,934
5984,15,2,439
5984,14,1,1157
5984,29,1,1062
5985,17,2,902
5986,3,3,748
5987,38,2,1061
5987,38,1,1061
5987,22,2,892
5988,50,2,998
5988,23,3,784
5988,2,2,576
5989,26,1,1135
5989,11,3,1047
5989,17,2,902
5990,23,1,784
5991,40,1,1066
5991,39,3,1068
5991,5,3,1051
5992,4,1,516
5993,4,2,516
5994,45,3,561
5995,36,2,847
5995,19,3,718
5995,26,3,1135
5996,34,3,1107
5996,13,2,954
5997,3,2,748
5997,39,3,1068
5997,26,1,1135
5998,1,3,1038
5998,29,3,1062
5999,9,1,1025
6000,47,3,954
6001,5,2,1051
6002,43,3,1149
6002,9,1,1025
6002,14,2,1157
6003,42,2,934
6003,38,3,1061
6004,32,1,611
6004,6,3,1306
6004,45,3,561
6005,32,1,611
6005,14,3,1157
6005,32,2,611
6006,18,3,649
6006,35,3,815
6007,26,2,1135
6008,1,2,1038
6009,30,1,549
6009,15,1,439
6010,34,2,1107
6010,9,3,1025
6010,7,2,332
6011,11,1,1047
6012,49,2,1172
6012,35,1,815
6013,14,1,1157
6014,33,2,943
6014,38,1,1061
6014,31,1,647
6015,20,1,753
6015,26,3,1135
6016,16,1,1416
6016,29,1,1062
6016,34,2,1107
6017,26,3,1135
6017,6,3,1306
6018,9,1,1025
6018,38,3,1061
6019,3,2,748
6019,9,3,1025
6019,47,1,954
6020,36,2,847
6020,16,2,1416
6020,45,3,561
6021,22,2,892
6021,42,2,934
6021,15,1,439
6022,35,2,815
6022,24,1,946
6023,48,3,553
6023,39,3,1068
6024,5,1,1051
6025,27,2,1283
6026,47,1,954
6026,17,3,902
6026,28,1,1057
6027,42,1,934
6027,43,3,1149
6028,28,3,1057
6028,38,1,1061
6029,46,3,625
6030,20,1,753
6031,35,2,815
6031,28,1,1057
6032,20,3,753
6033,10,3,913
6034,24,2,946
6034,42,1,934
6035,40,2,1066
6036,9,1,1025
6037,39,2,1068
6037,9,2,1025
6037,24,1,946
6038,31,3,647
6038,30,1,549
6039,36,2,847
6040,46,3,625
6040,14,2,1157
6041,31,1,647
6041,38,1,1061
6042,49,1,1172
6042,48,3,553
6043,27,1,1283
6043,46,2,625
6044,32,2,611
6045,14,1,1157
6046,9,1,1025
6046,46,2,625
6047,17,2,902
6047,38,2,1061
6048,44,1,1303
6048,41,1,910
6048,48,1,553
6049,7,2,332
6049,31,2,647
6050,17,2,902
6050,49,2,1172
6051,48,2,553
6051,48,2,553
6051,25,2,737
6052,10,2,913
6053,12,1,1432
6054,22,2,892
6055,35,2,815
6055,7,3,332
6055,14,2,1157
6056,3,1,748
6057,29,1,1062
6057,12,1,1432
6057,47,2,954
6058,42,1,934
6058,22,2,892
6059,29,3,1062
6059,7,1,332
6059,15,3,439
6060,36,3,847
6061,11,2,1047
6061,41,3,910
6062,27,1,1283
6062,6,2,1306
6062,17,2,902
6063,46,1,625
6063,23,2,784
6063,5,2,1051
6064,21,1,736
6064,12,1,1432
6065,31,3,647
6065,14,3,1157
6065,28,2,1057
6066,4,3,516
6067,6,3,1306
6067,30,3,549
6067,18,2,649
6068,32,2,611
6069,37,1,1229
6069,49,1,1172
6070,42,1,934
6071,41,3,910
6072,42,3,934
6072,46,3,625
6073,3,2,748
6073,7,2,332
6073,22,1,892
6074,4,2,516
6075,10,1,913
6075,48,1,553
6076,40,1,1066
6077,28,1,1057
6078,15,1,439
6079,41,1,910
6080,1,3,1038
6080,49,2,1172
6080,8,2,588
6081,44,2,1303
6081,28,1,1057
6081,17,1,902
6082,44,2,1303
6083,38,1,1061
6083,49,3,1172
6083,35,1,815
6084,11,2,1047
6084,10,2,913
6085,44,1,1303
6086,17,1,902
6086,8,2,588
6086,13,1,954
6087,17,2,902
6088,13,3,954
6088,21,2,736
6089,44,2,1303
6089,23,3,784
6090,4,1,516
6091,9,1,1025
6091,24,2,946
6092,43,3,1149
6093,2,2,576
6094,24,1,946
6095,25,3,737
6096,23,1,784
6097,48,3,553
6098,35,2,815
6098,32,1,611
6098,48,2,553
6099,1,2,1038
6099,47,2,954
6100,38,3,1061
6101,50,1,998
6101,39,2,1068
6102,31,2,647
6103,46,3,625
6103,14,2,1157
6104,1,3,1038
6104,12,3,1432
6105,45,3,561
6105,10,2,913
6105,12,1,1432
6106,26,3,1135
6106,35,1,815
6106,26,1,1135
6107,21,3,736
6107,21,3,736
6108,45,2,561
6108,3,2,748
6109,22,2,892
6109,47,2,954
6109,4,3,516
6110,11,1,1047
6110,7,3,332
6110,22,3,892
6111,9,1,1025
6111,5,2,1051
6111,42,2,934
6112,30,1,549
6112,48,3,553
6112,41,3,910
6113,18,2,649
6113,47,3,954
6114,5,3,1051
6115,13,1,954
6115,18,2,649
6115,40,2,1066
6116,29,3,1062
6117,35,3,815
6117,12,3,1432
6118,50,1,998
6118,6,2,1306
6118,42,1,934
6119,40,3,1066
6119,13,1,954
6120,33,1,943
6121,33,2,943
6121,7,3,332
6122,1,1,1038
6122,17,2,902
6122,19,1,718
6123,49,2,1172
6124,39,3,1068
6124,24,1,946
6125,12,3,1432
6125,19,1,718
6126,19,3,718
6127,49,2,1172
6128,13,1,954
6129,22,1,892
6129,9,1,1025
6130,6,1,1306
6131,16,2,1416
6131,16,2,1416
6131,28,2,1057
6132,16,3,1416
6132,9,3,1025
6133,7,3,332
6133,32,3,611
6133,16,3,1416
6134,22,2,892
6134,4,3,516
6134,26,3,1135
6135,50,1,998
6135,5,1,1051
6135,28,1,1057
6136,2,3,576
6137,28,1,1057
6138,14,1,1157
6139,18,3,649
6139,10,2,913
6139,5,1,1051
6140,6,3,1306
6141,44,3,1303
6142,9,3,1025
6142,8,2,588
6142,21,1,736
6143,26,1,1135
6143,37,1,1229
6144,45,2,561
6144,28,1,1057
6144,32,1,611
6145,14,1,1157
6145,1,2,1038
6145,21,1,736
6146,46,1,625
6147,31,3,647
6147,47,1,954
6147,11,3,1047
6148,7,2,332
6149,23,2,784
6149,10,1,913
6150,49,2,1172
6150,34,3,1107
6151,27,1,1283
6151,38,3,1061
6151,24,2,946
6152,14,2,1157
6153,26,1,1135
6153,44,1,1303
6153,38,2,1061
6154,34,1,1107
6154,50,1,998
6154,43,1,1149
6155,19,1,718
6156,47,1,954
6156,3,1,748
6157,33,3,943
6157,34,2,1107
6157,21,1,736
6158,1,2,1038
6158,16,2,1416
6159,19,2,718
6160,28,1,1057
6160,5,2,1051
6161,47,3,954
6161,33,2,943
6161,24,1,946
6162,46,3,625
6162,18,1,649
6163,42,1,934
6164,14,1,1157
6164,20,2,753
6165,18,3,649
6165,7,1,332
6165,21,1,736
6166,39,1,1068
6166,33,1,943
6166,16,2,1416
6167,24,3,946
6167,17,1,902
6168,42,3,934
6168,38,2,1061
6168,22,2,892
6169,38,3,1061
6169,48,3,553
6170,8,3,588
6171,31,1,647
6171,30,1,549
6171,31,3,647
6172,30,3,549
6172,10,2,913
6172,31,3,647
6173,36,2,847
6173,31,3,647
6174,16,1,1416
6175,42,2,934
6175,35,2,815
6175,12,3,1432
6176,35,1,815
6177,46,1,625
6177,42,1,934
6177,28,3,1057
6178,11,3,1047
6178,16,1,1416
6179,48,1,553
6179,27,3,1283
6180,17,1,902
6180,35,3,815
6181,44,1,1303
6182,43,1,1149
6183,36,3,847
6183,35,3,815
6184,25,1,737
6184,44,2,1303
6185,4,3,516
6186,50,3,998
6186,13,1,954
6187,15,1,439
6188,15,3,439
6188,8,3,588
6189,30,2,549
6189,22,3,892
6190,44,2,1303
6191,42,2,934
6191,30,2,549
6192,5,2,1051
6193,20,2,753
6194,32,2,611
6194,36,3,847
6194,3,2,748
6195,38,2,1061
6195,8,1,588
6196,1,3,1038
6197,5,2,1051
6197,6,3,1306
6198,26,3,1135
6198,28,3,1057
6198,8,3,588
6199,21,1,736
6199,26,3,1135
6200,49,3,1172
6200,9,1,1025
6201,16,1,1416
6201,4,2,516
6202,19,1,718
6202,43,1,1149
6203,45,1,561
6204,15,2,439
6204,37,3,1229
6204,15,3,439
6205,27,3,1283
6206,1,2,1038
6206,22,3,892
6206,37,3,1229
6207,20,3,753
6207,30,3,549
6207,7,3,332
6208,5,1,1051
6209,32,2,611
6209,19,1,718
6210,7,3,332
6210,41,3,910
6211,24,1,946
6211,18,2,649
6211,46,2,625
6212,49,3,1172
6212,9,3,1025
6213,46,2,625
6214,42,1,934
6215,13,1,954
6215,29,2,1062
6215,46,2,625
6216,34,1,1107
6216,17,2,902
6216,16,3,1416
6217,41,3,910
6217,31,2,647
6217,23,2,784
6218,39,3,1068
6219,41,2,910
6220,30,1,549
6221,38,3,1061
6221,20,2,753
6222,22,2,892
6222,1,3,1038
6222,21,3,736
6223,45,1,561
6223,39,1,1068
6223,44,3,1303
6224,9,1,1025
6224,3,3,748
6224,9,2,1025
6225,15,3,439
6225,4,1,516
6226,14,3,1157
6226,43,2,1149
6226,43,1,1149
6227,16,2,1416
6227,30,2,549
6227,17,1,902
6228,21,1,736
6229,33,2,943
6229,47,1,954
6230,31,1,647
6230,38,3,1061
6230,4,3,516
6231,32,1,611
6232,31,2,647
6233,23,3,784
6234,39,2,1068
6234,36,3,847
6234,34,2,1107
6235,24,2,946
6235,34,1,1107
6236,25,3,737
6236,11,1,1047
6236,22,3,892
6237,26,3,1135
6238,4,2,516
6239,29,3,1062
6240,43,2,1149
6240,17,1,902
6240,41,1,910
6241,21,1,736
6241,33,1,943
6241,45,2,561
6242,30,3,549
6243,39,3,1068
6243,41,1,910
6244,29,3,1062
6245,32,2,611
6245,14,1,1157
6245,8,1,588
6246,17,1,902
6246,10,2,913
6247,28,1,1057
6247,34,1,1107
6247,29,3,1062
6248,10,1,913
6248,4,2,516
6249,41,2,910
6249,37,3,1229
6250,33,3,943
6251,41,3,910
6252,47,3,954
6252,43,2,1149
6252,26,1,1135
6253,37,1,1229
6253,50,1,998
6254,49,3,1172
6254,38,2,1061
6255,21,1,736
6255,45,1,561
6255,28,2,1057
6256,39,1,1068
6257,10,2,913
6257,7,2,332
6257,24,3,946
6258,14,3,1157
6259,16,1,1416
6260,7,3,332
6260,7,1,332
6260,16,3,1416
6261,34,1,1107
6262,15,1,439
6263,47,3,954
6263,30,3,549
6263,6,3,1306
6264,28,1,1057
6265,1,1,1038
6265,28,2,1057
6265,12,3,1432
6266,35,3,815
6266,32,2,611
6266,12,3,1432
6267,2,1,576
6267,42,1,934
6267,39,2,1068
6268,14,1,1157
6269,17,2,902
6269,37,1,1229
6269,28,3,1057
6270,39,1,1068
6270,23,2,784
6270,41,2,910
6271,25,3,737
6271,41,3,910
6271,23,1,784
6272,44,3,1303
6272,12,3,1432
6272,24,1,946
6273,50,2,998
6273,40,2,1066
6273,11,3,1047
6274,20,1,753
6275,2,2,576
6275,44,1,1303
6276,27,1,1283
6276,20,1,753
6277,1,3,1038
6277,31,1,647
6277,6,1,1306
6278,38,3,1061
6279,48,3,553
6279,36,3,847
6280,6,1,1306
6280,4,1,516
6281,14,2,1157
6282,10,2,913
6282,11,3,1047
6282,25,2,737
6283,31,1,647
6283,33,1,943
6284,50,2,998
6285,24,1,946
6285,23,3,784
6285,22,1,892
6286,15,2,439
6286,25,2,737
6286,2,2,576
6287,21,3,736
6287,12,3,1432
6288,10,1,913
6288,39,1,1068
6288,22,2,892
6289,47,2,954
6289,46,2,625
6290,25,1,737
6290,4,3,516
6291,12,1,1432
6291,9,1,1025
6292,46,3,625
6293,11,2,1047
6293,49,3,1172
6293,45,2,561
6294,46,2,625
6294,12,1,1432
6294,29,1,1062
6295,39,3,1068
6295,20,3,753
6296,4,1,516
6297,48,2,553
6297,40,3,1066
6298,48,2,553
6298,2,1,576
6299,44,3,1303
6299,39,1,1068
6300,11,2,1047
6300,4,1,516
6300,27,1,1283
6301,12,2,1432
6301,3,3,748
6301,16,2,1416
6302,14,1,1157
6302,9,3,1025
6303,50,2,998
6303,33,3,943
6303,2,1,576
6304,30,1,549
6304,20,3,753
6305,26,3,1135
6305,41,1,910
6306,2,2,576
6306,11,2,1047
6307,29,1,1062
6307,4,2,516
6308,48,3,553
6308,48,2,553
6308,20,3,753
6309,13,1,954
6310,22,1,892
6310,7,3,332
6310,26,1,1135
6311,29,1,1062
6312,43,3,1149
6312,13,1,954
6312,17,2,902
6313,17,1,902
6314,8,2,588
6315,47,2,954
6315,16,2,1416
6315,27,2,1283
6316,34,2,1107
6317,7,3,332
6317,29,3,1062
6317,16,3,1416
6318,37,3,1229
6319,13,1,954
6319,35,3,815
6319,9,3,1025
6320,30,3,549
6320,31,1,647
6320,49,3,1172
6321,45,3,561
6321,48,3,553
6321,22,3,892
6322,3,1,748
6322,43,3,1149
6322,10,1,913
6323,4,2,516
6324,28,2,1057
6324,44,3,1303
6324,34,1,1107
6325,30,2,549
6325,9,2,1025
6326,3,3,748
6326,21,2,736
6326,28,1,1057
6327,43,3,1149
6327,30,3,549
6327,34,3,1107
6328,8,2,588
6328,12,2,1432
6328,20,2,753
6329,34,3,1107
6330,48,2,553
6330,19,1,718
6330,21,2,736
6331,42,1,934
6332,24,3,946
6332,14,2,1157
6332,26,1,1135
6333,32,1,611
6333,6,3,1306
6334,44,1,1303
6335,6,2,1306
6336,34,1,1107
6337,16,1,1416
6338,15,1,439
6338,34,1,1107
6338,48,2,553
6339,13,3,954
6340,1,1,1038
6340,16,2,1416
6341,45,3,561
6341,19,3,718
6341,38,3,1061
6342,28,3,1057
6342,1,3,1038
6342,29,1,1062
6343,42,3,934
6344,16,1,1416
6344,22,3,892
6345,4,2,516
6345,24,1,946
6346,8,1,588
6347,46,3,625
6347,32,3,611
6347,21,2,736
6348,43,1,1149
6349,27,3,1283
6349,7,3,332
6349,48,3,553
6350,17,1,902
6350,5,2,1051
6351,17,1,902
6352,4,1,516
6353,37,1,1229
6353,44,1,1303
6353,27,1,1283
6354,45,1,561
6354,46,3,625
6354,11,3,1047
6355,50,3,998
6356,34,2,1107
6356,11,1,1047
6357,49,2,1172
6357,41,1,910
6358,45,3,561
6359,12,3,1432
6359,34,3,1107
6359,25,1,737
6360,40,1,1066
6360,18,3,649
6361,18,2,649
6361,1,1,1038
6361,47,2,954
6362,27,2,1283
6363,26,2,1135
6363,48,3,553
6364,2,1,576
6364,48,1,553
6365,19,1,718
6365,15,1,439
6365,28,1,1057
6366,24,1,946
6366,13,1,954
6367,18,3,649
6367,32,1,611
6368,3,2,748
6368,26,1,1135
6368,17,3,902
6369,49,3,1172
6369,43,2,1149
6369,8,2,588
6370,36,1,847
6370,32,2,611
6371,37,1,1229
6371,47,1,954
6371,35,2,815
6372,40,2,1066
6372,3,3,748
6372,20,1,753
6373,28,3,1057
6373,1,3,1038
6374,40,1,1066
6374,39,2,1068
6375,33,1,943
6375,7,3,332
6376,13,1,954
6376,7,1,332
6377,13,2,954
6377,17,1,902
6377,4,1,516
6378,20,1,753
6379,25,1,737
6379,28,1,1057
6379,1,3,1038
6380,23,3,784
6380,50,1,998
6380,34,1,1107
6381,48,2,553
6381,19,2,718
6381,8,2,588
6382,6,1,1306
6382,41,3,910
6382,25,2,737
6383,11,3,1047
6383,25,3,737
6383,22,3,892
6384,49,2,1172
6384,31,2,647
6385,28,2,1057
6386,24,1,946
6387,40,3,1066
6387,34,2,1107
6387,18,2,649
6388,35,2,815
6389,9,3,1025
6389,50,3,998
6390,14,3,1157
6391,3,2,748
6391,11,3,1047
6391,42,3,934
6392,49,1,1172
6393,11,1,1047
6394,40,2,1066
6394,27,2,1283
6395,18,3,649
6396,14,1,1157
6396,30,1,549
6396,31,2,647
6397,20,3,753
6397,16,2,1416
6397,30,2,549
6398,19,2,718
6398,39,3,1068
6399,39,3,1068
6399,47,1,954
6399,50,3,998
6400,37,2,1229
6400,35,3,815
6401,41,2,910
6401,19,3,718
6402,37,1,1229
6402,13,2,954
6403,31,3,647
6403,50,2,998
6404,36,2,847
6405,27,1,1283
6405,41,2,910
6405,23,3,784
6406,39,1,1068
6406,45,2,561
6407,39,2,1068
6407,19,1,718
6408,18,2,649
6408,16,3,1416
6409,29,3,1062
6410,1,2,1038
6411,39,1,1068
6411,21,2,736
6412,46,3,625
6412,25,1,737
6412,19,2,718
6413,32,3,611
6414,18,1,649
6414,31,3,647
6415,25,1,737
6415,8,1,588
6416,26,3,1135
6417,16,1,1416
6417,31,3,647
6418,24,2,946
6418,3,3,748
6419,2,3,576
6420,6,2,1306
6421,22,3,892
6421,49,2,1172
6422,4,2,516
6422,6,2,1306
6422,47,2,954
6423,16,1,1416
6424,44,2,1303
6425,37,3,1229
6425,4,2,516
6426,1,3,1038
6426,44,1,1303
6426,15,2,439
6427,5,3,1051
6427,4,2,516
6427,28,3,1057
6428,9,3,1025
6429,2,1,576
6429,42,3,934
6429,17,1,902
6430,39,2,1068
6431,18,3,649
6432,26,3,1135
6432,35,2,815
6433,50,3,998
6433,45,1,561
6433,25,1,737
6434,32,3,611
6434,37,2,1229
6435,38,2,1061
6436,48,2,553
6436,24,3,946
6437,22,2,892
6438,1,2,1038
6438,47,1,954
6438,37,3,1229
6439,7,3,332
6439,10,2,913
6440,10,3,913
6440,43,2,1149
6440,41,3,910
6441,40,2,1066
6441,27,1,1283
6441,2,1,576
6442,24,2,946
6442,45,2,561
6442,19,3,718
6443,41,2,910
6443,22,1,892
6443,13,3,954
6444,6,1,1306
6444,49,2,1172
6445,17,3,902
6445,44,3,1303
6446,12,1,1432
6447,21,1,736
6447,46,2,625
6448,15,1,439
6449,50,3,998
6449,10,1,913
6449,47,2,954
6450,50,2,998
6451,50,2,998
6452,50,2,998
6452,41,2,910
6452,47,1,954
6453,12,2,1432
6454,40,2,1066
6454,26,2,1135
6455,49,2,1172
6456,22,3,892
6456,15,3,439
6456,50,2,998
6457,37,2,1229
6457,34,3,1107
6458,1,2,1038
6458,3,3,748
6459,16,3,1416
6459,2,2,576
6459,24,1,946
6460,44,3,1303
6461,27,3,1283
6461,16,2,1416
6462,14,3,1157
6462,31,2,647
6462,7,1,332
6463,7,1,332
6463,13,1,954
6463,22,3,892
6464,44,1,1303
6465,2,1,576
6465,33,2,943
6466,17,3,902
6467,46,1,625
6467,32,1,611
6468,12,3,1432
6469,12,2,1432
6470,48,3,553
6470,6,3,1306
6470,18,3,649
6471,7,2,332
6472,13,2,954
6472,1,1,1038
6472,25,1,737
6473,28,3,1057
6473,50,2,998
6474,13,3,954
6475,9,3,1025
6476,21,1,736
6476,27,3,1283
6477,29,2,1062
6477,32,1,611
6477,13,2,954
6478,29,3,1062
6479,35,1,815
6480,7,1,332
6480,19,2,718
6480,28,2,1057
6481,12,1,1432
6482,30,2,549
6482,3,2,748
6482,44,3,1303
6483,43,2,1149
6483,34,2,1107
6484,38,1,1061
6484,32,3,611
6485,5,3,1051
6485,32,3,611
6486,2,2,576
6486,20,1,753
6486,37,2,1229
6487,38,2,1061
6487,19,2,718
6487,33,3,943
6488,6,3,1306
6488,28,3,1057
6489,6,1,1306
6489,43,2,1149
6489,4,3,516
6490,25,1,737
6490,29,3,1062
6490,20,2,753
6491,13,3,954
6491,5,3,1051
6491,8,1,588
6492,16,3,1416
6492,47,2,954
6493,45,2,561
6494,44,3,1303
6495,14,3,1157
6495,40,1,1066
6495,32,1,611
6496,25,2,737
6497,21,1,736
6498,45,2,561
6499,5,2,1051
6499,9,1,1025
6500,5,1,1051
6501,24,2,946
6502,43,3,1149
6502,20,1,753
6502,8,3,588
6503,6,1,1306
6503,1,2,1038
6503,46,3,625
6504,10,2,913
6505,10,1,913
6506,50,3,998
6506,18,1,649
6507,40,1,1066
6507,18,3,649
6508,15,1,439
6508,24,2,946
6509,33,2,943
6509,18,1,649
6509,38,1,1061
6510,5,2,1051
6511,22,1,892
6511,30,3,549
6511,22,2,892
6512,47,3,954
6513,40,3,1066
6513,10,2,913
6513,1,3,1038
6514,30,3,549
6514,49,1,1172
6514,44,3,1303
6515,41,3,910
6515,32,3,611
6516,24,2,946
6516,25,3,737
6516,49,2,1172
6517,36,2,847
6517,10,3,913
6517,35,1,815
6518,44,2,1303
6518,39,2,1068
6518,44,2,1303
6519,50,3,998
6519,39,1,1068
6519,23,2,784
6520,7,1,332
6521,2,2,576
6522,25,2,737
6522,30,3,549
6523,37,2,1229
6524,38,2,1061
6525,11,2,1047
6525,25,3,737
6525,40,3,1066
6526,4,1,516
6527,28,1,1057
6528,29,2,1062
6528,22,1,892
6529,15,1,439
6529,26,2,1135
6530,3,3,748
6531,33,2,943
6531,20,2,753
6532,23,2,784
6533,17,3,902
6534,16,3,1416
6535,4,2,516
6535,21,3,736
6535,50,1,998
6536,7,1,332
6536,1,3,1038
6536,30,3,549
6537,14,3,1157
6537,11,2,1047
6537,43,3,1149
6538,50,1,998
6538,25,2,737
6538,10,3,913
6539,5,3,1051
6540,48,3,553
6540,19,2,718
6540,23,1,784
6541,25,1,737
6541,17,1,902
6542,19,3,718
6542,21,1,736
6543,37,3,1229
6543,35,2,815
6544,5,3,1051
6545,27,3,1283
6546,4,2,516
6546,8,1,588
6546,25,1,737
6547,16,2,1416
6547,16,1,1416
6547,31,1,647
6548,28,1,1057
6549,23,3,784
6549,40,1,1066
6549,35,3,815
6550,46,2,625
6551,1,1,1038
6551,50,1,998
6552,34,1,1107
6553,40,1,1066
6553,24,1,946
6553,46,3,625
6554,1,3,1038
6554,5,3,1051
6554,8,2,588
6555,1,2,1038
6555,3,3,748
6555,32,1,611
6556,10,3,913
6556,41,3,910
6557,8,3,588
6557,50,1,998
6557,18,3,649
6558,21,3,736
6559,33,3,943
6560,38,3,1061
6560,42,2,934
6560,1,2,1038
6561,50,2,998
6562,3,3,748
6562,9,2,1025
6563,1,2,1038
6564,6,1,1306
6564,10,1,913
6565,10,1,913
6565,33,1,943
6565,37,3,1229
6566,2,3,576
6566,43,2,1149
6566,7,2,332
6567,1,2,1038
6568,31,2,647
6568,1,1,1038
6568,3,2,748
6569,29,1,1062
6569,7,1,332
6570,25,1,737
6570,25,2,737
6571,31,1,647
6572,3,3,748
6572,34,3,1107
6573,43,3,1149
6574,11,2,1047
6575,35,3,815
6575,44,2,1303
6575,18,1,649
6576,41,3,910
6576,37,2,1229
6577,33,3,943
6577,48,3,553
6578,20,2,753
6579,40,1,1066
6579,42,1,934
6580,29,1,1062
6580,10,2,913
6580,9,3,1025
6581,13,1,954
6581,39,3,1068
6582,27,1,1283
6582,48,2,553
6582,43,1,1149
6583,39,1,1068
6583,50,2,998
6584,5,3,1051
6585,15,2,439
6586,34,3,1107
6586,47,2,954
6587,1,2,1038
6587,35,2,815
6587,39,3,1068
6588,45,2,561
6588,36,2,847
6588,15,3,439
6589,40,1,1066
6589,27,3,1283
6589,32,3,611
6590,32,1,611
6590,14,1,1157
6591,23,1,784
6591,6,3,1306
6591,22,3,892
6592,47,3,954
6592,46,3,625
6592,12,3,1432
6593,22,2,892
6593,47,2,954
6593,2,3,576
6594,41,2,910
6594,40,3,1066
6595,27,3,1283
6596,33,2,943
6596,32,2,611
6597,37,1,1229
6597,36,3,847
6598,20,3,753
6598,13,2,954
6598,8,3,588
6599,19,2,718
6599,41,1,910
6599,26,3,1135
6600,36,3,847
6600,5,3,1051
6601,37,2,1229
6602,47,3,954
6602,10,3,913
6603,16,3,1416
6603,9,3,1025
6603,45,1,561
6604,41,2,910
6605,34,2,1107
6606,9,1,1025
6606,45,1,561
6607,17,1,902
6608,32,1,611
6608,40,1,1066
6608,38,1,1061
6609,11,1,1047
6609,41,1,910
6610,1,2,1038
6610,41,2,910
6610,47,1,954
6611,36,3,847
6611,35,1,815
6611,43,1,1149
6612,46,2,625
6612,2,3,576
6612,41,1,910
6613,13,3,954
6613,36,2,847
6613,31,1,647
6614,19,1,718
6615,29,3,1062
6616,14,3,1157
6617,5,1,1051
6617,23,2,784
6617,12,3,1432
6618,49,3,1172
6619,24,2,946
6620,16,2,1416
6620,3,2,748
6621,17,3,902
6621,14,3,1157
6622,27,2,1283
6622,1,1,1038
6623,35,3,815
6623,26,3,1135
6623,19,1,718
6624,35,3,815
6624,49,3,1172
6624,15,2,439
6625,22,3,892
6625,6,1,1306
6626,25,1,737
6626,8,3,588
6627,24,3,946
6628,19,2,718
6629,18,2,649
6629,18,2,649
6630,1,2,1038
6630,18,1,649
6630,47,1,954
6631,17,2,902
6632,46,1,625
6632,40,3,1066
6632,31,1,647
6633,24,3,946
6634,1,3,1038
6634,22,1,892
6635,2,3,576
6635,32,2,611
6636,17,3,902
6636,13,1,954
6637,32,2,611
6637,10,2,913
6637,32,2,611
6638,7,1,332
6638,18,3,649
6639,31,1,647
6639,22,1,892
6639,2,2,576
6640,10,3,913
6641,16,2,1416
6641,19,1,718
6641,7,1,332
6642,30,1,549
6642,2,1,576
6643,32,3,611
6644,41,2,910
6644,20,3,753
6644,13,3,954
6645,22,3,892
6646,12,3,1432
6646,4,2,516
6647,47,3,954
6648,12,2,1432
6648,45,3,561
6648,15,2,439
6649,30,3,549
6649,50,1,998
6649,18,1,649
6650,42,2,934
6651,27,1,1283
6651,31,3,647
6652,15,3,439
6652,24,1,946
6653,39,3,1068
6653,42,3,934
6654,32,1,611
6654,40,1,1066
6655,29,3,1062
6656,8,3,588
6656,41,2,910
6657,6,1,1306
6658,31,2,647
6659,12,1,1432
6659,4,2,516
6660,26,3,1135
6660,41,1,910
6660,38,3,1061
6661,49,1,1172
6662,9,2,1025
6663,35,2,815
6663,4,3,516
6663,47,2,954
6664,4,3,516
6664,24,2,946
6664,14,3,1157
6665,46,2,625
6666,49,2,1172
6666,10,3,913
6666,41,3,910
6667,21,3,736
6668,41,3,910
6668,32,1,611
6668,17,2,902
6669,39,2,1068
6669,46,1,625
6670,37,3,1229
6670,5,1,1051
6671,10,3,913
6671,26,1,1135
6671,13,2,954
6672,39,3,1068
6672,16,2,1416
6672,12,1,1432
6673,46,2,625
6673,34,3,1107
6674,37,2,1229
6674,43,3,1149
6674,8,1,588
6675,41,3,910
6675,37,2,1229
6676,10,3,913
6677,44,3,1303
6678,41,2,910
6678,38,2,1061
6679,20,3,753
6680,32,1,611
6681,20,2,753
6681,15,1,439
6682,8,2,588
6683,48,2,553
6684,10,3,913
6684,43,2,1149
6685,43,1,1149
6686,34,2,1107
6686,22,1,892
6687,47,3,954
6688,35,2,815
6689,17,2,902
6689,34,2,1107
6690,7,2,332
6691,11,2,1047
6692,44,2,1303
6692,29,2,1062
6693,29,3,1062
6694,36,2,847
6694,4,1,516
6694,17,2,902
6695,25,1,737
6695,5,1,1051
6695,20,3,753
6696,12,3,1432
6696,14,1,1157
6696,8,1,588
6697,15,3,439
6697,10,1,913
6698,20,1,753
6698,33,1,943
6698,43,2,1149
6699,29,3,1062
6699,29,3,1062
6700,28,3,1057
6700,32,1,611
6701,12,2,1432
6701,17,1,902
6702,47,3,954
6703,2,2,576
6703,35,2,815
6703,8,1,588
6704,45,3,561
6705,21,1,736
6705,49,2,1172
6706,47,1,954
6706,27,3,1283
6707,9,2,1025
6708,9,3,1025
6709,3,1,748
6710,38,2,1061
6711,42,1,934
6711,30,2,549
6711,8,1,588
6712,40,3,1066
6712,3,2,748
6713,36,1,847
6713,43,3,1149
6713,44,2,1303
6714,29,3,1062
6714,36,2,847
6714,47,1,954
6715,28,2,1057
6715,12,3,1432
6716,22,2,892
6716,36,2,847
6716,17,2,902
6717,10,3,913
6717,33,1,943
6718,5,3,1051
6719,28,2,1057
6719,29,1,1062
6719,24,1,946
6720,2,1,576
6720,47,2,954
6721,39,2,1068
6721,12,2,1432
6722,34,2,1107
6722,2,1,576
6723,9,2,1025
6723,16,2,1416
6724,39,3,1068
6724,32,1,611
6725,43,1,1149
6725,7,1,332
6726,37,1,1229
6726,5,3,1051
6726,7,3,332
6727,3,1,748
6728,47,3,954
6728,5,1,1051
6729,22,2,892
6730,49,1,1172
6731,21,2,736
6731,32,2,611
6732,49,2,1172
6733,16,2,1416
6733,43,2,1149
6734,9,2,1025
6735,20,3,753
6735,17,1,902
6735,34,1,1107
6736,28,1,1057
6736,31,2,647
6737,35,2,815
6737,30,3,549
6737,50,1,998
6738,29,3,1062
6738,50,1,998
6738,4,3,516
6739,12,1,1432
6740,48,1,553
6740,37,1,1229
6741,11,3,1047
6742,2,3,576
6742,10,1,913
6742,35,1,815
6743,10,2,913
6743,23,3,784
6744,48,2,553
6744,47,3,954
6745,3,3,748
6746,16,3,1416
6746,14,1,1157
6747,21,1,736
6747,43,1,1149
6747,41,2,910
6748,42,3,934
6748,37,2,1229
6749,8,2,588
6750,7,2,332
6750,16,2,1416
6751,47,2,954
6751,30,1,549
6752,41,2,910
6753,42,1,934
6754,16,1,1416
6754,45,1,561
6755,10,3,913
6756,48,2,553
6757,10,1,913
6758,10,3,913
6759,50,3,998
6759,18,3,649
6759,5,3,1051
6760,30,1,549
6760,17,3,902
6761,39,3,1068
6761,12,3,1432
6761,24,3,946
6762,44,1,1303
6762,41,3,910
6762,34,3,1107
6763,7,1,332
6764,16,1,1416
6764,47,3,954
6765,19,1,718
6766,30,3,549
6767,32,1,611
6767,1,2,1038
6767,23,2,784
6768,2,3,576
6768,14,2,1157
6768,36,3,847
6769,27,3,1283
6769,47,1,954
6770,8,3,588
6770,22,3,892
6771,7,3,332
6772,23,3,784
6772,24,1,946
6773,7,2,332
6773,18,1,649
6774,23,3,784
6775,23,1,784
6775,24,1,946
6775,22,3,892
6776,45,1,561
6777,21,3,736
6778,24,1,946
6778,44,1,1303
6778,45,3,561
6779,46,1,625
6780,16,1,1416
6781,33,1,943
6782,26,2,1135
6782,3,3,748
6782,26,1,1135
6783,2,2,576
6783,50,3,998
6783,45,2,561
6784,48,3,553
6785,20,3,753
6785,20,3,753
6785,17,3,902
6786,16,2,1416
6786,15,3,439
6787,16,2,1416
6787,16,3,1416
6788,49,1,1172
6788,19,1,718
6789,16,3,1416
6790,28,2,1057
6791,36,1,847
6792,19,3,718
6792,12,2,1432
6792,12,1,1432
6793,45,1,561
6794,44,1,1303
6794,29,2,1062
6794,25,1,737
6795,37,3,1229
6796,7,3,332
6796,36,3,847
6797,25,2,737
6797,37,3,1229
6797,39,2,1068
6798,21,1,736
6798,42,1,934
6798,47,2,954
6799,29,1,1062
6800,28,1,1057
6801,26,2,1135
6801,49,2,1172
6802,30,1,549
6802,18,2,649
6803,30,1,549
6804,46,3,625
6805,12,2,1432
6805,11,3,1047
6806,21,3,736
6806,3,3,748
6807,25,3,737
6807,38,3,1061
6808,46,3,625
6808,40,2,1066
6809,10,2,913
6809,19,2,718
6810,19,3,718
6811,25,3,737
6811,31,2,647
6812,19,2,718
6812,26,1,1135
6813,38,1,1061
6814,13,1,954
6814,1,2,1038
6814,49,1,1172
6815,36,3,847
6816,43,3,1149
6816,17,2,902
6817,36,2,847
6817,7,3,332
6817,12,1,1432
6818,41,2,910
6818,20,3,753
6819,12,3,1432
6819,49,1,1172
6819,35,1,815
6820,9,2,1025
6821,2,1,576
6821,50,1,998
6821,1,1,1038
6822,3,3,748
6822,8,2,588
6822,24,1,946
6823,39,1,1068
6823,22,2,892
6824,31,1,647
6824,13,1,954
6825,23,3,784
6825,44,1,1303
6825,4,2,516
6826,43,2,1149
6826,23,1,784
6826,30,3,549
6827,33,2,943
6827,13,1,954
6828,19,1,718
6828,18,2,649
6829,19,1,718
6829,1,2,1038
6830,2,2,576
6830,33,1,943
6830,45,1,561
6831,23,1,784
6831,36,2,847
6832,24,3,946
6833,21,2,736
6834,12,2,1432
6835,42,1,934
6835,41,1,910
6836,43,2,1149
6837,48,1,553
6838,35,2,815
6839,23,1,784
6840,6,3,1306
6840,27,2,1283
6840,29,3,1062
6841,6,3,1306
6841,27,2,1283
6841,39,1,1068
6842,40,2,1066
6842,47,3,954
6842,27,3,1283
6843,39,2,1068
6843,21,2,736
6844,29,2,1062
6844,44,3,1303
6844,21,1,736
6845,40,1,1066
6845,43,1,1149
6846,14,3,1157
6846,5,1,1051
6846,42,3,934
6847,4,1,516
6848,6,2,1306
6848,39,1,1068
6849,28,1,1057
6850,10,3,913
6850,4,1,516
6851,19,2,718
6852,22,3,892
6852,50,1,998
6853,26,1,1135
6853,29,3,1062
6853,42,2,934
6854,24,3,946
6854,34,3,1107
6854,25,3,737
6855,19,2,718
6856,41,3,910
6857,35,3,815
6857,4,3,516
6857,11,2,1047
6858,35,2,815
6858,45,2,561
6859,35,3,815
6859,41,1,910
6859,48,1,553
6860,9,2,1025
6860,36,2,847
6860,3,3,748
6861,11,1,1047
6861,11,1,1047
6861,28,2,1057
6862,49,2,1172
6862,40,2,1066
6863,44,1,1303
6864,13,3,954
6864,38,3,1061
6864,28,1,1057
6865,8,1,588
6866,16,3,1416
6866,35,2,815
6867,7,3,332
6867,14,1,1157
6868,23,3,784
6868,27,2,1283
6869,50,3,998
6869,17,3,902
6869,46,1,625
6870,41,2,910
6871,4,3,516
6872,33,1,943
6872,14,2,1157
6872,13,3,954
6873,38,3,1061
6874,39,2,1068
6875,47,1,954
6876,34,1,1107
6877,38,1,1061
6878,48,3,553
6878,15,3,439
6879,50,3,998
6880,28,1,1057
6880,39,3,1068
6881,43,2,1149
6881,44,2,1303
6881,27,3,1283
6882,33,3,943
6882,31,3,647
6882,16,2,1416
6883,31,3,647
6883,18,1,649
6884,33,1,943
6884,15,2,439
6885,35,1,815
6886,34,3,1107
6886,19,3,718
6887,23,1,784
6888,12,2,1432
6889,17,1,902
6889,15,3,439
6889,31,2,647
6890,28,1,1057
6891,43,2,1149
6891,44,3,1303
6892,1,1,1038
6892,28,2,1057
6893,40,2,1066
6893,37,1,1229
6893,31,2,647
6894,24,2,946
6894,24,1,946
6895,17,3,902
6895,2,3,576
6895,13,3,954
6896,22,3,892
6896,31,1,647
6896,33,2,943
6897,7,1,332
6897,1,1,1038
6897,45,1,561
6898,29,2,1062
6898,44,2,1303
6898,39,3,1068
6899,36,1,847
6899,22,1,892
6900,26,1,1135
6901,1,3,1038
6901,50,3,998
6902,28,2,1057
6902,30,1,549
6902,48,3,553
6903,30,1,549
6903,48,1,553
6903,31,2,647
6904,44,2,1303
6905,8,2,588
6906,48,2,553
6907,20,2,753
6907,38,1,1061
6907,43,3,1149
6908,15,3,439
6908,2,3,576
6908,11,1,1047
6909,39,3,1068
6910,9,3,1025
6910,45,1,561
6911,24,1,946
6911,45,1,561
6911,27,1,1283
6912,40,2,1066
6912,20,3,753
6912,2,2,576
6913,44,2,1303
6914,31,1,647
6914,13,1,954
6915,17,2,902
6916,18,3,649
6917,33,2,943
6917,15,2,439
6917,11,3,1047
6918,33,1,943
6918,28,2,1057
6919,13,2,954
6919,23,2,784
6920,21,2,736
6921,1,2,1038
6922,18,3,649
6922,7,1,332
6922,50,1,998
6923,13,2,954
6923,24,2,946
6923,19,1,718
6924,19,2,718
6924,14,1,1157
6925,17,2,902
6925,1,3,1038
6925,50,1,998
6926,4,1,516
6926,26,3,1135
6927,11,1,1047
6928,27,3,1283
6929,43,2,1149
6929,26,1,1135
6929,47,1,954
6930,9,2,1025
6931,16,2,1416
6931,11,1,1047
6931,1,1,1038
6932,22,1,892
6932,29,3,1062
6932,40,1,1066
6933,25,1,737
6934,23,3,784
6934,18,1,649
6935,11,2,1047
6935,37,3,1229
6935,29,3,1062
6936,8,2,588
6936,12,2,1432
6936,42,3,934
6937,1,2,1038
6937,21,1,736
6937,38,1,1061
6938,18,3,649
6938,34,3,1107
6938,44,3,1303
6939,32,3,611
6939,29,3,1062
6940,37,2,1229
6940,12,1,1432
6940,16,2,1416
6941,34,2,1107
6941,8,3,588
6941,25,3,737
6942,45,1,561
6943,40,2,1066
6943,34,2,1107
6943,1,2,1038
6944,6,1,1306
6945,11,1,1047
6945,44,1,1303
6946,15,3,439
6947,12,1,1432
6947,27,3,1283
6948,37,2,1229
6949,10,2,913
6949,22,3,892
6949,36,3,847
6950,46,2,625
6950,35,3,815
6950,50,1,998
6951,26,1,1135
6951,45,1,561
6951,35,2,815
6952,3,3,748
6952,6,3,1306
6953,19,1,718
6954,22,1,892
6955,34,3,1107
6955,30,3,549
6955,1,3,1038
6956,1,1,1038
6957,32,1,611
6957,20,3,753
6958,49,2,1172
6958,28,3,1057
6958,17,2,902
6959,26,2,1135
6959,36,2,847
6960,21,1,736
6960,8,2,588
6960,44,3,1303
6961,18,2,649
6962,15,1,439
6962,8,3,588
6963,25,2,737
6963,20,3,753
6963,23,1,784
6964,35,2,815
6965,50,2,998
6965,25,1,737
6965,2,2,576
6966,42,3,934
6966,4,2,516
6967,16,1,1416
6967,36,1,847
6967,9,1,1025
6968,4,2,516
6968,1,1,1038
6968,12,2,1432
6969,46,3,625
6969,3,3,748
6969,1,2,1038
6970,5,3,1051
6970,15,1,439
6971,35,3,815
6971,47,3,954
6971,34,3,1107
6972,17,3,902
6972,23,2,784
6973,34,1,1107
6974,25,3,737
6974,26,1,1135
6974,36,3,847
6975,30,2,549
6975,1,2,1038
6976,34,3,1107
6976,4,3,516
6977,8,1,588
6977,19,2,718
6978,46,1,625
6979,19,1,718
6979,32,2,611
6979,19,3,718
6980,44,1,1303
6980,2,3,576
6981,33,2,943
6981,7,2,332
6982,42,2,934
6982,34,2,1107
6982,40,2,1066
6983,3,2,748
6983,30,2,549
6984,1,2,1038
6984,33,2,943
6984,15,1,439
6985,38,3,1061
6985,26,1,1135
6985,6,1,1306
6986,7,1,332
6986,11,1,1047
6986,7,2,332
6987,44,3,1303
6988,5,1,1051
6989,23,3,784
6989,14,2,1157
6989,18,1,649
6990,13,2,954
6991,18,2,649
6992,19,3,718
6992,21,2,736
6992,29,3,1062
6993,12,1,1432
6994,9,2,1025
6994,27,2,1283
6994,25,2,737
6995,45,1,561
6995,31,2,647
6996,27,1,1283
6996,45,2,561
6996,29,3,1062
6997,37,2,1229
6998,43,2,1149
6998,43,2,1149
6999,30,1,549
6999,45,1,561
6999,26,2,1135
7000,2,2,576
7001,28,2,1057
7001,34,3,1107
7002,4,1,516
7003,33,2,943
7003,20,3,753
7003,44,2,1303
7004,36,1,847
7004,48,2,553
7005,41,3,910
7005,41,1,910
7005,24,2,946
7006,30,3,549
7006,39,3,1068
7006,40,2,1066
7007,42,1,934
7007,20,3,753
7007,40,1,1066
7008,10,2,913
7008,13,1,954
7009,15,1,439
7009,18,3,649
7010,36,3,847
7011,32,3,611
7012,47,2,954
7012,50,1,998
7012,4,3,516
7013,34,2,1107
7013,15,1,439
7013,18,2,649
7014,45,3,561
7015,34,3,1107
7015,27,3,1283
7016,43,1,1149
7016,25,3,737
7016,45,2,561
7017,50,3,998
7017,32,1,611
7018,49,1,1172
7018,17,3,902
7019,4,1,516
7020,37,2,1229
7021,45,2,561
7021,12,2,1432
7022,46,2,625
7022,2,1,576
7022,1,1,1038
7023,48,2,553
7023,28,3,1057
7024,1,3,1038
7024,32,2,611
7024,26,3,1135
7025,43,3,1149
7025,35,1,815
7026,29,1,1062
7026,35,1,815
7027,43,1,1149
7028,39,3,1068
7028,4,2,516
7028,28,1,1057
7029,5,2,1051
7029,10,2,913
7029,4,2,516
7030,21,2,736
7031,21,2,736
7031,39,1,1068
7032,44,3,1303
7033,12,1,1432
7033,28,3,1057
7034,1,3,1038
7034,48,3,553
7034,44,2,1303
7035,27,1,1283
7035,43,1,1149
7036,27,3,1283
7036,28,3,1057
7036,10,3,913
7037,42,2,934
7037,30,3,549
7037,26,3,1135
7038,35,3,815
7038,37,2,1229
7039,43,2,1149
7039,23,1,784
7040,47,2,954
7040,7,2,332
7041,37,2,1229
7041,49,3,1172
7041,23,3,784
7042,13,3,954
7042,26,3,1135
7042,22,1,892
7043,16,1,1416
7043,15,1,439
7044,47,3,954
7044,8,2,588
7044,22,3,892
7045,18,1,649
7045,37,1,1229
7046,21,1,736
7047,49,2,1172
7047,10,3,913
7048,35,2,815
7048,20,1,753
7049,50,2,998
7050,9,1,1025
7051,37,2,1229
7052,29,2,1062
7053,22,1,892
7054,42,1,934
7054,45,3,561
7054,33,1,943
7055,29,2,1062
7055,10,2,913
7055,32,2,611
7056,2,3,576
7056,17,2,902
7057,36,1,847
7057,1,2,1038
7057,48,3,553
7058,38,1,1061
7058,29,2,1062
7059,14,1,1157
7059,38,2,1061
7060,5,2,1051
7060,21,1,736
7061,15,2,439
7062,33,1,943
7062,12,2,1432
7063,46,3,625
7064,7,2,332
7065,30,1,549
7065,45,2,561
7065,40,2,1066
7066,43,1,1149
7067,14,3,1157
7067,17,3,902
7067,34,1,1107
7068,46,3,625
7069,18,3,649
7069,38,2,1061
7069,21,2,736
7070,34,3,1107
7071,13,3,954
7071,48,2,553
7072,11,2,1047
7072,41,2,910
7072,26,2,1135
7073,11,3,1047
7073,34,2,1107
7074,29,1,1062
7075,13,2,954
7076,38,3,1061
7077,25,1,737
7077,11,3,1047
7077,25,1,737
7078,46,1,625
7079,10,2,913
7079,46,2,625
7080,43,1,1149
7080,41,1,910
7080,7,2,332
7081,16,2,1416
7081,5,2,1051
7082,20,3,753
7083,43,3,1149
7083,31,2,647
7083,45,2,561
7084,38,3,1061
7084,19,1,718
7084,31,3,647
7085,20,1,753
7085,1,3,1038
7085,28,1,1057
7086,23,2,784
7087,48,2,553
7087,45,3,561
7087,31,2,647
7088,31,2,647
7089,6,1,1306
7090,27,2,1283
7091,2,1,576
7092,3,2,748
7092,1,3,1038
7093,18,1,649
7093,47,1,954
7093,46,2,625
7094,34,1,1107
7095,17,3,902
7095,27,2,1283
7096,12,2,1432
7096,25,3,737
7097,16,2,1416
7097,33,1,943
7098,5,3,1051
7098,2,2,576
7098,2,3,576
7099,3,2,748
7099,42,2,934
7100,11,3,1047
7101,3,3,748
7102,8,2,588
7103,46,1,625
7103,20,3,753
7104,40,3,1066
7105,23,2,784
7106,12,2,1432
7107,46,2,625
7108,35,1,815
7108,21,3,736
7109,13,2,954
7109,35,3,815
7110,18,1,649
7110,42,1,934
7111,19,2,718
7111,9,3,1025
7112,12,3,1432
7112,1,3,1038
7113,35,3,815
7113,50,3,998
7113,35,2,815
7114,13,2,954
7114,20,3,753
7115,20,2,753
7115,12,1,1432
7116,14,1,1157
7117,18,2,649
7118,35,1,815
7119,40,2,1066
7120,42,2,934
7121,37,2,1229
7122,38,2,1061
7123,6,3,1306
7123,41,2,910
7124,7,3,332
7124,37,1,1229
7125,50,3,998
7126,23,3,784
7127,15,1,439
7128,14,1,1157
7129,45,1,561
7129,29,2,1062
7129,35,1,815
7130,12,2,1432
7130,34,3,1107
7130,41,1,910
7131,20,3,753
7131,23,2,784
7132,6,3,1306
7132,50,3,998
7132,26,2,1135
7133,44,3,1303
7133,27,1,1283
7133,20,3,753
7134,24,1,946
7135,30,3,549
7135,38,3,1061
7136,42,2,934
7137,22,2,892
7137,22,1,892
7138,45,3,561
7139,34,3,1107
7140,28,1,1057
7141,35,2,815
7141,24,1,946
7141,14,1,1157
7142,33,3,943
7142,46,2,625
7142,47,2,954
7143,21,3,736
7143,32,3,611
7144,35,1,815
7144,37,3,1229
7145,8,1,588
7145,44,3,1303
7146,44,3,1303
7146,37,2,1229
7146,19,3,718
7147,44,1,1303
7147,30,2,549
7147,10,1,913
7148,28,2,1057
7148,28,2,1057
7149,29,1,1062
7149,9,1,1025
7150,3,2,748
7150,7,3,332
7151,13,2,954
7151,10,2,913
7152,41,1,910
7152,44,2,1303
7152,9,3,1025
7153,35,1,815
7153,22,2,892
7153,33,3,943
7154,15,1,439
7155,25,2,737
7155,20,1,753
7156,39,3,1068
7157,18,3,649
7158,25,2,737
7158,49,2,1172
7159,36,2,847
7160,41,1,910
7160,31,3,647
7160,36,1,847
7161,44,1,1303
7161,38,1,1061
7161,43,1,1149
7162,47,3,954
7163,48,2,553
7163,39,1,1068
7163,37,1,1229
7164,49,1,1172
7165,40,3,1066
7166,30,1,549
7166,19,1,718
7166,20,2,753
7167,44,1,1303
7168,48,2,553
7169,13,1,954
7169,30,1,549
7169,44,3,1303
7170,2,1,576
7171,28,1,1057
7171,2,3,576
7171,31,1,647
7172,4,1,516
7172,5,1,1051
7173,8,3,588
7173,35,2,815
7174,23,1,784
7174,17,1,902
7175,43,1,1149
7175,38,3,1061
7176,36,1,847
7177,27,1,1283
7178,37,1,1229
7178,36,1,847
7178,9,1,1025
7179,14,2,1157
7179,48,1,553
7180,10,1,913
7180,10,2,913
7181,22,3,892
7181,48,3,553
7181,46,2,625
7182,1,3,1038
7183,43,3,1149
7184,50,3,998
7184,40,1,1066
7185,35,2,815
7185,46,3,625
7185,20,3,753
7186,40,2,1066
7186,42,1,934
7187,40,2,1066
7187,39,1,1068
7187,29,1,1062
7188,4,3,516
7188,27,1,1283
7188,20,2,753
7189,22,1,892
7189,48,2,553
7189,4,1,516
7190,43,1,1149
7190,2,1,576
7190,1,3,1038
7191,19,2,718
7191,2,3,576
7192,17,3,902
7192,43,1,1149
7193,28,2,1057
7193,39,3,1068
7193,42,1,934
7194,22,1,892
7194,28,3,1057
7194,11,2,1047
7195,43,2,1149
7195,28,1,1057
7196,44,3,1303
7196,28,3,1057
7196,40,2,1066
7197,13,2,954
7197,38,2,1061
7197,37,3,1229
7198,41,3,910
7198,38,3,1061
7199,26,1,1135
7199,8,2,588
7200,49,1,1172
7201,47,1,954
7202,27,3,1283
7203,10,3,913
7204,30,2,549
7205,26,3,1135
7206,34,2,1107
7206,5,1,1051
7206,17,3,902
7207,12,2,1432
7208,14,1,1157
7208,23,3,784
7208,9,3,1025
7209,23,3,784
7209,5,3,1051
7210,24,1,946
7211,7,3,332
7211,36,2,847
7211,21,1,736
7212,10,1,913
7212,23,1,784
7212,25,1,737
7213,27,3,1283
7213,40,2,1066
7213,49,2,1172
7214,50,1,998
7215,32,1,611
7215,12,1,1432
7215,5,3,1051
7216,40,1,1066
7216,6,3,1306
7217,48,2,553
7217,9,3,1025
7217,49,1,1172
7218,38,1,1061
7219,17,2,902
7219,24,2,946
7220,43,2,1149
7220,6,1,1306
7221,3,3,748
7222,11,2,1047
7222,28,3,1057
7222,20,2,753
7223,38,3,1061
7223,44,3,1303
7224,40,2,1066
7225,6,1,1306
7226,26,3,1135
7227,25,2,737
7227,15,1,439
7227,8,2,588
7228,23,3,784
7228,27,3,1283
7229,7,2,332
7229,43,2,1149
7229,32,3,611
7230,24,3,946
7231,48,2,553
7232,26,3,1135
7232,21,1,736
7232,17,3,902
7233,7,2,332
7234,39,2,1068
7234,32,1,611
7234,13,1,954
7235,8,3,588
7235,6,2,1306
7235,32,1,611
7236,23,3,784
7237,12,1,1432
7237,23,2,784
7237,30,1,549
7238,28,1,1057
7239,23,3,784
7239,31,3,647
7239,41,3,910
7240,3,1,748
7241,32,3,611
7241,32,1,611
7241,50,2,998
7242,18,3,649
7242,49,3,1172
7242,3,3,748
7243,22,3,892
7243,1,1,1038
7243,9,2,1025
7244,48,2,553
7244,46,2,625
7245,49,1,1172
7245,11,1,1047
7246,2,2,576
7246,24,1,946
7247,46,1,625
7247,47,3,954
7248,7,2,332
7248,18,3,649
7248,9,2,1025
7249,20,3,753
7249,13,2,954
7249,15,2,439
7250,48,1,553
7250,16,1,1416
7251,12,1,1432
7251,3,2,748
7252,14,3,1157
7252,50,2,998
7252,3,1,748
7253,33,1,943
7254,46,1,625
7254,25,1,737
7254,36,2,847
7255,7,3,332
7255,50,2,998
7256,18,1,649
7257,46,3,625
7257,5,3,1051
7257,26,2,1135
7258,24,2,946
7259,16,3,1416
7259,5,2,1051
7259,20,2,753
7260,41,2,910
7260,35,3,815
7260,40,3,1066
7261,28,3,1057
7261,21,3,736
7261,15,1,439
7262,3,2,748
7263,48,1,553
7263,41,3,910
7263,11,1,1047
7264,11,3,1047
7264,30,3,549
7265,33,1,943
7265,9,1,1025
7266,23,2,784
7266,16,3,1416
7267,4,2,516
7268,48,1,553
7268,23,2,784
7269,5,3,1051
7269,38,1,1061
7270,45,2,561
7271,34,1,1107
7271,42,2,934
7271,40,3,1066
7272,6,1,1306
7272,44,2,1303
7273,47,3,954
7273,28,3,1057
7274,18,1,649
7275,3,2,748
7276,12,2,1432
7276,4,3,516
7277,21,2,736
7278,3,1,748
7279,10,1,913
7279,16,2,1416
7280,46,1,625
7280,46,1,625
7280,17,2,902
7281,18,1,649
7282,21,1,736
7283,45,3,561
7284,13,1,954
7285,13,1,954
7285,36,3,847
7286,10,2,913
7286,32,3,611
7286,27,3,1283
7287,30,1,549
7287,9,1,1025
7287,44,2,1303
7288,22,1,892
7289,8,3,588
7290,11,2,1047
7290,18,2,649
7290,48,1,553
7291,2,3,576
7292,12,3,1432
7292,15,1,439
7293,44,2,1303
7293,46,1,625
7294,30,2,549
7294,37,1,1229
7295,50,2,998
7295,19,2,718
7296,31,3,647
7296,3,3,748
7296,45,1,561
7297,48,2,553
7297,21,3,736
7298,41,1,910
7299,6,3,1306
7299,35,1,815
7299,25,3,737
7300,49,2,1172
7300,27,3,1283
7301,6,3,1306
7301,17,3,902
7301,2,3,576
7302,21,1,736
7303,39,1,1068
7303,20,3,753
7303,32,3,611
7304,16,3,1416
7305,8,2,588
7305,47,1,954
7305,38,3,1061
7306,48,2,553
7307,43,3,1149
7307,20,2,753
7307,6,2,1306
7308,27,3,1283
7309,42,1,934
7309,3,3,748
7310,28,2,1057
7310,22,2,892
7311,26,2,1135
7312,48,1,553
7312,39,2,1068
7312,26,3,1135
7313,28,2,1057
7313,20,3,753
7313,10,1,913
7314,42,1,934
7315,1,3,1038
7316,31,1,647
7316,46,3,625
7316,7,3,332
7317,4,1,516
7318,10,1,913
7319,18,3,649
7319,30,2,549
7319,11,2,1047
7320,16,3,1416
7321,8,2,588
7321,39,1,1068
7321,18,1,649
7322,49,1,1172
7323,21,3,736
7323,31,1,647
7324,9,1,1025
7324,23,3,784
7324,25,3,737
7325,13,1,954
7325,46,3,625
7325,3,3,748
7326,13,3,954
7326,37,1,1229
7327,41,1,910
7328,42,1,934
7328,46,1,625
7328,2,2,576
7329,43,1,1149
7330,24,3,946
7330,38,1,1061
7331,8,1,588
7331,20,3,753
7331,2,3,576
7332,1,3,1038
7332,3,2,748
7333,16,3,1416
7334,3,1,748
7335,18,2,649
7335,19,2,718
7336,40,3,1066
7337,31,2,647
7337,37,2,1229
7338,30,3,549
7339,29,2,1062
7340,1,2,1038
7340,12,1,1432
7341,28,3,1057
7341,10,1,913
7342,24,3,946
7343,4,1,516
7343,31,3,647
7344,30,3,549
7344,27,2,1283
7344,16,2,1416
7345,37,2,1229
7345,37,3,1229
7345,7,1,332
7346,7,1,332
7346,21,2,736
7346,40,1,1066
7347,37,2,1229
7348,7,3,332
7348,40,3,1066
7349,48,2,553
7349,38,2,1061
7349,44,1,1303
7350,16,3,1416
7350,36,3,847
7351,30,3,549
7351,15,3,439
7352,28,2,1057
7353,28,1,1057
7353,15,1,439
7354,1,1,1038
7355,38,1,1061
7356,2,2,576
7356,27,3,1283
7357,9,1,1025
7357,1,3,1038
7357,10,1,913
7358,8,2,588
7358,33,3,943
7359,21,3,736
7359,48,3,553
7359,2,2,576
7360,20,1,753
7361,38,2,1061
7361,8,2,588
7362,28,2,1057
7363,43,2,1149
7364,1,1,1038
7364,49,2,1172
7364,45,3,561
7365,2,3,576
7365,47,3,954
7366,34,3,1107
7366,48,1,553
7367,36,1,847
7367,9,1,1025
7367,28,3,1057
7368,49,2,1172
7368,30,1,549
7368,31,3,647
7369,42,3,934
7369,30,1,549
7370,21,2,736
7371,27,3,1283
7372,47,2,954
7373,33,2,943
7373,27,2,1283
7373,11,2,1047
7374,47,3,954
7374,40,2,1066
7374,9,3,1025
7375,17,3,902
7376,47,1,954
7377,46,3,625
7377,19,2,718
7378,49,3,1172
7378,38,2,1061
7378,50,2,998
7379,8,1,588
7379,29,2,1062
7379,19,1,718
7380,10,2,913
7380,20,2,753
7380,3,2,748
7381,47,2,954
7381,5,2,1051
7382,46,2,625
7382,34,2,1107
7382,18,1,649
7383,6,2,1306
7383,45,2,561
7384,34,3,1107
7385,6,1,1306
7386,28,2,1057
7386,3,3,748
7387,41,2,910
7387,34,2,1107
7388,41,3,910
7388,10,1,913
7388,36,3,847
7389,33,1,943
7390,40,1,1066
7391,11,2,1047
7392,1,1,1038
7392,36,1,847
7392,12,3,1432
7393,1,3,1038
7394,49,2,1172
7394,5,1,1051
7394,35,3,815
7395,20,3,753
7395,38,1,1061
7396,20,3,753
7397,14,2,1157
7397,8,3,588
7398,42,2,934
7398,42,1,934
7399,34,3,1107
7399,22,2,892
7400,24,2,946
7400,21,3,736
7400,6,3,1306
7401,8,2,588
7401,48,3,553
7401,16,1,1416
7402,47,3,954
7402,14,1,1157
7402,33,3,943
7403,43,1,1149
7403,4,1,516
7404,22,2,892
7404,2,3,576
7404,10,2,913
7405,16,1,1416
7405,21,3,736
7406,1,3,1038
7406,6,2,1306
7406,7,2,332
7407,41,2,910
7408,48,2,553
7408,18,3,649
7408,23,3,784
7409,29,2,1062
7410,31,2,647
7410,3,1,748
7411,8,2,588
7412,7,3,332
7412,2,3,576
7412,30,1,549
7413,34,2,1107
7413,43,2,1149
7413,37,3,1229
7414,39,1,1068
7415,34,3,1107
7415,33,2,943
7416,31,1,647
7417,49,1,1172
7417,38,2,1061
7417,2,1,576
7418,36,2,847
7419,29,2,1062
7419,32,1,611
7419,44,1,1303
7420,46,2,625
7421,16,2,1416
7422,26,3,1135
7422,48,3,553
7422,23,3,784
7423,40,2,1066
7423,43,1,1149
7424,8,3,588
7424,36,3,847
7424,41,1,910
7425,37,1,1229
7426,17,3,902
7426,7,1,332
7426,23,1,784
7427,30,1,549
7427,36,2,847
7427,5,1,1051
7428,20,1,753
7428,26,3,1135
7428,32,3,611
7429,38,1,1061
7429,11,3,1047
7430,12,3,1432
7430,48,2,553
7430,41,1,910
7431,12,1,1432
7431,12,1,1432
7431,24,1,946
7432,36,1,847
7432,28,1,1057
7432,48,1,553
7433,43,1,1149
7433,29,3,1062
7434,50,3,998
7435,47,1,954
7435,3,3,748
7435,30,2,549
7436,9,3,1025
7437,45,2,561
7437,22,2,892
7437,5,2,1051
7438,20,2,753
7438,29,3,1062
7439,31,3,647
7439,45,1,561
7439,18,2,649
7440,12,1,1432
7441,2,2,576
7442,1,2,1038
7443,12,3,1432
7443,44,1,1303
7444,49,1,1172
7444,8,3,588
7445,18,3,649
7445,15,3,439
7445,1,3,1038
7446,50,3,998
7447,38,2,1061
7447,12,1,1432
7447,27,3,1283
7448,34,1,1107
7448,48,2,553
7448,9,1,1025
7449,7,2,332
7449,46,2,625
7450,47,3,954
7451,4,1,516
7452,47,1,954
7453,21,3,736
7454,8,1,588
7454,33,2,943
7455,12,1,1432
7456,9,1,1025
7456,49,2,1172
7457,29,1,1062
7457,17,2,902
7458,12,3,1432
7458,29,1,1062
7458,39,3,1068
7459,29,2,1062
7459,26,1,1135
7460,31,1,647
7460,40,3,1066
7461,33,3,943
7462,32,3,611
7462,6,2,1306
7462,24,1,946
7463,34,3,1107
7463,50,2,998
7463,20,1,753
7464,5,3,1051
7464,32,3,611
7464,34,1,1107
7465,7,3,332
7465,13,1,954
7465,4,3,516
7466,22,3,892
7467,1,3,1038
7468,9,1,1025
7468,37,2,1229
7468,41,1,910
7469,34,3,1107
7469,41,2,910
7469,45,3,561
7470,22,2,892
7471,47,2,954
7472,12,1,1432
7472,31,2,647
7472,5,2,1051
7473,16,1,1416
7474,47,2,954
7474,19,1,718
7475,17,3,902
7475,12,2,1432
7475,48,3,553
7476,15,2,439
7477,15,2,439
7478,9,3,1025
7478,17,3,902
7478,24,3,946
7479,33,3,943
7480,25,2,737
7481,23,1,784
7482,18,2,649
7482,44,3,1303
7483,41,1,910
7483,27,3,1283
7483,32,2,611
7484,42,3,934
7484,47,3,954
7484,27,2,1283
7485,46,1,625
7485,19,2,718
7485,33,1,943
7486,35,2,815
7486,24,2,946
7487,19,2,718
7488,7,1,332
7488,8,1,588
7488,44,1,1303
7489,37,2,1229
7489,39,3,1068
7490,38,2,1061
7491,20,3,753
7491,38,3,1061
7492,33,2,943
7492,24,2,946
7492,33,3,943
7493,13,3,954
7493,35,3,815
7494,27,2,1283
7495,35,3,815
7495,26,2,1135
7496,28,2,1057
7497,12,2,1432
7497,50,3,998
7498,16,2,1416
7498,17,3,902
7499,45,1,561
7500,16,1,1416
7500,24,2,946
7500,16,1,1416
7501,31,2,647
7501,41,1,910
7502,18,1,649
7502,29,3,1062
7502,32,2,611
7503,12,2,1432
7504,18,1,649
7504,3,3,748
7505,43,1,1149
7505,49,2,1172
7506,25,1,737
7507,28,3,1057
7507,4,1,516
7507,21,2,736
7508,23,2,784
7508,47,3,954
7509,35,3,815
7509,47,1,954
7510,43,3,1149
7510,49,1,1172
7511,28,2,1057
7511,4,2,516
7512,49,3,1172
7512,38,2,1061
7512,42,1,934
7513,15,2,439
7514,41,1,910
7514,21,3,736
7515,4,1,516
7515,31,3,647
7516,32,1,611
7517,43,2,1149
7518,28,2,1057
7518,30,3,549
7518,12,3,1432
7519,11,1,1047
7519,50,1,998
7520,2,1,576
7520,26,1,1135
7521,48,2,553
7521,8,3,588
7521,30,3,549
7522,28,2,1057
7523,11,1,1047
7523,42,3,934
7524,19,1,718
7524,11,3,1047
7524,50,3,998
7525,32,2,611
7525,31,1,647
7526,29,1,1062
7526,19,3,718
7527,38,3,1061
7528,32,1,611
7529,16,3,1416
7530,4,1,516
7531,47,3,954
7531,48,3,553
7532,39,1,1068
7532,6,2,1306
7532,39,3,1068
7533,24,3,946
7533,47,2,954
7533,32,2,611
7534,49,3,1172
7535,29,2,1062
7535,49,3,1172
7535,8,2,588
7536,13,2,954
7536,7,2,332
7537,49,2,1172
7538,34,2,1107
7538,31,1,647
7539,21,3,736
7539,40,2,1066
7539,34,1,1107
7540,28,2,1057
7541,11,2,1047
7542,18,2,649
7542,16,2,1416
7543,31,3,647
7543,30,1,549
7543,26,3,1135
7544,9,1,1025
7545,34,2,1107
7545,45,3,561
7545,18,3,649
7546,3,3,748
7546,28,1,1057
7546,35,1,815
7547,11,3,1047
7547,9,3,1025
7548,46,1,625
7549,17,3,902
7550,43,1,1149
7551,27,1,1283
7551,32,2,611
7552,24,3,946
7552,14,2,1157
7553,44,3,1303
7554,36,2,847
7554,31,1,647
7554,49,2,1172
7555,33,1,943
7555,32,2,611
7555,37,2,1229
7556,36,2,847
7557,31,3,647
7558,45,1,561
7558,23,3,784
7559,1,2,1038
7559,28,1,1057
7559,33,1,943
7560,33,2,943
7560,11,2,1047
7560,37,3,1229
7561,7,1,332
7562,5,3,1051
7562,37,3,1229
7563,39,2,1068
7564,3,2,748
7564,44,3,1303
7564,17,2,902
7565,43,2,1149
7565,35,2,815
7565,27,1,1283
7566,16,1,1416
7566,23,1,784
7566,4,3,516
7567,10,1,913
7567,25,2,737
7567,11,1,1047
7568,5,1,1051
7568,43,3,1149
7569,20,1,753
7569,4,2,516
7570,37,2,1229
7571,10,2,913
7571,18,2,649
7572,45,3,561
7572,7,1,332
7572,34,2,1107
7573,19,1,718
7573,42,1,934
7574,33,2,943
7574,12,3,1432
7575,5,1,1051
7575,24,3,946
7576,49,1,1172
7576,22,3,892
7576,9,2,1025
7577,32,1,611
7577,38,1,1061
7577,48,2,553
7578,10,3,913
7579,49,2,1172
7579,18,2,649
7579,40,1,1066
7580,7,2,332
7581,39,1,1068
7582,48,2,553
7582,9,3,1025
7582,23,3,784
7583,36,1,847
7583,18,3,649
7584,22,3,892
7585,47,3,954
7586,20,2,753
7586,40,1,1066
7587,13,3,954
7587,9,3,1025
7588,19,2,718
7588,15,3,439
7588,19,2,718
7589,8,3,588
7589,5,1,1051
7589,50,1,998
7590,8,2,588
7590,35,1,815
7591,25,1,737
7591,38,1,1061
7592,33,2,943
7593,36,2,847
7593,49,2,1172
7594,46,2,625
7594,48,1,553
7594,14,3,1157
7595,23,3,784
7595,24,2,946
7596,2,3,576
7596,2,2,576
7597,30,3,549
7597,45,1,561
7598,14,2,1157
7598,50,2,998
7598,18,2,649
7599,3,2,748
7600,44,2,1303
7601,12,2,1432
7601,11,1,1047
7602,1,3,1038
7603,9,1,1025
7603,27,2,1283
7604,24,2,946
7604,16,2,1416
7604,47,1,954
7605,31,3,647
7606,26,2,1135
7606,23,2,784
7606,46,1,625
7607,20,2,753
7608,48,3,553
7608,16,1,1416
7609,38,2,1061
7609,21,1,736
7609,33,2,943
7610,34,2,1107
7610,31,2,647
7611,20,2,753
7612,17,3,902
7612,10,1,913
7613,50,1,998
7613,28,2,1057
7613,29,2,1062
7614,41,2,910
7615,11,1,1047
7615,9,1,1025
7615,35,3,815
7616,28,1,1057
7616,37,1,1229
7616,14,2,1157
7617,21,1,736
7618,41,3,910
7618,7,3,332
7618,28,1,1057
7619,20,1,753
7619,16,1,1416
7619,45,2,561
7620,6,2,1306
7621,49,3,1172
7621,10,2,913
7622,24,1,946
7623,8,1,588
7623,35,3,815
7623,18,3,649
7624,20,2,753
7624,36,1,847
7624,17,3,902
7625,5,2,1051
7625,21,3,736
7626,37,1,1229
7626,48,3,553
7626,16,1,1416
7627,20,1,753
7628,5,1,1051
7628,13,1,954
7628,42,2,934
7629,39,2,1068
7629,34,3,1107
7630,16,2,1416
7630,27,3,1283
7631,25,3,737
7632,45,2,561
7632,21,2,736
7633,9,2,1025
7634,38,2,1061
7634,21,1,736
7634,24,2,946
7635,2,1,576
7636,31,2,647
7637,20,1,753
7637,24,1,946
7638,1,1,1038
7638,32,3,611
7639,37,2,1229
7639,29,3,1062
7639,3,1,748
7640,2,1,576
7641,15,2,439
7642,12,3,1432
7642,19,1,718
7642,41,2,910
7643,25,1,737
7644,12,1,1432
7644,46,1,625
7645,10,3,913
7646,4,3,516
7646,43,2,1149
7646,25,3,737
7647,20,1,753
7647,46,1,625
7648,9,2,1025
7648,34,2,1107
7648,12,1,1432
7649,19,1,718
7649,30,1,549
7649,5,1,1051
7650,8,3,588
7651,1,1,1038
7651,24,1,946
7652,11,2,1047
7652,17,3,902
7652,35,2,815
7653,36,2,847
7653,47,1,954
7654,46,2,625
7654,32,3,611
7655,34,3,1107
7655,43,1,1149
7656,28,2,1057
7656,36,2,847
7656,38,2,1061
7657,11,1,1047
7657,38,2,1061
7658,8,1,588
7659,27,3,1283
7660,45,1,561
7660,9,3,1025
7660,16,2,1416
7661,25,3,737
7662,25,2,737
7663,5,1,1051
7663,21,1,736
7664,7,3,332
7664,46,3,625
7664,11,2,1047
7665,46,1,625
7665,31,3,647
7665,30,2,549
7666,16,2,1416
7666,7,1,332
7666,17,3,902
7667,36,1,847
7667,2,3,576
7667,3,1,748
7668,43,1,1149
7669,18,2,649
7669,5,3,1051
7670,20,2,753
7670,20,2,753
7670,9,3,1025
7671,23,3,784
7672,35,1,815
7672,7,3,332
7672,35,3,815
7673,33,2,943
7673,30,3,549
7673,27,2,1283
7674,17,3,902
7674,23,3,784
7674,1,1,1038
7675,10,3,913
7675,23,2,784
7676,27,3,1283
7676,6,2,1306
7677,8,2,588
7677,24,1,946
7678,49,2,1172
7679,20,2,753
7679,9,3,1025
7680,41,2,910
7681,34,1,1107
7681,39,2,1068
7682,6,3,1306
7682,6,2,1306
7682,27,2,1283
7683,17,1,902
7683,44,3,1303
7684,46,3,625
7685,25,2,737
7685,35,1,815
7685,27,1,1283
7686,44,1,1303
7687,39,3,1068
7688,2,3,576
7688,5,2,1051
7689,7,3,332
7689,27,1,1283
7690,8,3,588
7690,44,1,1303
7691,48,3,553
7691,24,1,946
7692,17,2,902
7692,1,3,1038
7693,1,2,1038
7693,22,3,892
7694,6,3,1306
7694,21,2,736
7694,43,1,1149
7695,49,3,1172
7695,9,3,1025
7696,5,1,1051
7696,1,2,1038
7696,26,3,1135
7697,6,1,1306
7697,20,1,753
7698,22,1,892
7698,13,3,954
7699,29,3,1062
7699,15,3,439
7700,26,3,1135
7700,3,3,748
7701,7,3,332
7701,2,2,576
7702,23,1,784
7702,25,2,737
7702,3,2,748
7703,49,2,1172
7703,3,1,748
7703,14,3,1157
7704,6,3,1306
7704,5,1,1051
7704,12,3,1432
7705,5,3,1051
7705,11,1,1047
7705,22,2,892
7706,19,2,718
7706,24,2,946
7707,43,3,1149
7708,18,3,649
7708,25,2,737
7708,9,3,1025
7709,27,1,1283
7710,4,3,516
7710,30,1,549
7710,32,3,611
7711,41,1,910
7711,10,2,913
7711,1,1,1038
7712,3,2,748
7712,39,3,1068
7713,14,1,1157
7713,24,1,946
7714,1,1,1038
7714,18,1,649
7714,47,1,954
7715,12,1,1432
7715,48,2,553
7716,46,1,625
7716,11,2,1047
7716,11,1,1047
7717,41,3,910
7717,41,2,910
7718,8,2,588
7719,33,3,943
7719,1,3,1038
7719,29,2,1062
7720,35,3,815
7720,50,2,998
7720,1,1,1038
7721,10,3,913
7722,17,1,902
7722,26,2,1135
7722,27,3,1283
7723,25,2,737
7724,31,1,647
7724,23,2,784
7724,2,2,576
7725,20,2,753
7725,43,1,1149
7725,6,3,1306
7726,46,3,625
7726,3,1,748
7727,35,3,815
7728,39,1,1068
7728,7,1,332
7729,45,1,561
7729,10,3,913
7729,42,2,934
7730,15,2,439
7730,13,3,954
7731,7,2,332
7731,41,3,910
7731,7,3,332
7732,8,1,588
7732,45,1,561
7732,4,2,516
7733,13,1,954
7733,36,1,847
7733,35,3,815
7734,43,2,1149
7734,27,2,1283
7735,39,2,1068
7735,29,2,1062
7735,17,2,902
7736,21,3,736
7736,13,3,954
7737,33,2,943
7737,12,1,1432
7738,7,1,332
7738,6,3,1306
7739,10,2,913
7739,26,2,1135
7740,39,3,1068
7740,6,3,1306
7741,27,2,1283
7742,41,1,910
7742,24,2,946
7742,39,1,1068
7743,15,3,439
7744,27,1,1283
7745,33,2,943
7745,7,1,332
7746,7,2,332
7746,6,1,1306
7746,16,3,1416
7747,24,1,946
7748,38,1,1061
7749,46,3,625
7750,2,3,576
7750,17,3,902
7750,10,2,913
7751,37,2,1229
7751,10,2,913
7751,48,2,553
7752,22,2,892
7752,10,1,913
7752,42,1,934
7753,16,1,1416
7753,41,3,910
7753,2,3,576
7754,11,2,1047
7755,7,3,332
7755,31,1,647
7756,48,3,553
7757,34,2,1107
7758,21,2,736
7758,11,3,1047
7759,9,1,1025
7760,21,1,736
7761,48,3,553
7762,42,2,934
7762,42,3,934
7763,9,3,1025
7763,40,1,1066
7764,48,3,553
7765,21,3,736
7766,30,2,549
7767,7,3,332
7767,7,1,332
7768,33,2,943
7769,13,3,954
7770,43,2,1149
7770,44,1,1303
7771,37,2,1229
7771,1,3,1038
7772,47,3,954
7772,23,1,784
7772,43,3,1149
7773,24,1,946
7773,3,3,748
7773,25,2,737
7774,24,3,946
7774,7,1,332
7774,38,2,1061
7775,49,3,1172
7775,5,3,1051
7775,25,3,737
7776,46,1,625
7776,41,2,910
7776,31,2,647
7777,27,3,1283
7777,41,1,910
7778,37,1,1229
7779,16,3,1416
7779,40,1,1066
7779,26,3,1135
7780,44,1,1303
7780,29,3,1062
7781,38,3,1061
7782,20,3,753
7782,17,1,902
7783,7,1,332
7783,10,3,913
7784,43,1,1149
7784,47,1,954
7784,15,2,439
7785,38,2,1061
7785,33,3,943
7785,31,3,647
7786,22,1,892
7786,8,3,588
7786,11,2,1047
7787,19,2,718
7787,9,2,1025
7787,25,1,737
7788,32,3,611
7788,50,1,998
7788,43,2,1149
7789,9,2,1025
7789,49,2,1172
7789,40,3,1066
7790,39,1,1068
7790,6,1,1306
7791,32,2,611
7792,39,1,1068
7792,33,2,943
7792,26,2,1135
7793,16,3,1416
7794,7,1,332
7794,9,3,1025
7795,11,3,1047
7796,48,3,553
7796,37,2,1229
7797,10,1,913
7798,5,1,1051
7799,21,2,736
7800,40,2,1066
7801,19,2,718
7801,36,1,847
7801,39,3,1068
7802,4,3,516
7802,22,2,892
7802,20,2,753
7803,1,3,1038
7804,27,3,1283
7804,36,1,847
7805,4,1,516
7805,38,2,1061
7806,35,1,815
7806,1,2,1038
7806,4,2,516
7807,42,2,934
7807,40,3,1066
7808,12,2,1432
7809,13,3,954
7809,47,1,954
7810,14,3,1157
7811,6,2,1306
7811,37,2,1229
7811,17,1,902
7812,25,3,737
7813,2,2,576
7814,17,1,902
7814,41,1,910
7814,13,3,954
7815,15,3,439
7816,45,3,561
7817,1,2,1038
7818,36,1,847
7819,33,2,943
7819,13,1,954
7819,34,1,1107
7820,18,2,649
7820,31,1,647
7820,6,3,1306
7821,44,3,1303
7821,14,2,1157
7821,17,2,902
7822,19,1,718
7822,27,1,1283
7823,37,3,1229
7823,36,2,847
7823,6,1,1306
7824,9,1,1025
7824,41,1,910
7824,16,3,1416
7825,27,3,1283
7825,39,1,1068
7826,11,2,1047
7826,8,2,588
7826,10,1,913
7827,3,2,748
7827,11,2,1047
7827,26,2,1135
7828,8,1,588
7828,31,1,647
7829,38,3,1061
7830,19,3,718
7831,36,1,847
7832,32,2,611
7832,38,2,1061
7832,43,3,1149
7833,36,1,847
7834,24,2,946
7835,45,1,561
7835,48,1,553
7836,26,2,1135
7836,15,3,439
7837,20,2,753
7837,48,3,553
7838,20,2,753
7838,26,3,1135
7838,22,3,892
7839,1,3,1038
7840,9,1,1025
7840,21,3,736
7841,21,2,736
7842,42,1,934
7842,42,3,934
7843,12,2,1432
7844,21,1,736
7844,46,1,625
7845,19,2,718
7845,18,3,649
7845,16,2,1416
7846,7,2,332
7846,39,2,1068
7847,6,3,1306
7847,14,1,1157
7848,27,1,1283
7848,44,2,1303
7849,11,1,1047
7850,16,3,1416
7850,40,1,1066
7851,48,2,553
7851,32,1,611
7852,34,1,1107
7852,7,2,332
7852,7,1,332
7853,31,1,647
7853,7,3,332
7853,13,3,954
7854,49,2,1172
7855,11,1,1047
7855,37,3,1229
7856,12,2,1432
7856,34,3,1107
7856,30,1,549
7857,3,3,748
7858,30,2,549
7858,2,1,576
7858,12,3,1432
7859,15,2,439
7860,21,3,736
7861,44,1,1303
7862,6,1,1306
7863,1,2,1038
7864,25,2,737
7864,17,2,902
7865,4,3,516
7865,37,1,1229
7865,30,1,549
7866,40,3,1066
7867,32,2,611
7867,24,3,946
7868,25,3,737
7868,15,1,439
7869,49,3,1172
7869,47,2,954
7870,4,1,516
7871,32,1,611
7871,15,2,439
7872,33,2,943
7873,25,1,737
7873,27,1,1283
7873,4,1,516
7874,14,3,1157
7875,34,2,1107
7875,9,1,1025
7876,3,2,748
7877,1,1,1038
7878,10,2,913
7878,3,1,748
7879,34,2,1107
7879,37,1,1229
7880,29,1,1062
7880,47,2,954
7880,38,2,1061
7881,31,3,647
7882,31,1,647
7882,22,3,892
7883,37,1,1229
7884,30,3,549
7884,44,2,1303
7885,3,3,748
7885,41,1,910
7886,12,1,1432
7887,2,3,576
7888,9,1,1025
7888,5,1,1051
7889,20,3,753
7889,11,1,1047
7889,13,2,954
7890,15,1,439
7890,6,3,1306
7891,25,1,737
7892,23,2,784
7892,23,2,784
7892,4,2,516
7893,14,2,1157
7893,10,1,913
7893,34,3,1107
7894,46,3,625
7894,50,2,998
7894,45,3,561
7895,45,3,561
7895,24,2,946
7895,42,1,934
7896,5,1,1051
7896,5,1,1051
7897,24,1,946
7898,22,3,892
7898,50,2,998
7899,4,1,516
7899,46,2,625
7899,33,1,943
7900,18,2,649
7901,13,1,954
7901,29,2,1062
7901,39,3,1068
7902,44,2,1303
7902,2,3,576
7902,48,1,553
7903,28,2,1057
7903,19,3,718
7903,32,2,611
7904,24,2,946
7904,47,2,954
7904,46,1,625
7905,41,2,910
7905,21,2,736
7905,44,3,1303
7906,13,3,954
7906,45,3,561
7907,45,1,561
7907,9,3,1025
7908,7,1,332
7909,22,2,892
7909,14,2,1157
7910,12,2,1432
7911,46,1,625
7912,23,2,784
7912,25,3,737
7912,34,2,1107
7913,45,3,561
7913,19,3,718
7914,25,1,737
7915,22,3,892
7915,23,1,784
7916,42,2,934
7917,37,2,1229
7918,26,1,1135
7918,37,2,1229
7919,34,1,1107
7919,38,1,1061
7919,43,1,1149
7920,7,1,332
7920,13,2,954
7921,41,1,910
7922,6,2,1306
7922,25,3,737
7923,38,2,1061
7924,27,3,1283
7924,35,2,815
7924,4,1,516
7925,45,1,561
7925,21,1,736
7925,6,3,1306
7926,38,3,1061
7926,41,2,910
7926,31,3,647
7927,16,1,1416
7927,12,3,1432
7927,12,3,1432
7928,35,2,815
7928,33,3,943
7929,5,2,1051
7929,19,2,718
7930,38,2,1061
7930,26,2,1135
7930,33,3,943
7931,27,2,1283
7932,15,3,439
7932,49,3,1172
7933,40,1,1066
7933,9,2,1025
7934,11,2,1047
7934,50,3,998
7934,9,3,1025
7935,16,1,1416
7935,11,2,1047
7936,24,2,946
7936,45,3,561
7937,6,2,1306
7937,47,2,954
7937,25,2,737
7938,2,1,576
7938,24,2,946
7939,21,2,736
7939,32,1,611
7939,6,2,1306
7940,4,1,516
7940,27,3,1283
7941,5,1,1051
7941,32,3,611
7941,5,3,1051
7942,10,3,913
7943,33,2,943
7943,24,2,946
7943,8,1,588
7944,8,3,588
7944,20,3,753
7944,9,2,1025
7945,34,2,1107
7946,5,2,1051
7946,8,1,588
7946,6,1,1306
7947,7,1,332
7947,24,3,946
7948,41,3,910
7948,40,1,1066
7949,11,2,1047
7949,23,3,784
7949,33,3,943
7950,46,1,625
7951,32,1,611
7951,15,1,439
7952,38,2,1061
7952,50,2,998
7953,2,1,576
7953,31,2,647
7954,34,2,1107
7954,20,3,753
7954,11,2,1047
7955,7,2,332
7955,46,2,625
7955,48,2,553
7956,38,3,1061
7956,33,1,943
7957,35,2,815
7957,16,3,1416
7958,39,3,1068
7959,38,1,1061
7959,46,1,625
7960,18,3,649
7961,46,2,625
7962,36,3,847
7963,13,1,954
7963,21,2,736
7964,22,1,892
7964,29,3,1062
7965,34,2,1107
7965,6,2,1306
7965,11,3,1047
7966,8,2,588
7966,48,1,553
7967,10,2,913
7968,45,2,561
7969,32,1,611
7970,15,3,439
7971,1,2,1038
7971,42,1,934
7972,23,3,784
7972,41,2,910
7972,17,1,902
7973,42,1,934
7973,37,2,1229
7974,47,3,954
7975,34,1,1107
7976,7,3,332
7976,1,2,1038
7977,5,1,1051
7978,22,1,892
7978,48,3,553
7979,4,3,516
7979,42,3,934
7979,42,2,934
7980,2,3,576
7980,9,2,1025
7981,36,2,847
7981,33,1,943
7981,32,2,611
7982,20,1,753
7983,4,1,516
7983,48,2,553
7984,5,1,1051
7985,1,1,1038
7986,40,1,1066
7986,10,3,913
7986,2,1,576
7987,37,1,1229
7987,36,2,847
7988,29,2,1062
7988,10,2,913
7988,6,2,1306
7989,6,3,1306
7989,30,1,549
7989,43,1,1149
7990,26,1,1135
7990,44,1,1303
7991,17,2,902
7991,47,3,954
7992,48,3,553
7993,42,1,934
7993,19,1,718
7994,11,3,1047
7994,47,1,954
7994,30,3,549
7995,33,3,943
7995,31,2,647
7996,46,3,625
7996,43,1,1149
7997,20,1,753
7998,50,1,998
7999,43,2,1149
7999,29,3,1062
8000,28,1,1057
8001,10,1,913
8001,33,1,943
8001,9,2,1025
8002,29,1,1062
8002,4,1,516
8002,48,2,553
8003,22,2,892
8003,13,3,954
8003,37,1,1229
8004,24,2,946
8004,37,1,1229
8005,23,2,784
8005,46,1,625
8005,13,1,954
8006,46,1,625
8006,50,2,998
8006,13,1,954
8007,22,3,892
8007,22,3,892
8008,22,2,892
8009,15,2,439
8009,28,1,1057
8009,3,1,748
8010,34,1,1107
8010,13,3,954
8011,36,1,847
8011,41,1,910
8011,23,3,784
8012,5,1,1051
8012,17,1,902
8013,2,1,576
8013,44,3,1303
8013,22,3,892
8014,16,3,1416
8014,44,2,1303
8014,41,1,910
8015,43,3,1149
8016,45,1,561
8016,1,2,1038
8016,28,2,1057
8017,43,3,1149
8018,33,2,943
8019,29,1,1062
8019,12,3,1432
8019,46,2,625
8020,40,3,1066
8020,3,3,748
8020,6,2,1306
8021,21,1,736
8021,49,2,1172
8022,5,1,1051
8022,42,1,934
8022,3,1,748
8023,49,2,1172
8023,47,1,954
8024,26,1,1135
8025,5,1,1051
8025,29,2,1062
8025,1,1,1038
8026,7,3,332
8026,6,1,1306
8026,50,2,998
8027,9,2,1025
8027,15,2,439
8028,22,3,892
8028,39,2,1068
8029,44,2,1303
8029,24,2,946
8030,2,2,576
8030,29,1,1062
8031,37,1,1229
8032,26,3,1135
8032,17,1,902
8032,10,3,913
8033,13,2,954
8034,11,3,1047
8035,7,1,332
8036,46,3,625
8036,32,3,611
8037,50,2,998
8037,20,2,753
8037,50,3,998
8038,32,1,611
8038,38,1,1061
8038,41,2,910
8039,34,2,1107
8039,5,3,1051
8039,11,2,1047
8040,49,2,1172
8041,45,1,561
8041,15,2,439
8041,22,1,892
8042,3,2,748
8042,32,3,611
8042,9,1,1025
8043,47,1,954
8044,21,2,736
8044,45,1,561
8045,27,2,1283
8046,26,1,1135
8047,24,3,946
8047,31,3,647
8048,25,3,737
8049,3,3,748
8049,38,2,1061
8050,44,1,1303
8051,38,2,1061
8052,42,3,934
8052,22,3,892
8052,19,3,718
8053,47,3,954
8053,28,3,1057
8053,46,1,625
8054,23,3,784
8054,47,1,954
8055,16,2,1416
8055,39,3,1068
8056,17,1,902
8056,23,1,784
8057,14,3,1157
8057,3,2,748
8058,9,1,1025
8059,27,3,1283
8060,27,2,1283
8061,18,3,649
8061,28,2,1057
8062,2,3,576
8063,40,2,1066
8063,13,3,954
8063,24,2,946
8064,45,3,561
8065,14,3,1157
8066,29,2,1062
8066,42,1,934
8067,16,2,1416
8067,8,2,588
8067,27,1,1283
8068,10,1,913
8068,38,2,1061
8069,6,2,1306
8069,8,1,588
8069,44,1,1303
8070,4,2,516
8070,24,3,946
8070,38,2,1061
8071,45,3,561
8071,42,2,934
8072,26,2,1135
8073,49,3,1172
8074,6,1,1306
8075,19,2,718
8075,42,1,934
8075,4,1,516
8076,31,3,647
8076,9,2,1025
8077,21,3,736
8077,32,2,611
8078,37,3,1229
8079,3,1,748
8080,42,3,934
8080,41,3,910
8081,16,3,1416
8081,44,2,1303
8081,1,3,1038
8082,30,2,549
8083,48,3,553
8084,6,1,1306
8084,34,3,1107
8085,38,3,1061
8085,17,1,902
8086,7,2,332
8086,34,1,1107
8086,45,2,561
8087,50,1,998
8087,39,2,1068
8087,17,1,902
8088,28,3,1057
8088,27,2,1283
8089,35,3,815
8089,10,1,913
8089,38,3,1061
8090,50,2,998
8090,13,3,954
8090,7,1,332
8091,45,3,561
8091,18,3,649
8091,27,3,1283
8092,47,3,954
8093,18,2,649
8094,19,3,718
8095,20,3,753
8096,42,2,934
8097,45,3,561
8097,3,3,748
8098,34,3,1107
8099,9,3,1025
8099,35,3,815
8100,3,1,748
8101,15,2,439
8102,33,1,943
8102,3,2,748
8103,3,2,748
8103,43,1,1149
8104,41,2,910
8104,35,3,815
8105,19,2,718
8106,46,3,625
8107,28,3,1057
8107,4,2,516
8107,12,1,1432
8108,25,3,737
8109,24,2,946
8109,11,1,1047
8109,38,2,1061
8110,19,3,718
8111,40,3,1066
8111,41,1,910
8111,33,1,943
8112,34,1,1107
8112,9,1,1025
8112,37,1,1229
8113,48,2,553
8113,31,2,647
8113,31,3,647
8114,10,2,913
8115,23,1,784
8115,21,3,736
8115,16,2,1416
8116,47,1,954
8116,19,1,718
8116,37,1,1229
8117,48,1,553
8118,45,3,561
8118,48,1,553
8119,21,3,736
8119,31,1,647
8120,17,1,902
8120,46,1,625
8120,2,3,576
8121,36,2,847
8121,3,2,748
8121,49,3,1172
8122,4,1,516
8122,42,2,934
8123,40,1,1066
8123,17,2,902
8123,18,2,649
8124,27,3,1283
8124,31,3,647
8124,14,2,1157
8125,47,1,954
8126,17,2,902
8127,19,3,718
8128,17,2,902
8128,18,2,649
8129,21,2,736
8129,25,2,737
8130,44,3,1303
8130,38,3,1061
8131,26,3,1135
8131,21,2,736
8131,1,3,1038
8132,49,3,1172
8133,6,2,1306
8134,10,2,913
8134,38,2,1061
8135,19,3,718
8135,48,1,553
8136,12,2,1432
8137,24,3,946
8138,24,3,946
8138,32,1,611
8139,41,1,910
8139,9,2,1025
8139,24,1,946
8140,30,2,549
8140,25,2,737
8141,22,3,892
8141,44,2,1303
8141,39,3,1068
8142,25,2,737
8142,6,1,1306
8142,7,2,332
8143,33,2,943
8143,41,2,910
8144,39,1,1068
8144,35,3,815
8144,48,3,553
8145,26,2,1135
8145,31,1,647
8145,47,1,954
8146,10,1,913
8146,47,2,954
8146,27,1,1283
8147,20,3,753
8147,26,2,1135
8147,42,2,934
8148,22,1,892
8148,20,1,753
8148,20,1,753
8149,49,2,1172
8149,3,2,748
8150,10,3,913
8151,26,1,1135
8152,30,1,549
8152,26,1,1135
8153,27,3,1283
8153,33,1,943
8153,12,3,1432
8154,19,3,718
8154,13,1,954
8155,49,1,1172
8156,33,2,943
8157,32,2,611
8157,13,3,954
8157,26,3,1135
8158,27,2,1283
8158,3,2,748
8158,19,1,718
8159,16,1,1416
8160,43,3,1149
8160,23,2,784
8160,18,1,649
8161,14,1,1157
8161,10,3,913
8161,5,1,1051
8162,29,3,1062
8163,16,2,1416
8163,16,1,1416
8164,28,2,1057
8164,17,3,902
8165,39,1,1068
8165,16,1,1416
8165,32,1,611
8166,3,2,748
8166,15,2,439
8167,48,3,553
8168,30,2,549
8168,15,2,439
8168,1,2,1038
8169,11,1,1047
8169,26,2,1135
8169,37,3,1229
8170,11,3,1047
8170,17,3,902
8170,1,2,1038
8171,42,1,934
8172,12,3,1432
8172,23,3,784
8173,12,2,1432
8174,29,1,1062
8175,6,3,1306
8176,48,1,553
8176,43,2,1149
8177,45,1,561
8177,43,1,1149
8177,39,1,1068
8178,46,1,625
8178,33,1,943
8178,7,3,332
8179,38,2,1061
8180,3,1,748
8181,23,3,784
8181,19,3,718
8182,43,2,1149
8183,22,1,892
8183,42,1,934
8183,26,3,1135
8184,27,2,1283
8184,39,1,1068
8185,43,2,1149
8185,3,3,748
8185,49,1,1172
8186,49,2,1172
8187,26,2,1135
8187,45,3,561
8187,20,2,753
8188,13,1,954
8188,41,3,910
8188,30,2,549
8189,25,1,737
8189,10,1,913
8190,3,2,748
8191,2,2,576
8191,26,2,1135
8192,34,3,1107
8192,7,2,332
8192,32,2,611
8193,42,3,934
8193,45,2,561
8193,17,3,902
8194,47,3,954
8195,27,2,1283
8196,14,3,1157
8196,32,1,611
8197,42,1,934
8197,40,2,1066
8198,48,3,553
8199,31,1,647
8200,5,3,1051
8200,40,1,1066
8200,33,1,943
8201,48,1,553
8201,35,3,815
8201,48,2,553
8202,40,1,1066
8202,43,2,1149
8202,19,3,718
8203,30,2,549
8203,25,1,737
8203,33,3,943
8204,34,1,1107
8204,21,3,736
8205,29,2,1062
8206,29,3,1062
8206,1,2,1038
8206,48,2,553
8207,15,3,439
8207,17,3,902
8208,43,1,1149
8208,19,1,718
8208,15,2,439
8209,49,1,1172
8210,5,1,1051
8210,30,3,549
8210,30,2,549
8211,6,1,1306
8211,46,1,625
8212,24,2,946
8212,26,1,1135
8212,17,2,902
8213,36,1,847
8213,31,3,647
8214,29,2,1062
8214,15,1,439
8215,2,3,576
8215,45,2,561
8216,23,1,784
8216,40,2,1066
8217,14,2,1157
8218,24,2,946
8218,37,2,1229
8218,18,2,649
8219,7,1,332
8220,35,2,815
8221,28,1,1057
8221,6,1,1306
8222,36,3,847
8222,20,1,753
8223,7,2,332
8223,7,3,332
8223,10,3,913
8224,49,1,1172
8224,48,1,553
8224,23,3,784
8225,46,3,625
8225,46,2,625
8225,40,3,1066
8226,44,2,1303
8227,43,3,1149
8228,27,2,1283
8229,13,2,954
8230,16,1,1416
8230,21,1,736
8231,21,2,736
8231,25,1,737
8231,22,1,892
8232,18,1,649
8232,34,1,1107
8233,8,1,588
8233,3,2,748
8233,39,1,1068
8234,22,1,892
8234,42,1,934
8235,6,2,1306
8235,32,1,611
8236,40,3,1066
8236,18,2,649
8236,31,3,647
8237,38,2,1061
8237,15,3,439
8237,40,2,1066
8238,9,2,1025
8238,36,2,847
8239,32,2,611
8239,1,3,1038
8240,13,2,954
8240,30,2,549
8240,40,3,1066
8241,20,1,753
8241,39,1,1068
8241,9,1,1025
8242,29,2,1062
8243,9,2,1025
8243,42,1,934
8244,5,1,1051
8245,9,1,1025
8246,26,1,1135
8246,13,1,954
8246,7,3,332
8247,33,2,943
8248,49,3,1172
8248,42,3,934
8249,47,3,954
8249,1,2,1038
8250,11,3,1047
8250,47,1,954
8251,14,3,1157
8251,18,1,649
8251,7,2,332
8252,13,2,954
8252,49,1,1172
8252,36,1,847
8253,33,1,943
8253,4,3,516
8254,19,3,718
8255,35,3,815
8255,31,3,647
8255,1,1,1038
8256,25,1,737
8256,46,3,625
8257,23,1,784
8258,12,1,1432
8259,49,1,1172
8260,41,3,910
8260,32,1,611
8261,24,2,946
8261,14,1,1157
8261,34,1,1107
8262,20,3,753
8263,39,2,1068
8264,6,2,1306
8264,24,3,946
8265,19,1,718
8265,33,3,943
8265,18,2,649
8266,42,2,934
8266,40,2,1066
8267,41,2,910
8267,49,1,1172
8267,2,3,576
8268,2,2,576
8269,42,1,934
8270,9,1,1025
8270,26,3,1135
8271,17,2,902
8271,10,2,913
8272,13,2,954
8273,27,1,1283
8273,9,1,1025
8274,16,1,1416
8274,14,1,1157
8274,11,1,1047
8275,2,1,576
8276,23,3,784
8277,42,1,934
8278,5,3,1051
8279,49,2,1172
8279,8,2,588
8280,26,2,1135
8280,23,1,784
8280,27,1,1283
8281,7,3,332
8281,1,2,1038
8281,48,1,553
8282,11,3,1047
8282,45,2,561
8283,28,3,1057
8283,5,3,1051
8284,18,3,649
8284,6,2,1306
8284,15,3,439
8285,11,1,1047
8285,50,1,998
8286,31,2,647
8286,7,2,332
8286,42,3,934
8287,37,3,1229
8288,24,2,946
8288,24,1,946
8289,21,2,736
8290,27,3,1283
8290,13,3,954
8291,28,3,1057
8292,41,3,910
8293,34,2,1107
8293,33,3,943
8294,8,3,588
8294,40,3,1066
8294,32,2,611
8295,8,2,588
8295,15,1,439
8295,38,2,1061
8296,25,2,737
8296,39,2,1068
8297,15,3,439
8297,21,1,736
8298,12,3,1432
8299,48,3,553
8299,9,1,1025
8299,31,1,647
8300,1,1,1038
8301,13,3,954
8301,24,3,946
8302,14,1,1157
8302,16,3,1416
8302,47,2,954
8303,28,2,1057
8303,15,1,439
8303,43,1,1149
8304,42,1,934
8305,45,1,561
8306,8,1,588
8306,50,1,998
8306,21,3,736
8307,9,2,1025
8308,7,2,332
8308,27,3,1283
8309,26,2,1135
8309,42,1,934
8309,24,1,946
8310,41,1,910
8310,50,2,998
8311,7,3,332
8311,20,1,753
8312,41,1,910
8312,1,3,1038
8313,34,1,1107
8313,15,3,439
8314,49,3,1172
8314,23,2,784
8314,49,2,1172
8315,27,1,1283
8315,48,3,553
8316,23,1,784
8316,2,2,576
8317,7,2,332
8317,46,2,625
8318,38,2,1061
8318,28,2,1057
8319,3,1,748
8320,39,3,1068
8320,6,1,1306
8320,35,1,815
8321,1,3,1038
8321,29,3,1062
8321,2,2,576
8322,6,3,1306
8322,3,3,748
8322,42,1,934
8323,49,2,1172
8323,48,1,553
8324,29,2,1062
8324,46,3,625
8324,25,2,737
8325,14,2,1157
8325,33,3,943
8325,50,1,998
8326,22,2,892
8326,43,1,1149
8326,12,1,1432
8327,19,3,718
8327,48,3,553
8327,47,2,954
8328,26,3,1135
8329,44,1,1303
8330,20,1,753
8330,29,2,1062
8331,29,2,1062
8331,28,2,1057
8331,23,3,784
8332,40,3,1066
8333,13,3,954
8333,45,2,561
8333,17,1,902
8334,38,2,1061
8334,19,1,718
8334,32,1,611
8335,44,1,1303
8336,11,3,1047
8336,3,1,748
8337,40,3,1066
8337,31,2,647
8338,1,2,1038
8339,10,1,913
8339,15,3,439
8340,3,1,748
8341,17,2,902
8341,30,1,549
8341,30,1,549
8342,48,3,553
8342,39,2,1068
8342,41,1,910
8343,14,1,1157
8344,50,2,998
8344,48,2,553
8344,49,2,1172
8345,20,3,753
8346,28,2,1057
8346,14,3,1157
8346,46,1,625
8347,20,3,753
8348,33,2,943
8348,15,3,439
8349,27,2,1283
8349,24,1,946
8350,48,2,553
8351,32,3,611
8352,22,3,892
8352,20,2,753
8353,38,1,1061
8353,8,2,588
8353,46,3,625
8354,14,2,1157
8354,43,2,1149
8354,38,3,1061
8355,3,1,748
8355,12,2,1432
8355,49,2,1172
8356,1,1,1038
8356,23,1,784
8357,29,3,1062
8358,20,3,753
8359,17,1,902
8360,21,2,736
8360,20,1,753
8361,39,1,1068
8361,37,3,1229
8362,30,3,549
8362,18,1,649
8363,3,1,748
8363,28,3,1057
8364,27,3,1283
8364,7,3,332
8365,16,1,1416
8365,33,3,943
8365,22,3,892
8366,42,3,934
8367,44,3,1303
8368,23,3,784
8369,12,3,1432
8369,21,3,736
8369,38,2,1061
8370,27,2,1283
8371,14,1,1157
8371,31,2,647
8371,11,2,1047
8372,17,2,902
8372,49,2,1172
8373,26,1,1135
8374,2,3,576
8375,30,1,549
8375,10,2,913
8375,45,2,561
8376,13,3,954
8376,39,3,1068
8377,25,3,737
8377,33,1,943
8377,48,1,553
8378,21,2,736
8378,45,3,561
8379,24,3,946
8379,11,2,1047
8379,29,3,1062
8380,32,1,611
8381,15,2,439
8381,7,3,332
8381,11,3,1047
8382,16,2,1416
8382,15,2,439
8382,20,2,753
8383,46,2,625
8383,40,3,1066
8383,16,3,1416
8384,34,2,1107
8384,36,1,847
8385,38,1,1061
8385,45,3,561
8386,41,1,910
8387,5,1,1051
8387,38,3,1061
8387,33,2,943
8388,49,2,1172
8388,16,1,1416
8388,32,1,611
8389,38,3,1061
8389,30,1,549
8389,22,2,892
8390,49,3,1172
8390,35,3,815
8390,18,2,649
8391,10,2,913
8391,21,3,736
8392,6,1,1306
8393,9,2,1025
8394,43,2,1149
8395,26,2,1135
8395,36,3,847
8395,38,2,1061
8396,11,1,1047
8397,14,3,1157
8397,1,3,1038
8398,33,1,943
8398,17,2,902
8399,22,3,892
8400,6,1,1306
8401,30,3,549
8402,45,3,561
8402,29,2,1062
8402,12,2,1432
8403,37,1,1229
8403,44,3,1303
8404,31,3,647
8404,50,3,998
8404,13,3,954
8405,21,1,736
8405,22,2,892
8406,20,3,753
8406,28,2,1057
8406,26,1,1135
8407,13,3,954
8407,32,1,611
8408,48,1,553
8409,18,1,649
8409,18,1,649
8410,35,3,815
8410,24,2,946
8411,19,2,718
8411,41,3,910
8412,34,2,1107
8412,41,1,910
8413,28,1,1057
8414,32,3,611
8415,35,1,815
8416,25,2,737
8417,45,3,561
8417,9,2,1025
8418,10,2,913
8419,19,2,718
8420,23,2,784
8420,11,3,1047
8420,31,1,647
8421,45,3,561
8421,31,2,647
8422,26,2,1135
8422,5,1,1051
8423,29,1,1062
8423,4,1,516
8423,43,3,1149
8424,8,1,588
8425,21,3,736
8425,9,2,1025
8426,24,1,946
8427,22,1,892
8428,25,1,737
8429,35,3,815
8429,18,3,649
8429,6,2,1306
8430,22,3,892
8430,20,1,753
8431,4,2,516
8431,9,3,1025
8431,36,3,847
8432,25,3,737
8433,43,2,1149
8433,12,2,1432
8434,13,3,954
8434,37,3,1229
8435,49,2,1172
8435,20,1,753
8435,47,2,954
8436,19,1,718
8437,17,3,902
8438,4,2,516
8438,12,2,1432
8438,29,2,1062
8439,37,2,1229
8440,40,2,1066
8440,23,3,784
8441,15,2,439
8442,13,1,954
8442,4,3,516
8443,36,1,847
8443,37,2,1229
8443,29,1,1062
8444,32,1,611
8444,6,3,1306
8445,15,1,439
8445,43,2,1149
8445,32,1,611
8446,11,2,1047
8446,41,2,910
8447,46,1,625
8447,6,1,1306
8448,42,2,934
8449,18,3,649
8450,17,2,902
8451,36,3,847
8451,4,3,516
8451,20,3,753
8452,41,2,910
8453,48,3,553
8454,5,3,1051
8454,34,2,1107
8455,41,2,910
8456,1,1,1038
8456,14,2,1157
8457,25,2,737
8458,33,3,943
8458,32,2,611
8459,12,3,1432
8459,3,2,748
8459,9,2,1025
8460,29,3,1062
8460,30,1,549
8460,24,2,946
8461,39,1,1068
8462,47,3,954
8462,44,3,1303
8462,44,3,1303
8463,32,1,611
8463,4,3,516
8464,25,2,737
8464,38,2,1061
8464,31,2,647
8465,25,2,737
8466,24,3,946
8466,43,3,1149
8467,28,1,1057
8467,48,3,553
8468,22,2,892
8469,50,3,998
8469,26,2,1135
8469,1,2,1038
8470,4,1,516
8470,12,1,1432
8470,21,3,736
8471,24,1,946
8472,29,2,1062
8472,18,1,649
8473,37,3,1229
8474,21,2,736
8474,43,2,1149
8475,28,2,1057
8476,49,3,1172
8476,31,1,647
8476,31,1,647
8477,27,3,1283
8477,4,2,516
8477,40,3,1066
8478,15,3,439
8478,33,1,943
8479,37,1,1229
8479,17,1,902
8479,25,1,737
8480,19,2,718
8480,28,1,1057
8481,50,3,998
8481,23,1,784
8482,1,3,1038
8483,21,2,736
8484,39,1,1068
8484,4,3,516
8484,28,2,1057
8485,15,2,439
8485,1,3,1038
8485,22,2,892
8486,39,3,1068
8487,22,1,892
8487,28,2,1057
8487,42,1,934
8488,9,3,1025
8489,45,3,561
8489,46,3,625
8490,28,1,1057
8490,11,3,1047
8491,27,2,1283
8491,45,2,561
8491,33,3,943
8492,1,3,1038
8492,7,2,332
8492,21,3,736
8493,49,1,1172
8493,50,3,998
8494,25,2,737
8494,39,1,1068
8495,39,2,1068
8495,18,2,649
8495,27,3,1283
8496,8,3,588
8497,2,2,576
8497,3,2,748
8497,21,3,736
8498,29,3,1062
8498,30,3,549
8499,34,1,1107
8499,27,3,1283
8500,43,1,1149
8500,10,1,913
8501,16,3,1416
8501,50,2,998
8502,8,1,588
8503,2,1,576
8503,17,3,902
8503,13,1,954
8504,5,3,1051
8504,17,3,902
8504,45,3,561
8505,37,3,1229
8505,29,2,1062
8506,50,3,998
8507,11,1,1047
8507,40,1,1066
8508,44,3,1303
8509,29,1,1062
8509,28,2,1057
8510,28,1,1057
8510,6,1,1306
8511,49,2,1172
8511,35,2,815
8511,37,2,1229
8512,28,1,1057
8512,40,1,1066
8512,9,1,1025
8513,50,3,998
8513,8,1,588
8513,4,3,516
8514,38,2,1061
8514,19,1,718
8515,19,2,718
8515,47,3,954
8516,11,3,1047
8516,25,3,737
8516,48,2,553
8517,41,2,910
8517,17,3,902
8517,40,3,1066
8518,4,2,516
8518,27,1,1283
8518,31,1,647
8519,23,1,784
8519,8,1,588
8520,39,3,1068
8520,39,3,1068
8520,20,2,753
8521,15,3,439
8521,14,1,1157
8521,37,3,1229
8522,27,2,1283
8522,21,3,736
8523,10,2,913
8523,10,2,913
8524,45,2,561
8524,35,1,815
8525,24,2,946
8525,48,1,553
8525,15,2,439
8526,45,2,561
8526,48,3,553
8527,29,2,1062
8528,25,2,737
8529,2,1,576
8529,46,1,625
8529,18,1,649
8530,1,1,1038
8530,8,1,588
8531,15,1,439
8531,27,1,1283
8532,32,1,611
8533,5,3,1051
8533,25,1,737
8533,23,1,784
8534,9,3,1025
8535,25,1,737
8536,28,1,1057
8537,18,1,649
8538,32,1,611
8539,11,3,1047
8539,4,2,516
8539,32,1,611
8540,44,2,1303
8540,5,3,1051
8541,44,1,1303
8541,9,3,1025
8541,32,1,611
8542,24,1,946
8542,45,3,561
8543,42,3,934
8543,14,1,1157
8543,27,2,1283
8544,32,2,611
8544,9,1,1025
8544,33,3,943
8545,38,1,1061
8545,17,2,902
8546,7,3,332
8546,44,2,1303
8547,20,1,753
8547,7,1,332
8548,8,1,588
8549,4,3,516
8549,49,1,1172
8550,36,1,847
8550,28,2,1057
8551,48,1,553
8552,23,2,784
8553,21,3,736
8553,31,2,647
8553,32,1,611
8554,45,1,561
8555,35,3,815
8556,43,2,1149
8556,33,1,943
8556,48,3,553
8557,1,3,1038
8557,14,1,1157
8558,50,3,998
8559,35,1,815
8560,26,3,1135
8560,16,2,1416
8560,21,3,736
8561,36,1,847
8561,32,2,611
8561,38,2,1061
8562,32,1,611
8562,46,3,625
8562,4,1,516
8563,45,3,561
8564,22,1,892
8565,16,1,1416
8566,26,1,1135
8566,24,2,946
8567,34,2,1107
8567,39,1,1068
8568,17,3,902
8569,37,2,1229
8569,11,1,1047
8569,30,3,549
8570,16,2,1416
8570,3,1,748
8570,24,1,946
8571,34,3,1107
8571,5,1,1051
8571,1,2,1038
8572,10,2,913
8572,31,3,647
8573,34,2,1107
8574,4,1,516
8574,43,3,1149
8575,31,1,647
8576,2,1,576
8577,28,2,1057
8577,33,3,943
8577,3,1,748
8578,14,1,1157
8578,49,1,1172
8578,14,1,1157
8579,9,3,1025
8580,48,1,553
8581,50,1,998
8581,14,3,1157
8582,49,3,1172
8582,32,3,611
8582,24,3,946
8583,18,3,649
8583,44,1,1303
8584,5,3,1051
8584,20,3,753
8584,8,3,588
8585,7,3,332
8586,48,1,553
8586,40,2,1066
8586,6,1,1306
8587,40,1,1066
8587,44,2,1303
8588,40,3,1066
8588,39,3,1068
8589,46,3,625
8590,2,3,576
8590,39,2,1068
8591,48,3,553
8592,11,3,1047
8592,21,1,736
8593,14,3,1157
8594,37,3,1229
8595,38,2,1061
8595,47,2,954
8595,25,2,737
8596,39,2,1068
8597,31,1,647
8597,14,2,1157
8597,2,1,576
8598,34,1,1107
8598,46,2,625
8598,36,1,847
8599,39,1,1068
8600,30,3,549
8600,1,2,1038
8600,43,3,1149
8601,45,1,561
8601,43,1,1149
8602,50,2,998
8602,19,3,718
8602,31,1,647
8603,3,2,748
8604,27,3,1283
8604,22,2,892
8604,41,3,910
8605,44,3,1303
8605,18,1,649
8606,15,2,439
8607,16,3,1416
8607,18,3,649
8608,41,2,910
8608,3,2,748
8608,12,1,1432
8609,22,2,892
8610,27,1,1283
8611,17,3,902
8612,12,3,1432
8613,47,1,954
8614,23,2,784
8615,22,3,892
8615,8,2,588
8616,32,3,611
8616,40,2,1066
8616,28,2,1057
8617,19,2,718
8618,43,3,1149
8618,29,1,1062
8619,30,1,549
8619,20,1,753
8620,37,1,1229
8621,31,1,647
8621,50,1,998
8621,46,3,625
8622,13,2,954
8622,50,3,998
8622,32,3,611
8623,45,2,561
8624,17,3,902
8624,18,2,649
8625,25,3,737
8626,19,1,718
8627,5,3,1051
8627,9,1,1025
8628,30,1,549
8628,12,3,1432
8628,38,3,1061
8629,4,1,516
8629,24,2,946
8630,6,1,1306
8631,17,1,902
8632,9,1,1025
8632,50,2,998
8632,20,1,753
8633,17,1,902
8634,33,1,943
8635,43,2,1149
8635,2,1,576
8636,46,3,625
8636,10,3,913
8636,12,3,1432
8637,14,1,1157
8637,19,1,718
8637,3,1,748
8638,27,3,1283
8638,7,1,332
8638,8,1,588
8639,14,3,1157
8639,38,2,1061
8639,37,2,1229
8640,28,1,1057
8641,34,2,1107
8642,7,1,332
8642,27,2,1283
8643,28,1,1057
8643,9,3,1025
8644,8,2,588
8645,16,1,1416
8646,1,3,1038
8646,23,1,784
8647,13,2,954
8647,36,3,847
8647,49,3,1172
8648,23,2,784
8649,12,3,1432
8649,22,1,892
8649,19,2,718
8650,11,3,1047
8650,39,1,1068
8650,18,1,649
8651,34,3,1107
8651,15,2,439
8652,34,3,1107
8652,38,3,1061
8652,27,3,1283
8653,8,1,588
8653,45,1,561
8653,39,2,1068
8654,3,1,748
8654,9,1,1025
8654,34,2,1107
8655,29,3,1062
8656,21,1,736
8656,40,1,1066
8657,14,1,1157
8657,8,1,588
8658,2,2,576
8658,6,3,1306
8658,30,1,549
8659,2,2,576
8660,12,2,1432
8661,31,1,647
8661,14,3,1157
8662,15,3,439
8662,25,1,737
8663,37,3,1229
8663,10,3,913
8664,22,1,892
8664,3,1,748
8664,40,2,1066
8665,30,1,549
8665,44,1,1303
8666,2,3,576
8666,32,2,611
8666,46,2,625
8667,19,1,718
8667,26,2,1135
8667,23,1,784
8668,49,2,1172
8669,27,1,1283
8669,14,1,1157
8670,45,3,561
8671,46,1,625
8671,46,2,625
8671,28,3,1057
8672,19,3,718
8672,5,3,1051
8673,10,3,913
8674,41,3,910
8675,18,3,649
8675,24,1,946
8676,31,2,647
8677,6,2,1306
8677,26,1,1135
8678,19,1,718
8678,39,2,1068
8678,21,2,736
8679,41,3,910
8680,9,3,1025
8680,4,2,516
8680,26,1,1135
8681,27,2,1283
8682,12,3,1432
8682,37,2,1229
8683,9,3,1025
8683,19,1,718
8683,44,3,1303
8684,39,3,1068
8685,27,2,1283
8685,15,3,439
8685,17,1,902
8686,47,1,954
8687,16,3,1416
8687,12,1,1432
8687,23,1,784
8688,11,3,1047
8688,34,3,1107
8688,32,3,611
8689,21,3,736
8689,46,2,625
8689,4,1,516
8690,46,2,625
8690,44,3,1303
8690,14,3,1157
8691,46,1,625
8692,40,3,1066
8692,14,2,1157
8692,38,2,1061
8693,30,1,549
8693,29,2,1062
8694,10,1,913
8694,6,1,1306
8694,19,3,718
8695,8,3,588
8696,41,1,910
8697,12,1,1432
8697,35,2,815
8698,18,1,649
8698,27,2,1283
8699,14,3,1157
8700,12,1,1432
8700,12,3,1432
8701,43,3,1149
8702,45,1,561
8703,43,1,1149
8704,14,2,1157
8704,32,1,611
8704,2,2,576
8705,6,3,1306
8705,38,3,1061
8706,10,3,913
8706,7,1,332
8706,36,2,847
8707,34,3,1107
8708,3,2,748
8708,6,2,1306
8709,13,2,954
8709,13,1,954
8710,5,1,1051
8710,17,1,902
8710,40,1,1066
8711,9,3,1025
8712,43,3,1149
8712,25,1,737
8713,13,1,954
8714,34,2,1107
8715,12,3,1432
8715,7,1,332
8715,6,2,1306
8716,17,1,902
8716,19,3,718
8717,4,2,516
8717,3,1,748
8717,11,1,1047
8718,29,2,1062
8718,43,1,1149
8718,20,1,753
8719,18,1,649
8720,37,3,1229
8721,39,2,1068
8721,39,2,1068
8721,46,1,625
8722,39,2,1068
8722,6,3,1306
8723,14,3,1157
8723,42,3,934
8723,33,1,943
8724,30,2,549
8725,16,1,1416
8726,49,3,1172
8726,30,1,549
8727,35,2,815
8727,12,1,1432
8728,45,1,561
8729,18,2,649
8730,15,1,439
8730,40,2,1066
8731,24,3,946
8732,18,3,649
8732,4,2,516
8732,25,3,737
8733,42,2,934
8733,17,1,902
8734,37,2,1229
8734,15,3,439
8734,18,2,649
8735,31,2,647
8735,14,3,1157
8735,3,2,748
8736,12,1,1432
8736,4,3,516
8736,7,1,332
8737,14,3,1157
8737,32,3,611
8737,13,3,954
8738,35,1,815
8738,14,1,1157
8739,24,1,946
8740,8,1,588
8741,36,3,847
8741,39,3,1068
8742,41,2,910
8743,29,3,1062
8744,7,2,332
8744,29,2,1062
8744,16,3,1416
8745,3,1,748
8746,28,1,1057
8746,40,2,1066
8747,5,1,1051
8747,25,1,737
8748,44,1,1303
8748,50,2,998
8749,40,2,1066
8750,29,3,1062
8750,43,2,1149
8751,22,1,892
8751,10,1,913
8751,43,3,1149
8752,8,1,588
8752,28,3,1057
8753,25,1,737
8753,1,2,1038
8753,2,3,576
8754,31,2,647
8755,38,2,1061
8755,41,3,910
8756,20,1,753
8756,48,2,553
8756,1,2,1038
8757,23,2,784
8757,9,1,1025
8758,40,1,1066
8758,48,1,553
8758,20,2,753
8759,22,3,892
8760,18,2,649
8761,32,1,611
8761,45,1,561
8762,15,1,439
8763,12,1,1432
8764,36,3,847
8764,2,3,576
8764,27,1,1283
8765,15,2,439
8766,34,3,1107
8766,38,3,1061
8767,4,3,516
8767,46,2,625
8768,25,2,737
8768,48,1,553
8769,12,2,1432
8769,10,1,913
8770,40,1,1066
8771,15,3,439
8771,39,2,1068
8771,36,3,847
8772,3,1,748
8772,32,2,611
8773,7,1,332
8773,37,3,1229
8773,31,2,647
8774,23,3,784
8774,37,2,1229
8774,43,1,1149
8775,44,3,1303
8776,10,1,913
8776,35,2,815
8777,39,1,1068
8777,41,2,910
8777,46,2,625
8778,28,3,1057
8778,31,3,647
8778,24,1,946
8779,22,2,892
8779,22,1,892
8779,38,2,1061
8780,22,2,892
8780,10,3,913
8781,5,2,1051
8782,6,1,1306
8783,5,2,1051
8783,43,3,1149
8783,46,2,625
8784,39,3,1068
8785,18,1,649
8785,37,2,1229
8786,10,1,913
8786,5,1,1051
8787,34,1,1107
8787,44,1,1303
8787,25,3,737
8788,13,1,954
8788,14,1,1157
8789,2,2,576
8789,15,3,439
8790,39,3,1068
8790,15,1,439
8790,5,2,1051
8791,4,1,516
8792,44,2,1303
8793,8,2,588
8794,11,2,1047
8794,23,2,784
8794,39,1,1068
8795,22,1,892
8795,27,3,1283
8796,21,1,736
8797,19,3,718
8797,26,2,1135
8797,14,1,1157
8798,5,2,1051
8798,4,2,516
8799,37,2,1229
8799,36,1,847
8799,6,1,1306
8800,37,3,1229
8800,22,3,892
8800,48,2,553
8801,11,2,1047
8801,30,1,549
8802,32,2,611
8802,29,1,1062
8803,24,1,946
8803,22,3,892
8804,46,2,625
8804,8,3,588
8804,13,2,954
8805,12,3,1432
8805,34,3,1107
8805,8,3,588
8806,26,3,1135
8807,34,3,1107
8808,35,1,815
8808,39,3,1068
8809,41,3,910
8810,35,1,815
8811,1,1,1038
8811,30,3,549
8811,25,3,737
8812,20,2,753
8813,46,2,625
8813,16,2,1416
8813,39,1,1068
8814,48,1,553
8814,24,2,946
8815,35,3,815
8815,3,2,748
8815,24,3,946
8816,22,3,892
8816,25,1,737
8817,39,3,1068
8817,22,3,892
8818,21,1,736
8818,18,3,649
8819,5,2,1051
8819,6,3,1306
8819,39,2,1068
8820,24,2,946
8821,20,1,753
8821,29,2,1062
8822,9,2,1025
8823,41,3,910
8823,43,2,1149
8824,8,1,588
8824,23,2,784
8824,19,1,718
8825,38,3,1061
8825,33,3,943
8825,6,2,1306
8826,31,1,647
8827,26,1,1135
8828,46,3,625
8828,40,2,1066
8829,25,3,737
8829,6,2,1306
8829,38,3,1061
8830,29,2,1062
8830,29,2,1062
8831,24,1,946
8832,24,1,946
8833,3,2,748
8834,44,2,1303
8834,5,2,1051
8834,49,2,1172
8835,13,3,954
8836,17,1,902
8836,39,2,1068
8837,50,2,998
8837,43,2,1149
8837,36,1,847
8838,42,1,934
8838,29,1,1062
8839,43,3,1149
8839,22,1,892
8839,5,2,1051
8840,33,1,943
8840,6,3,1306
8841,16,3,1416
8841,42,1,934
8842,43,1,1149
8842,44,2,1303
8843,39,3,1068
8843,7,3,332
8843,43,1,1149
8844,9,3,1025
8844,22,1,892
8845,3,1,748
8845,44,2,1303
8845,19,2,718
8846,44,1,1303
8846,30,2,549
8846,44,2,1303
8847,24,1,946
8847,44,1,1303
8847,2,1,576
8848,29,3,1062
8848,16,3,1416
8849,6,1,1306
8849,3,1,748
8850,40,2,1066
8851,12,3,1432
8851,32,2,611
8851,8,1,588
8852,50,3,998
8853,10,3,913
8853,46,1,625
8853,13,3,954
8854,6,2,1306
8854,18,1,649
8855,30,3,549
8855,28,2,1057
8855,40,1,1066
8856,3,1,748
8857,9,1,1025
8858,42,2,934
8858,13,3,954
8859,47,2,954
8859,8,1,588
8859,43,3,1149
8860,50,2,998
8860,12,1,1432
8860,48,1,553
8861,6,2,1306
8861,14,1,1157
8862,13,3,954
8862,32,2,611
8862,29,1,1062
8863,33,1,943
8864,16,1,1416
8865,40,2,1066
8865,31,1,647
8866,2,3,576
8866,34,1,1107
8867,35,2,815
8867,5,2,1051
8867,36,3,847
8868,41,3,910
8868,4,2,516
8869,24,3,946
8869,17,1,902
8869,4,2,516
8870,39,1,1068
8871,32,2,611
8872,50,1,998
8873,11,3,1047
8873,39,3,1068
8874,23,2,784
8874,20,1,753
8875,28,3,1057
8875,45,2,561
8876,8,1,588
8877,17,2,902
8877,7,3,332
8877,46,1,625
8878,43,3,1149
8879,29,2,1062
8879,21,1,736
8880,20,1,753
8880,7,3,332
8881,17,1,902
8881,48,1,553
8882,6,1,1306
8882,29,2,1062
8882,21,2,736
8883,36,3,847
8883,47,1,954
8884,8,2,588
8885,4,1,516
8885,2,1,576
8886,40,3,1066
8886,9,2,1025
8886,39,1,1068
8887,50,2,998
8887,41,2,910
8887,16,2,1416
8888,20,2,753
8889,13,1,954
8889,16,1,1416
8890,17,3,902
8891,16,1,1416
8891,41,2,910
8891,6,2,1306
8892,48,3,553
8893,27,2,1283
8893,48,2,553
8893,38,1,1061
8894,39,3,1068
8895,7,2,332
8896,20,2,753
8896,33,3,943
8896,12,2,1432
8897,4,1,516
8897,5,2,1051
8898,7,3,332
8899,1,3,1038
8900,50,3,998
8900,49,1,1172
8900,20,2,753
8901,44,3,1303
8901,23,2,784
8902,31,2,647
8902,27,3,1283
8903,50,1,998
8904,7,1,332
8905,23,1,784
8906,16,2,1416
8906,35,1,815
8906,36,3,847
8907,39,2,1068
8908,10,2,913
8909,1,2,1038
8910,33,2,943
8910,25,2,737
8911,9,1,1025
8911,49,2,1172
8912,46,2,625
8912,50,3,998
8912,35,3,815
8913,14,2,1157
8913,37,2,1229
8913,48,3,553
8914,30,3,549
8914,1,3,1038
8915,14,3,1157
8916,22,1,892
8917,47,1,954
8917,40,1,1066
8917,31,3,647
8918,15,2,439
8918,18,3,649
8918,1,2,1038
8919,48,2,553
8919,14,1,1157
8919,40,1,1066
8920,44,3,1303
8920,12,2,1432
8921,9,1,1025
8922,45,3,561
8922,13,3,954
8923,14,2,1157
8923,18,3,649
8923,7,2,332
8924,5,3,1051
8924,9,2,1025
8924,50,1,998
8925,41,2,910
8925,32,3,611
8926,39,2,1068
8926,15,3,439
8927,27,1,1283
8928,34,3,1107
8928,36,1,847
8929,31,3,647
8930,6,1,1306
8930,23,3,784
8930,21,2,736
8931,1,2,1038
8931,24,3,946
8932,34,1,1107
8932,19,3,718
8932,35,3,815
8933,50,3,998
8933,47,1,954
8933,14,1,1157
8934,37,1,1229
8934,27,2,1283
8935,13,2,954
8935,5,1,1051
8936,3,1,748
8936,10,2,913
8937,10,2,913
8937,44,1,1303
8937,18,3,649
8938,2,1,576
8939,36,2,847
8940,1,3,1038
8940,16,1,1416
8940,3,3,748
8941,18,2,649
8941,15,2,439
8941,44,2,1303
8942,25,2,737
8942,5,3,1051
8943,42,3,934
8943,49,1,1172
8943,18,3,649
8944,32,2,611
8944,33,3,943
8945,25,1,737
8945,35,3,815
8945,50,3,998
8946,41,1,910
8946,26,1,1135
8946,30,2,549
8947,45,2,561
8947,36,1,847
8948,50,1,998
8948,19,3,718
8949,24,2,946
8949,19,3,718
8949,6,2,1306
8950,38,3,1061
8950,36,2,847
8950,8,3,588
8951,32,1,611
8951,4,1,516
8952,21,2,736
8953,26,3,1135
8953,18,1,649
8953,28,2,1057
8954,46,1,625
8955,1,3,1038
8956,19,2,718
8957,21,3,736
8957,1,3,1038
8958,32,1,611
8958,25,3,737
8959,13,3,954
8959,6,3,1306
8959,45,2,561
8960,1,1,1038
8960,1,3,1038
8961,46,2,625
8961,35,1,815
8961,35,1,815
8962,5,2,1051
8962,33,2,943
8962,8,1,588
8963,2,3,576
8964,39,3,1068
8965,16,2,1416
8965,26,1,1135
8966,47,3,954
8966,16,3,1416
8966,36,3,847
8967,38,2,1061
8967,20,3,753
8968,32,3,611
8968,6,3,1306
8969,38,3,1061
8969,50,3,998
8970,15,3,439
8970,2,1,576
8970,23,1,784
8971,27,3,1283
8971,43,1,1149
8971,9,3,1025
8972,47,3,954
8972,16,1,1416
8972,6,2,1306
8973,18,2,649
8974,15,2,439
8974,45,2,561
8975,23,2,784
8976,30,3,549
8976,20,1,753
8977,36,3,847
8978,39,1,1068
8978,32,1,611
8978,43,1,1149
8979,29,2,1062
8979,19,1,718
8980,25,2,737
8981,18,3,649
8981,19,3,718
8981,26,1,1135
8982,4,1,516
8982,27,2,1283
8982,14,3,1157
8983,36,2,847
8983,48,2,553
8983,33,1,943
8984,20,2,753
8984,49,3,1172
8984,15,1,439
8985,4,3,516
8985,13,1,954
8985,22,1,892
8986,32,2,611
8986,10,3,913
8986,29,3,1062
8987,16,2,1416
8987,36,2,847
8987,34,3,1107
8988,23,3,784
8988,1,3,1038
8989,36,2,847
8990,10,2,913
8991,46,1,625
8991,48,1,553
8991,13,3,954
8992,37,3,1229
8992,42,1,934
8993,44,2,1303
8993,46,3,625
8994,43,1,1149
8995,3,2,748
8995,10,3,913
8995,49,1,1172
8996,20,1,753
8996,31,1,647
8996,11,2,1047
8997,24,3,946
8997,50,1,998
8997,24,3,946
8998,13,3,954
8999,2,2,576
8999,25,1,737
9000,48,2,553
9001,36,3,847
9001,3,3,748
9002,1,2,1038
9002,3,2,748
9003,13,2,954
9004,50,3,998
9005,7,1,332
9005,18,1,649
9005,49,3,1172
9006,32,3,611
9007,10,3,913
9007,23,3,784
9007,32,1,611
9008,21,1,736
9008,6,2,1306
9009,9,2,1025
9010,29,3,1062
9010,29,3,1062
9010,50,2,998
9011,23,2,784
9011,29,3,1062
9011,19,1,718
9012,9,1,1025
9012,45,1,561
9012,1,3,1038
9013,40,3,1066
9013,39,1,1068
9013,34,2,1107
9014,25,2,737
9014,21,2,736
9014,36,1,847
9015,41,1,910
9016,30,2,549
9016,26,1,1135
9016,49,1,1172
9017,5,3,1051
9017,24,3,946
9018,20,3,753
9018,44,2,1303
9018,26,1,1135
9019,34,3,1107
9020,13,3,954
9021,43,3,1149
9022,40,1,1066
9023,1,1,1038
9024,20,2,753
9025,20,3,753
9025,41,1,910
9026,13,1,954
9026,44,3,1303
9026,6,3,1306
9027,19,3,718
9028,26,2,1135
9028,4,1,516
9029,42,1,934
9029,11,1,1047
9029,48,2,553
9030,23,3,784
9031,21,2,736
9031,12,1,1432
9032,42,1,934
9033,22,2,892
9034,13,2,954
9034,44,1,1303
9035,45,1,561
9035,5,3,1051
9035,28,1,1057
9036,39,2,1068
9036,46,3,625
9037,17,3,902
9037,39,1,1068
9037,26,2,1135
9038,8,3,588
9038,23,2,784
9039,23,3,784
9039,30,3,549
9040,31,3,647
9040,12,3,1432
9040,49,1,1172
9041,3,2,748
9042,26,3,1135
9043,8,1,588
9043,39,2,1068
9044,4,1,516
9045,46,2,625
9045,50,2,998
9046,9,1,1025
9046,47,2,954
9047,38,1,1061
9047,40,3,1066
9048,1,3,1038
9048,12,3,1432
9049,24,1,946
9049,49,2,1172
9050,48,1,553
9050,9,1,1025
9051,33,1,943
9052,47,3,954
9052,44,2,1303
9052,4,2,516
9053,37,3,1229
9054,47,2,954
9055,2,2,576
9055,6,2,1306
9055,36,1,847
9056,29,2,1062
9057,13,3,954
9058,6,1,1306
9058,28,2,1057
9058,35,3,815
9059,1,2,1038
9059,26,3,1135
9060,20,3,753
9060,13,3,954
9061,5,2,1051
9061,33,1,943
9062,40,2,1066
9062,40,1,1066
9062,35,2,815
9063,14,1,1157
9063,16,3,1416
9064,1,2,1038
9064,38,2,1061
9064,32,2,611
9065,5,3,1051
9065,36,1,847
9065,8,2,588
9066,30,2,549
9067,38,3,1061
9067,20,2,753
9068,11,2,1047
9068,40,3,1066
9068,35,2,815
9069,7,3,332
9069,48,3,553
9070,6,3,1306
9070,6,2,1306
9071,14,2,1157
9072,30,2,549
9072,37,3,1229
9072,47,3,954
9073,12,2,1432
9073,11,1,1047
9073,38,2,1061
9074,46,1,625
9074,7,3,332
9074,37,3,1229
9075,19,1,718
9076,23,3,784
9076,49,3,1172
9076,35,1,815
9077,20,3,753
9077,17,3,902
9077,37,1,1229
9078,42,3,934
9078,39,1,1068
9078,48,1,553
9079,30,2,549
9080,14,1,1157
9080,34,2,1107
9081,23,2,784
9082,50,3,998
9082,45,1,561
9083,11,2,1047
9084,26,2,1135
9084,17,2,902
9084,6,2,1306
9085,8,1,588
9085,24,2,946
9086,49,2,1172
9086,31,2,647
9087,48,3,553
9088,35,2,815
9088,30,2,549
9089,32,2,611
9089,39,3,1068
9089,34,1,1107
9090,20,1,753
9091,47,3,954
9091,8,1,588
9092,40,1,1066
9092,37,2,1229
9092,31,2,647
9093,27,3,1283
9093,42,1,934
9093,20,1,753
9094,40,1,1066
9094,49,2,1172
9094,8,2,588
9095,13,3,954
9096,21,3,736
9096,24,3,946
9097,4,2,516
9098,37,3,1229
9099,11,2,1047
9100,36,1,847
9100,46,2,625
9100,1,2,1038
9101,4,2,516
9101,25,1,737
9101,39,2,1068
9102,20,3,753
9103,48,3,553
9103,40,1,1066
9103,3,3,748
9104,43,2,1149
9104,43,3,1149
9104,40,1,1066
9105,5,3,1051
9105,9,3,1025
9105,2,2,576
9106,17,3,902
9107,12,3,1432
9108,2,3,576
9108,17,1,902
9108,11,2,1047
9109,34,1,1107
9109,20,3,753
9110,22,2,892
9110,44,3,1303
9110,37,3,1229
9111,20,1,753
9111,39,1,1068
9111,19,3,718
9112,43,3,1149
9113,7,2,332
9113,43,1,1149
9114,7,2,332
9114,46,1,625
9115,44,3,1303
9115,19,1,718
9116,36,3,847
9117,20,3,753
9117,19,3,718
9118,3,2,748
9118,28,1,1057
9118,5,1,1051
9119,27,3,1283
9119,40,2,1066
9119,29,3,1062
9120,12,2,1432
9120,27,2,1283
9121,37,2,1229
9121,15,3,439
9122,41,1,910
9122,47,1,954
9122,49,1,1172
9123,28,1,1057
9124,48,3,553
9125,2,2,576
9125,42,3,934
9125,22,1,892
9126,3,3,748
9126,33,3,943
9127,29,1,1062
9127,14,2,1157
9128,39,3,1068
9129,36,2,847
9130,1,3,1038
9131,5,3,1051
9131,28,3,1057
9131,46,1,625
9132,39,3,1068
9132,41,3,910
9132,13,3,954
9133,36,1,847
9133,11,2,1047
9133,25,2,737
9134,27,1,1283
9135,8,3,588
9135,24,3,946
9135,19,2,718
9136,4,3,516
9137,50,3,998
9137,47,2,954
9138,40,2,1066
9138,21,1,736
9138,41,3,910
9139,49,3,1172
9139,22,2,892
9140,5,1,1051
9141,30,2,549
9141,10,1,913
9141,23,2,784
9142,41,3,910
9142,45,2,561
9143,2,2,576
9144,27,1,1283
9145,3,3,748
9145,36,1,847
9146,40,1,1066
9147,2,3,576
9147,15,3,439
9147,19,2,718
9148,38,1,1061
9149,48,2,553
9149,23,2,784
9150,34,1,1107
9150,49,1,1172
9151,41,3,910
9152,46,3,625
9152,9,2,1025
9152,35,1,815
9153,15,3,439
9153,41,3,910
9153,4,2,516
9154,36,1,847
9155,41,3,910
9156,26,3,1135
9156,19,2,718
9156,9,1,1025
9157,2,1,576
9157,39,1,1068
9157,6,2,1306
9158,35,2,815
9159,41,3,910
9159,48,3,553
9159,35,2,815
9160,40,2,1066
9161,30,3,549
9161,25,1,737
9162,46,2,625
9162,7,3,332
9162,5,2,1051
9163,33,1,943
9163,36,3,847
9163,24,1,946
9164,20,3,753
9164,35,3,815
9164,27,3,1283
9165,32,2,611
9166,21,1,736
9166,30,1,549
9166,49,1,1172
9167,45,1,561
9168,33,3,943
9168,1,2,1038
9168,37,1,1229
9169,18,2,649
9170,46,1,625
9170,45,3,561
9170,37,2,1229
9171,33,2,943
9171,16,3,1416
9171,41,2,910
9172,3,1,748
9172,45,2,561
9173,14,2,1157
9174,49,3,1172
9174,35,3,815
9175,30,3,549
9176,46,3,625
9176,49,1,1172
9176,12,3,1432
9177,38,2,1061
9177,48,3,553
9177,17,2,902
9178,31,1,647
9178,44,2,1303
9179,44,2,1303
9179,14,1,1157
9179,14,2,1157
9180,30,1,549
9181,17,1,902
9181,21,2,736
9181,9,2,1025
9182,34,3,1107
9183,19,2,718
9183,18,1,649
9184,5,1,1051
9185,16,1,1416
9185,35,3,815
9186,10,3,913
9187,39,1,1068
9187,19,3,718
9187,17,1,902
9188,19,1,718
9188,49,2,1172
9189,50,1,998
9189,34,2,1107
9190,20,3,753
9190,17,2,902
9191,46,2,625
9191,7,3,332
9192,20,2,753
9193,38,1,1061
9193,8,2,588
9194,11,3,1047
9195,40,1,1066
9195,13,2,954
9196,32,1,611
9197,22,1,892
9197,40,1,1066
9197,9,3,1025
9198,13,1,954
9199,44,2,1303
9200,24,2,946
9200,10,1,913
9201,29,3,1062
9201,44,2,1303
9202,23,1,784
9202,3,3,748
9203,12,2,1432
9204,27,2,1283
9204,34,3,1107
9205,46,1,625
9206,18,1,649
9206,30,2,549
9207,4,3,516
9207,35,3,815
9207,36,2,847
9208,31,2,647
9208,11,2,1047
9208,32,3,611
9209,20,1,753
9209,36,1,847
9209,2,1,576
9210,15,1,439
9211,45,1,561
9212,2,3,576
9213,25,2,737
9213,32,1,611
9214,26,3,1135
9214,41,2,910
9214,44,1,1303
9215,17,3,902
9216,33,3,943
9216,45,2,561
9217,49,3,1172
9217,46,1,625
9217,11,1,1047
9218,11,3,1047
9218,14,2,1157
9218,38,3,1061
9219,50,1,998
9219,22,1,892
9220,2,2,576
9220,33,3,943
9221,18,2,649
9222,31,2,647
9222,45,2,561
9222,1,3,1038
9223,12,2,1432
9223,41,3,910
9224,12,1,1432
9224,19,2,718
9225,21,3,736
9225,13,3,954
9225,50,2,998
9226,32,1,611
9226,7,1,332
9226,26,1,1135
9227,17,2,902
9228,41,1,910
9228,13,1,954
9228,46,3,625
9229,19,1,718
9230,29,1,1062
9230,20,2,753
9230,47,3,954
9231,43,1,1149
9231,25,2,737
9232,49,2,1172
9233,20,3,753
9234,5,1,1051
9235,35,2,815
9236,24,2,946
9236,3,3,748
9237,4,1,516
9237,34,3,1107
9237,36,2,847
9238,14,1,1157
9238,23,1,784
9239,17,3,902
9239,32,1,611
9240,29,2,1062
9240,10,1,913
9240,26,1,1135
9241,15,3,439
9241,3,3,748
9242,20,2,753
9242,35,1,815
9242,22,1,892
9243,47,3,954
9244,36,1,847
9245,28,3,1057
9245,17,3,902
9246,29,1,1062
9246,10,3,913
9246,15,1,439
9247,25,3,737
9248,30,3,549
9249,21,3,736
9249,1,3,1038
9249,11,1,1047
9250,3,2,748
9251,43,1,1149
9251,8,2,588
9251,24,2,946
9252,28,2,1057
9253,27,3,1283
9253,46,2,625
9254,11,2,1047
9254,45,3,561
9255,38,3,1061
9256,44,1,1303
9256,45,1,561
9256,7,1,332
9257,24,2,946
9258,4,3,516
9258,44,3,1303
9259,25,1,737
9260,40,3,1066
9261,41,2,910
9261,12,2,1432
9262,18,3,649
9263,20,1,753
9263,14,1,1157
9263,22,1,892
9264,8,2,588
9264,16,2,1416
9264,48,1,553
9265,4,3,516
9266,20,3,753
9266,37,3,1229
9267,27,2,1283
9267,36,2,847
9268,9,3,1025
9269,45,3,561
9270,42,3,934
9270,31,3,647
9271,44,2,1303
9272,9,3,1025
9272,41,1,910
9273,42,1,934
9273,43,1,1149
9274,16,1,1416
9274,29,1,1062
9275,3,3,748
9276,45,3,561
9277,8,1,588
9277,17,3,902
9277,32,3,611
9278,15,3,439
9279,44,3,1303
9280,42,1,934
9281,26,2,1135
9281,28,1,1057
9282,25,3,737
9282,26,3,1135
9283,22,3,892
9283,28,1,1057
9284,17,1,902
9284,19,3,718
9285,28,3,1057
9285,35,3,815
9285,39,3,1068
9286,29,2,1062
9287,11,1,1047
9288,13,1,954
9288,41,2,910
9289,11,3,1047
9289,29,1,1062
9289,8,2,588
9290,32,1,611
9291,18,1,649
9292,25,3,737
9293,13,1,954
9293,14,2,1157
9294,38,1,1061
9294,33,2,943
9294,9,1,1025
9295,3,1,748
9295,25,3,737
9296,11,2,1047
9297,5,3,1051
9297,17,3,902
9297,43,3,1149
9298,1,1,1038
9299,34,1,1107
9299,37,1,1229
9299,38,2,1061
9300,30,1,549
9300,26,1,1135
9301,42,1,934
9302,28,1,1057
9302,12,1,1432
9303,43,3,1149
9304,14,1,1157
9304,27,2,1283
9305,35,3,815
9305,31,1,647
9305,13,3,954
9306,41,2,910
9306,14,2,1157
9307,36,3,847
9307,5,1,1051
9307,48,1,553
9308,26,2,1135
9309,3,2,748
9309,43,2,1149
9309,46,1,625
9310,29,1,1062
9310,4,2,516
9310,31,3,647
9311,39,1,1068
9312,49,1,1172
9312,26,3,1135
9312,18,3,649
9313,36,2,847
9313,40,3,1066
9314,44,2,1303
9314,29,3,1062
9314,2,3,576
9315,27,3,1283
9315,46,3,625
9316,12,2,1432
9316,14,3,1157
9316,21,1,736
9317,40,1,1066
9317,26,1,1135
9318,36,2,847
9319,46,3,625
9320,27,1,1283
9321,14,3,1157
9321,24,3,946
9322,10,3,913
9322,5,2,1051
9323,46,1,625
9323,43,3,1149
9323,14,1,1157
9324,47,1,954
9324,6,1,1306
9324,15,1,439
9325,26,1,1135
9326,19,1,718
9326,42,1,934
9326,37,1,1229
9327,21,3,736
9327,24,2,946
9327,26,3,1135
9328,39,1,1068
9329,12,1,1432
9329,25,3,737
9329,45,3,561
9330,46,2,625
9331,7,1,332
9331,28,2,1057
9331,19,1,718
9332,18,1,649
9332,37,3,1229
9332,31,1,647
9333,18,2,649
9334,46,3,625
9334,31,3,647
9334,4,1,516
9335,24,2,946
9335,49,1,1172
9336,45,3,561
9336,25,2,737
9336,40,2,1066
9337,20,2,753
9338,23,3,784
9339,2,2,576
9339,3,3,748
9340,47,1,954
9340,40,1,1066
9340,6,2,1306
9341,35,2,815
9342,31,1,647
9343,16,1,1416
9343,24,2,946
9344,23,1,784
9345,35,2,815
9345,49,2,1172
9345,49,3,1172
9346,50,2,998
9346,42,3,934
9347,27,1,1283
9347,49,1,1172
9348,34,3,1107
9348,21,1,736
9349,29,2,1062
9350,10,3,913
9350,25,3,737
9351,50,3,998
9352,29,2,1062
9352,30,1,549
9353,22,2,892
9353,23,1,784
9353,20,2,753
9354,31,2,647
9355,46,3,625
9355,14,1,1157
9355,49,2,1172
9356,1,2,1038
9357,16,3,1416
9357,17,2,902
9357,48,2,553
9358,45,2,561
9358,33,1,943
9359,38,2,1061
9359,28,3,1057
9359,26,1,1135
9360,11,1,1047
9360,13,3,954
9361,37,3,1229
9362,15,1,439
9363,6,2,1306
9363,15,1,439
9363,38,3,1061
9364,37,2,1229
9364,44,2,1303
9365,13,3,954
9365,26,1,1135
9365,16,3,1416
9366,2,2,576
9366,16,1,1416
9366,24,3,946
9367,44,3,1303
9367,49,2,1172
9367,39,3,1068
9368,32,3,611
9368,1,3,1038
9369,32,2,611
9369,9,2,1025
9369,38,2,1061
9370,42,2,934
9370,40,2,1066
9370,6,2,1306
9371,6,1,1306
9372,7,1,332
9372,33,3,943
9372,25,1,737
9373,43,2,1149
9373,33,1,943
9374,15,2,439
9374,18,1,649
9375,32,1,611
9375,33,1,943
9376,32,2,611
9377,49,2,1172
9377,23,3,784
9377,30,3,549
9378,19,1,718
9379,32,3,611
9379,37,2,1229
9379,3,2,748
9380,1,2,1038
9380,45,2,561
9381,49,3,1172
9381,19,1,718
9381,37,2,1229
9382,29,3,1062
9383,47,2,954
9383,47,3,954
9384,47,2,954
9385,18,3,649
9385,9,1,1025
9385,47,1,954
9386,6,3,1306
9386,9,1,1025
9387,39,3,1068
9387,30,2,549
9387,43,1,1149
9388,36,1,847
9389,41,2,910
9389,24,1,946
9390,1,2,1038
9390,5,2,1051
9391,30,1,549
9392,36,3,847
9392,24,1,946
9392,2,3,576
9393,44,1,1303
9393,33,1,943
9394,42,2,934
9394,45,3,561
9395,8,1,588
9395,16,2,1416
9395,48,2,553
9396,50,1,998
9397,46,1,625
9397,36,3,847
9397,37,2,1229
9398,8,1,588
9398,37,2,1229
9399,48,2,553
9399,37,2,1229
9400,45,1,561
9400,14,3,1157
9401,32,2,611
9401,24,3,946
9402,50,3,998
9402,1,3,1038
9402,26,2,1135
9403,25,1,737
9403,45,1,561
9403,5,2,1051
9404,38,3,1061
9404,35,1,815
9405,22,1,892
9405,45,2,561
9406,47,3,954
9407,7,1,332
9407,45,1,561
9408,43,2,1149
9408,13,1,954
9409,25,1,737
9409,11,3,1047
9409,10,1,913
9410,38,2,1061
9410,16,2,1416
9411,9,3,1025
9411,10,1,913
9412,44,3,1303
9412,1,2,1038
9412,23,3,784
9413,1,1,1038
9413,44,3,1303
9413,29,3,1062
9414,38,3,1061
9414,1,2,1038
9415,43,1,1149
9415,10,3,913
9416,34,2,1107
9416,11,1,1047
9416,45,1,561
9417,3,1,748
9418,28,3,1057
9418,16,1,1416
9419,17,1,902
9420,42,2,934
9420,4,2,516
9420,19,3,718
9421,7,3,332
9421,50,3,998
9421,38,1,1061
9422,49,3,1172
9422,23,1,784
9423,5,1,1051
9423,1,3,1038
9424,20,2,753
9425,7,3,332
9425,2,1,576
9425,30,2,549
9426,37,2,1229
9426,36,1,847
9426,23,1,784
9427,4,2,516
9427,39,3,1068
9427,41,2,910
9428,14,1,1157
9429,18,3,649
9429,50,2,998
9429,3,2,748
9430,28,1,1057
9430,49,2,1172
9431,7,1,332
9431,3,3,748
9431,29,2,1062
9432,13,1,954
9433,39,3,1068
9434,28,3,1057
9435,32,3,611
9436,23,1,784
9436,50,3,998
9437,43,3,1149
9438,48,3,553
9439,8,1,588
9439,47,2,954
9439,31,1,647
9440,39,2,1068
9441,44,1,1303
9441,12,1,1432
9442,46,2,625
9443,11,1,1047
9444,42,2,934
9444,13,3,954
9445,21,1,736
9445,46,2,625
9446,4,2,516
9446,29,1,1062
9447,23,2,784
9447,42,1,934
9447,35,1,815
9448,26,1,1135
9448,5,3,1051
9449,24,1,946
9449,14,2,1157
9449,15,1,439
9450,31,3,647
9451,13,2,954
9451,16,2,1416
9451,26,3,1135
9452,11,1,1047
9453,19,1,718
9454,20,1,753
9455,18,2,649
9455,47,3,954
9455,1,2,1038
9456,37,1,1229
9456,28,3,1057
9457,29,3,1062
9458,48,2,553
9458,50,1,998
9458,14,2,1157
9459,21,2,736
9459,37,1,1229
9460,14,1,1157
9460,2,2,576
9460,28,1,1057
9461,18,2,649
9461,39,3,1068
9462,23,1,784
9462,16,3,1416
9463,39,1,1068
9464,17,2,902
9464,39,1,1068
9465,44,1,1303
9466,17,3,902
9466,50,3,998
9467,34,1,1107
9467,9,2,1025
9468,1,1,1038
9468,17,1,902
9469,4,2,516
9469,4,2,516
9469,37,1,1229
9470,25,3,737
9470,47,3,954
9470,34,1,1107
9471,8,2,588
9472,37,1,1229
9472,34,1,1107
9473,32,1,611
9473,20,1,753
9474,23,3,784
9474,47,1,954
9475,31,1,647
9476,1,3,1038
9476,47,2,954
9477,25,2,737
9477,6,1,1306
9477,35,1,815
9478,25,3,737
9479,35,1,815
9479,31,1,647
9479,23,3,784
9480,28,3,1057
9481,22,1,892
9481,26,2,1135
9482,5,3,1051
9482,36,3,847
9483,20,3,753
9483,50,3,998
9484,13,1,954
9485,28,3,1057
9486,8,2,588
9486,27,3,1283
9487,47,1,954
9487,30,1,549
9488,25,3,737
9488,14,2,1157
9489,20,3,753
9489,50,2,998
9490,10,3,913
9491,8,2,588
9491,49,3,1172
9492,46,1,625
9492,40,2,1066
9493,16,2,1416
9494,13,1,954
9495,13,2,954
9495,34,3,1107
9496,23,2,784
9496,9,1,1025
9496,19,1,718
9497,37,1,1229
9497,47,1,954
9497,36,3,847
9498,47,3,954
9498,25,2,737
9499,12,3,1432
9500,35,3,815
9500,22,2,892
9500,5,2,1051
9501,21,1,736
9501,21,2,736
9501,1,2,1038
9502,12,3,1432
9502,28,1,1057
9503,12,3,1432
9503,37,3,1229
9504,20,3,753
9504,2,1,576
9505,23,3,784
9506,32,2,611
9506,24,2,946
9507,36,3,847
9507,37,2,1229
9507,26,1,1135
9508,7,2,332
9508,31,3,647
9508,35,2,815
9509,16,1,1416
9509,8,1,588
9509,24,3,946
9510,31,2,647
9510,23,2,784
9510,11,1,1047
9511,43,2,1149
9511,44,2,1303
9511,40,1,1066
9512,50,2,998
9513,7,1,332
9513,45,1,561
9514,40,2,1066
9514,24,2,946
9515,43,2,1149
9515,31,2,647
9515,14,2,1157
9516,41,2,910
9517,17,2,902
9518,40,2,1066
9519,36,3,847
9519,46,3,625
9519,10,1,913
9520,31,2,647
9520,33,2,943
9520,20,2,753
9521,11,3,1047
9521,44,1,1303
9521,50,1,998
9522,28,3,1057
9522,44,2,1303
9523,12,1,1432
9524,43,2,1149
9525,35,2,815
9526,43,3,1149
9526,21,1,736
9526,44,2,1303
9527,38,3,1061
9528,36,1,847
9528,48,2,553
9529,40,3,1066
9529,36,2,847
9530,5,1,1051
9530,45,1,561
9531,15,2,439
9532,16,2,1416
9532,19,3,718
9532,16,3,1416
9533,4,3,516
9533,6,2,1306
9534,18,3,649
9535,1,1,1038
9535,50,3,998
9535,18,2,649
9536,40,3,1066
9536,37,2,1229
9537,40,2,1066
9537,10,1,913
9538,2,2,576
9538,1,3,1038
9538,23,2,784
9539,27,1,1283
9539,23,1,784
9540,22,2,892
9540,32,1,611
9540,10,2,913
9541,41,3,910
9541,13,1,954
9542,4,3,516
9542,7,3,332
9543,11,3,1047
9543,29,3,1062
9543,17,2,902
9544,22,2,892
9544,42,2,934
9545,46,2,625
9545,46,2,625
9545,21,2,736
9546,2,1,576
9547,26,2,1135
9547,16,3,1416
9547,33,3,943
9548,40,3,1066
9549,19,2,718
9549,7,2,332
9549,39,1,1068
9550,5,2,1051
9550,5,1,1051
9551,22,2,892
9551,31,3,647
9551,18,2,649
9552,28,3,1057
9552,9,3,1025
9553,4,1,516
9553,15,1,439
9554,6,1,1306
9555,17,1,902
9555,37,2,1229
9555,34,1,1107
9556,24,2,946
9556,41,3,910
9556,26,1,1135
9557,23,3,784
9558,34,1,1107
9559,14,1,1157
9559,39,1,1068
9559,21,3,736
9560,18,3,649
9560,13,3,954
9561,43,3,1149
9561,14,2,1157
9561,8,2,588
9562,18,1,649
9563,36,3,847
9563,28,3,1057
9563,31,3,647
9564,41,3,910
9564,28,3,1057
9564,11,2,1047
9565,22,2,892
9566,8,1,588
9567,47,1,954
9568,43,2,1149
9569,2,2,576
9569,17,1,902
9569,23,2,784
9570,49,1,1172
9570,35,1,815
9571,6,2,1306
9571,23,1,784
9571,20,2,753
9572,4,2,516
9572,17,3,902
9572,50,1,998
9573,25,1,737
9573,16,1,1416
9574,32,3,611
9574,41,1,910
9574,16,3,1416
9575,34,1,1107
9576,27,1,1283
9577,1,1,1038
9578,24,2,946
9578,35,2,815
9578,26,2,1135
9579,24,3,946
9579,32,1,611
9580,3,2,748
9580,35,2,815
9581,2,1,576
9582,36,3,847
9583,44,1,1303
9584,38,2,1061
9584,19,3,718
9584,31,3,647
9585,22,3,892
9585,23,3,784
9586,9,3,1025
9586,31,3,647
9587,30,3,549
9587,29,2,1062
9587,42,3,934
9588,33,2,943
9588,17,3,902
9588,25,1,737
9589,48,3,553
9589,50,2,998
9590,25,2,737
9591,4,1,516
9592,21,1,736
9592,23,2,784
9592,36,1,847
9593,12,1,1432
9594,31,2,647
9594,3,2,748
9594,18,3,649
9595,47,2,954
9595,5,3,1051
9595,35,3,815
9596,42,3,934
9596,21,3,736
9597,3,3,748
9597,13,2,954
9597,2,1,576
9598,14,3,1157
9598,30,3,549
9598,38,3,1061
9599,40,2,1066
9600,21,2,736
9600,45,2,561
9600,47,3,954
9601,44,3,1303
9602,43,3,1149
9603,18,1,649
9603,4,2,516
9603,15,2,439
9604,10,1,913
9605,31,3,647
9606,50,3,998
9607,5,1,1051
9607,17,3,902
9608,22,3,892
9608,10,3,913
9609,22,2,892
9609,4,3,516
9609,32,1,611
9610,44,3,1303
9610,7,3,332
9610,40,3,1066
9611,10,1,913
9612,4,3,516
9613,3,2,748
9613,6,2,1306
9614,50,1,998
9614,32,3,611
9615,13,1,954
9615,32,3,611
9616,28,2,1057
9616,36,1,847
9616,15,2,439
9617,18,1,649
9617,16,3,1416
9617,9,2,1025
9618,27,2,1283
9618,36,3,847
9618,13,2,954
9619,6,3,1306
9619,45,3,561
9619,50,2,998
9620,39,3,1068
9621,20,1,753
9621,45,1,561
9621,1,1,1038
9622,38,2,1061
9622,11,1,1047
9623,9,2,1025
9624,26,1,1135
9625,41,3,910
9625,27,1,1283
9626,35,1,815
9627,49,2,1172
9627,14,2,1157
9628,8,2,588
9629,6,3,1306
9629,2,3,576
9629,22,3,892
9630,49,2,1172
9631,16,3,1416
9631,12,3,1432
9632,27,2,1283
9633,22,1,892
9634,23,1,784
9635,27,2,1283
9635,14,1,1157
9635,40,3,1066
9636,39,3,1068
9636,26,3,1135
9636,8,1,588
9637,18,3,649
9637,36,2,847
9638,50,1,998
9639,5,1,1051
9639,39,1,1068
9640,37,2,1229
9640,1,1,1038
9641,44,2,1303
9641,43,3,1149
9641,20,3,753
9642,23,3,784
9642,37,2,1229
9642,26,2,1135
9643,50,2,998
9643,30,1,549
9644,17,3,902
9645,16,2,1416
9645,16,2,1416
9646,3,2,748
9647,28,3,1057
9647,46,2,625
9647,39,3,1068
9648,40,3,1066
9648,48,1,553
9648,40,2,1066
9649,28,3,1057
9650,23,2,784
9650,8,2,588
9651,41,1,910
9652,39,3,1068
9653,42,2,934
9653,49,3,1172
9653,14,2,1157
9654,11,2,1047
9654,15,3,439
9655,32,2,611
9655,3,2,748
9656,22,2,892
9656,21,2,736
9656,15,1,439
9657,17,3,902
9657,5,2,1051
9658,35,1,815
9658,28,1,1057
9658,14,2,1157
9659,9,1,1025
9659,49,2,1172
9660,44,1,1303
9660,13,2,954
9660,5,3,1051
9661,17,3,902
9661,31,3,647
9661,11,2,1047
9662,18,3,649
9662,13,1,954
9663,38,3,1061
9664,2,1,576
9664,40,3,1066
9665,44,3,1303
9665,12,2,1432
9666,15,2,439
9666,26,3,1135
9667,29,1,1062
9667,4,1,516
9667,25,3,737
9668,47,3,954
9668,43,1,1149
9668,30,3,549
9669,19,1,718
9670,15,2,439
9671,29,3,1062
9672,1,3,1038
9672,4,2,516
9673,49,1,1172
9673,23,2,784
9674,30,2,549
9674,8,1,588
9675,5,2,1051
9675,11,2,1047
9676,46,1,625
9677,29,3,1062
9677,23,1,784
9677,46,1,625
9678,5,2,1051
9678,3,3,748
9678,15,2,439
9679,39,1,1068
9680,31,1,647
9681,40,3,1066
9681,10,3,913
9682,41,1,910
9682,38,2,1061
9683,49,3,1172
9684,13,1,954
9685,31,2,647
9685,10,2,913
9685,30,2,549
9686,16,1,1416
9686,19,2,718
9686,36,1,847
9687,31,1,647
9687,31,1,647
9687,42,3,934
9688,22,2,892
9688,2,2,576
9688,27,2,1283
9689,12,2,1432
9689,46,2,625
9689,21,3,736
9690,5,1,1051
9690,5,3,1051
9691,30,3,549
9691,29,1,1062
9692,8,3,588
9692,50,2,998
9693,31,2,647
9694,8,1,588
9695,30,2,549
9695,32,3,611
9696,32,1,611
9697,27,2,1283
9697,10,3,913
9698,45,2,561
9698,40,3,1066
9698,18,1,649
9699,47,1,954
9699,48,1,553
9700,47,1,954
9700,24,2,946
9700,24,3,946
9701,44,2,1303
9702,15,3,439
9702,12,3,1432
9702,24,2,946
9703,24,1,946
9704,7,2,332
9704,17,1,902
9704,37,3,1229
9705,10,3,913
9706,27,3,1283
9707,17,3,902
9707,16,2,1416
9708,8,2,588
9709,25,2,737
9709,23,1,784
9710,6,1,1306
9710,11,3,1047
9711,5,2,1051
9711,20,2,753
9712,47,2,954
9713,5,1,1051
9713,31,1,647
9713,39,1,1068
9714,30,2,549
9714,13,1,954
9714,12,2,1432
9715,35,1,815
9716,47,2,954
9716,26,2,1135
9717,2,1,576
9717,48,2,553
9717,12,1,1432
9718,13,1,954
9718,7,2,332
9718,26,3,1135
9719,24,1,946
9719,48,3,553
9720,38,2,1061
9720,9,3,1025
9720,11,3,1047
9721,24,2,946
9722,37,1,1229
9722,12,1,1432
9723,14,3,1157
9723,26,2,1135
9723,16,2,1416
9724,16,3,1416
9724,28,3,1057
9724,16,1,1416
9725,42,1,934
9726,34,3,1107
9727,13,3,954
9727,11,2,1047
9727,12,2,1432
9728,48,2,553
9728,37,3,1229
9729,37,3,1229
9729,47,3,954
9729,30,3,549
9730,32,2,611
9730,45,1,561
9731,45,3,561
9731,33,3,943
9731,45,1,561
9732,1,1,1038
9732,5,3,1051
9732,33,1,943
9733,44,1,1303
9734,29,3,1062
9735,18,1,649
9735,36,3,847
9735,45,1,561
9736,17,3,902
9736,13,3,954
9736,4,2,516
9737,35,3,815
9737,5,2,1051
9738,34,1,1107
9738,39,3,1068
9739,33,3,943
9739,10,1,913
9740,26,3,1135
9741,14,1,1157
9741,42,1,934
9742,38,3,1061
9742,35,3,815
9742,21,2,736
9743,6,3,1306
9743,15,2,439
9743,47,1,954
9744,32,3,611
9744,36,3,847
9745,28,3,1057
9745,17,3,902
9746,31,2,647
9746,40,1,1066
9747,17,1,902
9748,43,1,1149
9749,48,2,553
9749,12,3,1432
9750,36,3,847
9750,19,2,718
9751,45,3,561
9751,30,1,549
9752,46,3,625
9752,31,1,647
9753,23,3,784
9753,26,1,1135
9753,23,1,784
9754,31,2,647
9754,13,2,954
9754,26,3,1135
9755,19,2,718
9755,6,2,1306
9755,39,2,1068
9756,11,1,1047
9757,11,2,1047
9757,41,3,910
9758,42,1,934
9759,21,2,736
9759,48,2,553
9760,49,2,1172
9761,5,3,1051
9761,9,3,1025
9761,36,1,847
9762,20,2,753
9763,2,3,576
9764,11,1,1047
9764,38,1,1061
9765,9,3,1025
9766,34,1,1107
9766,34,1,1107
9766,42,2,934
9767,10,2,913
9768,8,1,588
9769,45,2,561
9770,19,1,718
9771,43,2,1149
9772,13,1,954
9772,15,1,439
9772,3,1,748
9773,4,2,516
9774,23,3,784
9775,50,3,998
9775,32,1,611
9775,49,1,1172
9776,43,3,1149
9776,1,1,1038
9776,10,3,913
9777,11,3,1047
9778,37,3,1229
9778,14,2,1157
9779,40,1,1066
9779,22,2,892
9779,49,3,1172
9780,11,1,1047
9781,36,1,847
9781,2,2,576
9781,44,3,1303
9782,9,1,1025
9782,44,3,1303
9782,41,1,910
9783,32,3,611
9783,34,3,1107
9784,30,2,549
9784,19,3,718
9785,34,2,1107
9785,8,1,588
9786,8,3,588
9786,28,2,1057
9787,11,2,1047
9788,13,2,954
9788,49,1,1172
9789,14,2,1157
9789,34,3,1107
9790,12,3,1432
9790,34,1,1107
9790,36,2,847
9791,14,3,1157
9791,29,1,1062
9792,40,3,1066
9793,38,1,1061
9793,40,3,1066
9794,15,1,439
9794,38,1,1061
9794,14,3,1157
9795,48,1,553
9795,3,1,748
9796,20,1,753
9796,31,2,647
9797,27,1,1283
9797,28,2,1057
9797,40,1,1066
9798,14,3,1157
9799,26,3,1135
9800,9,1,1025
9800,28,3,1057
9801,41,2,910
9802,6,2,1306
9802,42,2,934
9803,32,1,611
9804,19,2,718
9804,20,2,753
9804,9,2,1025
9805,3,3,748
9805,50,3,998
9805,24,3,946
9806,7,2,332
9806,19,1,718
9807,7,2,332
9808,40,2,1066
9809,30,2,549
9810,4,3,516
9811,12,1,1432
9812,23,2,784
9813,31,1,647
9814,11,2,1047
9815,2,3,576
9815,11,3,1047
9816,41,2,910
9816,33,3,943
9816,7,1,332
9817,12,1,1432
9817,44,3,1303
9818,33,3,943
9819,27,1,1283
9819,20,1,753
9819,30,1,549
9820,47,2,954
9821,2,1,576
9822,25,2,737
9823,7,3,332
9823,2,1,576
9823,4,2,516
9824,37,2,1229
9824,30,3,549
9824,38,1,1061
9825,29,2,1062
9825,14,1,1157
9826,39,2,1068
9826,37,2,1229
9826,47,2,954
9827,38,2,1061
9827,20,1,753
9827,23,3,784
9828,34,3,1107
9828,3,1,748
9829,39,1,1068
9829,6,3,1306
9830,29,2,1062
9831,18,1,649
9831,34,3,1107
9832,31,2,647
9833,44,2,1303
9833,16,1,1416
9833,6,3,1306
9834,15,2,439
9834,47,3,954
9834,26,1,1135
9835,34,1,1107
9835,21,2,736
9836,26,1,1135
9837,47,3,954
9837,35,2,815
9837,44,1,1303
9838,33,3,943
9839,11,2,1047
9839,26,2,1135
9839,15,1,439
9840,34,1,1107
9840,5,1,1051
9841,22,3,892
9841,32,1,611
9841,13,3,954
9842,8,3,588
9843,13,1,954
9844,26,3,1135
9845,49,3,1172
9845,14,2,1157
9845,19,1,718
9846,41,2,910
9846,32,3,611
9846,21,3,736
9847,12,2,1432
9847,19,1,718
9848,43,2,1149
9848,49,1,1172
9849,30,3,549
9850,3,1,748
9850,49,1,1172
9850,23,3,784
9851,1,1,1038
9851,44,1,1303
9851,22,1,892
9852,36,2,847
9853,15,2,439
9853,4,1,516
9853,48,2,553
9854,21,1,736
9855,37,2,1229
9855,9,2,1025
9856,41,3,910
9856,46,2,625
9857,9,1,1025
9857,1,1,1038
9858,36,3,847
9858,41,3,910
9858,42,3,934
9859,25,3,737
9859,16,2,1416
9860,46,2,625
9860,9,1,1025
9860,47,2,954
9861,50,1,998
9861,5,3,1051
9861,9,2,1025
9862,10,3,913
9862,32,1,611
9863,29,1,1062
9863,42,3,934
9864,19,3,718
9864,47,1,954
9864,48,2,553
9865,4,3,516
9866,48,1,553
9866,12,1,1432
9866,15,3,439
9867,18,2,649
9867,18,1,649
9868,28,3,1057
9868,42,1,934
9869,40,2,1066
9869,44,2,1303
9870,16,3,1416
9871,28,2,1057
9871,18,1,649
9872,28,3,1057
9873,33,1,943
9874,49,2,1172
9874,39,2,1068
9875,7,1,332
9875,19,2,718
9875,28,1,1057
9876,34,2,1107
9877,14,1,1157
9877,40,2,1066
9877,45,1,561
9878,22,1,892
9878,28,1,1057
9879,44,2,1303
9880,47,3,954
9880,11,2,1047
9880,23,2,784
9881,15,3,439
9882,21,2,736
9882,44,1,1303
9882,35,2,815
9883,2,2,576
9883,11,3,1047
9884,14,1,1157
9884,18,2,649
9885,30,3,549
9886,29,2,1062
9886,17,1,902
9887,39,1,1068
9887,2,1,576
9887,42,2,934
9888,30,2,549
9888,27,1,1283
9888,15,1,439
9889,27,1,1283
9889,24,3,946
9889,23,3,784
9890,4,3,516
9891,21,2,736
9892,27,3,1283
9893,2,3,576
9893,15,2,439
9894,29,3,1062
9895,25,3,737
9896,12,2,1432
9897,40,3,1066
9897,8,1,588
9897,40,2,1066
9898,50,1,998
9899,24,2,946
9899,14,3,1157
9899,21,1,736
9900,18,3,649
9900,22,3,892
9901,14,2,1157
9902,8,2,588
9902,31,2,647
9902,12,1,1432
9903,46,3,625
9904,24,2,946
9904,46,2,625
9904,3,2,748
9905,33,2,943
9905,36,2,847
9906,17,2,902
9907,49,2,1172
9908,43,1,1149
9908,49,1,1172
9908,19,2,718
9909,39,1,1068
9909,2,3,576
9910,3,2,748
9911,24,3,946
9911,41,1,910
9912,5,2,1051
9912,8,1,588
9913,40,3,1066
9913,6,3,1306
9914,36,1,847
9914,30,1,549
9914,26,3,1135
9915,41,3,910
9915,47,1,954
9916,16,2,1416
9916,15,3,439
9917,22,1,892
9917,2,2,576
9917,13,2,954
9918,34,3,1107
9918,50,3,998
9919,30,1,549
9919,28,1,1057
9919,34,3,1107
9920,10,1,913
9921,1,2,1038
9921,46,3,625
9922,40,3,1066
9923,9,1,1025
9923,31,1,647
9923,28,2,1057
9924,9,3,1025
9925,28,1,1057
9926,38,3,1061
9927,26,3,1135
9927,33,3,943
9928,21,1,736
9929,32,2,611
9929,12,1,1432
9929,5,2,1051
9930,20,2,753
9930,31,3,647
9931,45,1,561
9931,19,3,718
9931,28,1,1057
9932,11,1,1047
9933,9,3,1025
9934,8,1,588
9934,28,1,1057
9935,39,3,1068
9936,20,2,753
9936,50,2,998
9936,10,2,913
9937,23,2,784
9938,13,2,954
9939,11,1,1047
9940,45,2,561
9940,28,3,1057
9941,1,2,1038
9941,30,3,549
9942,15,2,439
9942,27,1,1283
9943,47,1,954
9943,23,1,784
9944,18,3,649
9945,5,2,1051
9946,26,2,1135
9947,17,1,902
9947,10,1,913
9947,2,2,576
9948,36,1,847
9948,27,2,1283
9948,10,1,913
9949,27,1,1283
9949,8,1,588
9949,27,2,1283
9950,26,1,1135
9950,34,3,1107
9951,29,3,1062
9952,11,2,1047
9953,29,2,1062
9953,22,1,892
9954,16,3,1416
9954,41,2,910
9954,26,1,1135
9955,43,3,1149
9956,18,2,649
9957,6,3,1306
9957,37,2,1229
9958,45,1,561
9958,15,2,439
9958,17,3,902
9959,7,3,332
9959,13,2,954
9960,41,1,910
9961,13,1,954
9961,4,3,516
9962,21,2,736
9962,48,1,553
9963,42,2,934
9963,21,2,736
9964,1,1,1038
9965,1,2,1038
9966,5,2,1051
9966,40,2,1066
9967,33,1,943
9968,2,1,576
9968,45,1,561
9969,20,3,753
9969,41,2,910
9970,24,3,946
9970,13,2,954
9970,29,2,1062
9971,50,2,998
9972,29,2,1062
9972,25,1,737
9973,50,3,998
9973,34,3,1107
9973,30,1,549
9974,2,1,576
9974,6,2,1306
9974,6,1,1306
9975,28,1,1057
9976,9,2,1025
9977,40,3,1066
9978,25,2,737
9978,18,1,649
9979,28,3,1057
9979,10,3,913
9980,38,1,1061
9981,10,3,913
9981,34,3,1107
9982,30,2,549
9982,30,2,549
9983,28,3,1057
9984,34,1,1107
9984,11,3,1047
9985,44,3,1303
9986,43,1,1149
9986,17,2,902
9987,2,3,576
9987,27,1,1283
9988,43,3,1149
9988,41,3,910
9989,23,1,784
9989,49,3,1172
9989,47,3,954
9990,12,1,1432
9990,20,1,753
9991,5,3,1051
9991,26,1,1135
9992,30,1,549
9993,44,3,1303
9994,12,1,1432
9994,24,2,946
9994,34,2,1107
9995,13,2,954
9996,12,1,1432
9996,17,1,902
9996,11,2,1047
9997,50,1,998
9998,44,2,1303
9998,13,1,954
9998,48,3,553
9999,29,1,1062
10000,22,2,892
10000,35,3,815
10000,39,1,1068
10001,16,2,1416
10001,11,2,1047
10001,30,3,549
10002,11,3,1047
10003,45,1,561
10004,24,3,946
10004,32,1,611
10004,18,3,649
10005,14,1,1157
10005,25,3,737
10006,20,1,753
10006,24,2,946
10007,19,2,718
10007,19,1,718
10008,38,1,1061
10008,34,1,1107
10009,50,3,998
10010,20,1,753
10010,24,3,946
10010,34,1,1107
10011,39,2,1068
10012,10,2,913
10012,28,2,1057
10013,23,2,784
10013,48,2,553
10014,36,3,847
10014,1,2,1038
10014,17,1,902
10015,23,2,784
10015,25,1,737
10016,19,3,718
10017,11,1,1047
10017,43,1,1149
10017,27,2,1283
10018,19,3,718
10019,45,1,561
10019,28,1,1057
10020,5,3,1051
10020,28,2,1057
10020,18,1,649
10021,38,1,1061
10021,10,2,913
10022,11,3,1047
10022,44,2,1303
10023,33,2,943
10023,13,2,954
10024,37,2,1229
10024,6,3,1306
10025,5,2,1051
10025,27,3,1283
10025,36,1,847
10026,30,3,549
10026,3,1,748
10027,10,3,913
10027,4,2,516
10027,29,2,1062
10028,5,2,1051
10028,4,3,516
10028,15,1,439
10029,15,2,439
10029,31,3,647
10029,9,1,1025
10030,25,2,737
10030,34,3,1107
10030,49,1,1172
10031,17,3,902
10031,39,3,1068
10031,24,2,946
10032,20,3,753
10032,22,3,892
10032,36,3,847
10033,50,2,998
10033,5,1,1051
10033,23,3,784
10034,30,3,549
10035,43,2,1149
10035,20,2,753
10035,12,2,1432
10036,6,3,1306
10036,42,3,934
10037,42,1,934
10038,31,1,647
10038,44,3,1303
10038,37,2,1229
10039,41,2,910
10040,22,1,892
10040,3,1,748
10040,10,2,913
10041,17,3,902
10041,4,1,516
10041,45,2,561
10042,42,2,934
10043,39,3,1068
10043,16,2,1416
10043,46,3,625
10044,36,1,847
10044,34,2,1107
10045,26,3,1135
10045,2,2,576
10045,5,3,1051
10046,40,3,1066
10046,29,3,1062
10047,27,2,1283
10048,27,3,1283
10048,34,2,1107
10049,11,3,1047
10049,12,1,1432
10050,17,2,902
10051,14,1,1157
10052,19,1,718
10053,16,1,1416
10053,39,2,1068
10053,42,2,934
10054,9,1,1025
10055,35,2,815
10056,31,2,647
10056,43,2,1149
10056,38,1,1061
10057,2,2,576
10057,18,1,649
10057,39,2,1068
10058,25,1,737
10059,36,1,847
10060,36,3,847
10060,3,3,748
10060,5,2,1051
10061,46,2,625
10061,16,2,1416
10062,41,2,910
10063,28,1,1057
10064,6,1,1306
10065,3,3,748
10065,29,3,1062
10065,42,2,934
10066,14,1,1157
10066,50,2,998
10067,21,2,736
10068,37,2,1229
10069,5,2,1051
10069,8,2,588
10070,37,2,1229
10070,46,2,625
10071,43,3,1149
10072,35,1,815
10073,33,2,943
10074,27,2,1283
10075,6,1,1306
10075,5,3,1051
10076,35,3,815
10076,44,3,1303
10076,27,1,1283
10077,40,2,1066
10077,45,2,561
10078,21,1,736
10078,41,2,910
10078,27,1,1283
10079,44,3,1303
10080,47,3,954
10081,25,1,737
10081,39,2,1068
10082,33,3,943
10082,16,2,1416
10082,50,3,998
10083,45,1,561
10084,7,2,332
10084,47,3,954
10084,4,3,516
10085,20,3,753
10085,30,3,549
10085,1,3,1038
10086,50,1,998
10086,33,2,943
10086,39,2,1068
10087,12,1,1432
10088,15,1,439
10088,11,1,1047
10089,9,1,1025
10090,8,3,588
10090,45,3,561
10091,34,1,1107
10091,50,1,998
10092,3,3,748
10093,43,2,1149
10093,11,1,1047
10093,7,3,332
10094,31,2,647
10095,22,1,892
10095,49,3,1172
10096,23,2,784
10096,23,2,784
10097,16,2,1416
10097,21,2,736
10097,24,3,946
10098,45,3,561
10099,21,3,736
10099,15,3,439
10099,34,3,1107
10100,23,1,784
10100,8,3,588
10100,26,1,1135
10101,37,1,1229
10101,25,1,737
10101,5,2,1051
10102,44,1,1303
10102,39,1,1068
10102,12,1,1432
10103,48,1,553
10103,32,3,611
10104,5,3,1051
10104,1,3,1038
10104,24,2,946
10105,21,1,736
10105,43,2,1149
10105,6,2,1306
10106,29,2,1062
10106,8,2,588
10106,9,3,1025
10107,10,3,913
10108,40,2,1066
10108,46,1,625
10108,23,1,784
10109,3,3,748
10110,1,2,1038
10110,15,3,439
10111,13,2,954
10111,39,2,1068
10112,2,2,576
10112,1,1,1038
10113,7,3,332
10113,15,2,439
10114,17,1,902
10115,2,2,576
10115,14,3,1157
10116,44,1,1303
10116,35,2,815
10116,16,3,1416
10117,1,2,1038
10117,23,3,784
10117,3,2,748
10118,3,1,748
10119,46,2,625
10119,32,2,611
10119,23,1,784
10120,41,2,910
10121,2,1,576
10121,28,3,1057
10122,16,3,1416
10122,24,2,946
10122,1,3,1038
10123,41,1,910
10123,30,2,549
10124,27,2,1283
10124,42,3,934
10125,16,1,1416
10126,47,1,954
10126,8,3,588
10127,29,2,1062
10128,24,2,946
10128,25,1,737
10129,19,2,718
10129,17,1,902
10129,25,3,737
10130,23,3,784
10130,20,2,753
10130,6,2,1306
10131,16,2,1416
10131,40,1,1066
10131,4,2,516
10132,3,1,748
10132,49,3,1172
10133,27,3,1283
10133,34,3,1107
10133,1,3,1038
10134,12,3,1432
10135,46,3,625
10135,21,1,736
10135,12,1,1432
10136,46,1,625
10136,28,1,1057
10136,20,1,753
10137,17,2,902
10138,32,1,611
10139,45,1,561
10139,6,1,1306
10140,16,2,1416
10140,10,1,913
10140,15,2,439
10141,50,2,998
10142,37,1,1229
10142,25,2,737
10142,13,2,954
10143,21,1,736
10143,41,2,910
10144,22,1,892
10144,41,2,910
10144,11,2,1047
10145,38,3,1061
10145,34,3,1107
10146,38,3,1061
10146,45,1,561
10147,39,3,1068
10147,6,1,1306
10148,34,3,1107
10149,21,3,736
10150,41,2,910
10151,25,2,737
10151,15,3,439
10152,3,3,748
10152,26,2,1135
10153,16,3,1416
10154,34,3,1107
10155,41,3,910
10155,26,3,1135
10156,26,2,1135
10157,24,3,946
10157,11,3,1047
10158,48,3,553
10159,7,2,332
10159,25,3,737
10160,46,1,625
10161,30,2,549
10161,27,2,1283
10161,43,3,1149
10162,34,1,1107
10162,47,3,954
10162,4,2,516
10163,28,3,1057
10164,34,2,1107
10165,31,1,647
10165,31,2,647
10166,50,3,998
10166,27,3,1283
10167,10,3,913
10168,21,1,736
10168,19,2,718
10168,16,1,1416
10169,48,1,553
10169,20,3,753
10170,31,1,647
10170,30,2,549
10170,36,3,847
10171,47,3,954
10171,50,3,998
10171,12,1,1432
10172,5,1,1051
10172,35,2,815
10173,30,2,549
10173,3,3,748
10174,5,2,1051
10175,32,3,611
10176,13,3,954
10176,42,1,934
10176,32,2,611
10177,49,2,1172
10177,6,3,1306
10178,46,1,625
10178,28,1,1057
10179,11,2,1047
10179,34,2,1107
10179,20,3,753
10180,8,1,588
10181,7,3,332
10181,32,3,611
10181,45,1,561
10182,43,3,1149
10182,47,3,954
10182,33,3,943
10183,31,3,647
10184,46,2,625
10185,14,3,1157
10185,38,3,1061
10186,50,3,998
10187,5,2,1051
10187,26,1,1135
10187,30,1,549
10188,11,1,1047
10188,41,3,910
10188,45,2,561
10189,27,3,1283
10190,15,1,439
10190,44,1,1303
10191,31,2,647
10191,34,1,1107
10191,35,2,815
10192,20,3,753
10192,49,3,1172
10192,3,3,748
10193,19,2,718
10193,8,1,588
10193,43,2,1149
10194,43,1,1149
10194,31,3,647
10194,45,3,561
10195,48,3,553
10195,21,3,736
10195,41,3,910
10196,27,2,1283
10197,1,2,1038
10197,21,3,736
10198,28,1,1057
10198,22,3,892
10198,28,1,1057
10199,7,3,332
10199,21,3,736
10199,14,1,1157
10200,15,1,439
10201,26,1,1135
10201,17,1,902
10201,43,2,1149
10202,21,2,736
10202,12,3,1432
10202,3,1,748
10203,34,2,1107
10203,22,3,892
10204,20,1,753
10205,45,2,561
10206,40,1,1066
10207,14,1,1157
10207,27,3,1283
10208,23,2,784
10209,48,3,553
10209,11,2,1047
10209,43,2,1149
10210,21,2,736
10211,35,2,815
10211,26,2,1135
10212,42,1,934
10213,39,2,1068
10214,45,1,561
10214,24,1,946
10215,18,1,649
10215,36,3,847
10216,28,3,1057
10216,12,1,1432
10216,49,3,1172
10217,1,2,1038
10217,35,1,815
10217,46,3,625
10218,1,2,1038
10218,29,1,1062
10219,25,2,737
10219,1,3,1038
10220,6,2,1306
10221,10,3,913
10221,19,1,718
10221,39,3,1068
10222,30,1,549
10223,7,1,332
10223,21,1,736
10223,9,1,1025
10224,17,2,902
10225,19,3,718
10225,47,2,954
10225,34,2,1107
10226,48,2,553
10227,20,3,753
10227,8,3,588
10227,31,1,647
10228,6,2,1306
10229,40,3,1066
10229,7,1,332
10229,45,2,561
10230,41,2,910
10230,26,1,1135
10231,30,1,549
10232,32,2,611
10232,31,1,647
10232,33,2,943
10233,20,1,753
10233,16,1,1416
10234,9,3,1025
10234,23,2,784
10235,24,1,946
10236,22,1,892
10236,32,2,611
10237,36,3,847
10237,2,1,576
10238,3,1,748
10239,18,1,649
10240,4,1,516
10240,27,1,1283
10240,22,2,892
10241,14,3,1157
10241,19,1,718
10242,27,1,1283
10242,17,3,902
10242,24,3,946
10243,23,2,784
10243,24,2,946
10243,7,1,332
10244,44,3,1303
10244,5,3,1051
10244,1,3,1038
10245,18,1,649
10246,38,2,1061
10246,32,2,611
10246,2,3,576
10247,11,1,1047
10248,49,2,1172
10248,6,1,1306
10248,24,2,946
10249,19,1,718
10249,5,3,1051
10249,24,3,946
10250,8,1,588
10251,28,2,1057
10251,39,2,1068
10252,41,1,910
10252,40,2,1066
10253,46,1,625
10253,21,3,736
10253,17,1,902
10254,2,2,576
10254,21,3,736
10255,45,2,561
10255,33,1,943
10255,8,2,588
10256,31,1,647
10256,16,1,1416
10257,11,3,1047
10257,7,3,332
10257,23,1,784
10258,11,3,1047
10259,45,2,561
10259,9,2,1025
10260,9,3,1025
10260,31,1,647
10260,30,2,549
10261,5,2,1051
10261,33,2,943
10261,42,1,934
10262,41,2,910
10262,23,3,784
10262,21,3,736
10263,14,3,1157
10263,45,2,561
10263,46,1,625
10264,32,3,611
10264,32,2,611
10264,41,3,910
10265,35,1,815
10265,39,3,1068
10266,43,2,1149
10267,43,3,1149
10267,35,2,815
10268,5,2,1051
10269,13,1,954
10269,48,2,553
10269,43,3,1149
10270,14,3,1157
10270,1,1,1038
10270,40,3,1066
10271,34,3,1107
10272,26,2,1135
10272,37,1,1229
10272,10,2,913
10273,22,3,892
10273,24,1,946
10273,38,1,1061
10274,1,3,1038
10275,27,1,1283
10276,42,2,934
10276,30,2,549
10277,1,3,1038
10278,36,1,847
10278,50,1,998
10278,30,1,549
10279,14,2,1157
10279,27,3,1283
10279,15,3,439
10280,14,1,1157
10280,25,1,737
10280,23,2,784
10281,41,2,910
10281,43,1,1149
10281,42,3,934
10282,29,2,1062
10282,26,2,1135
10282,30,2,549
10283,27,3,1283
10283,42,1,934
10283,24,3,946
10284,50,2,998
10285,46,2,625
10285,15,2,439
10285,2,3,576
10286,23,2,784
10286,22,1,892
10286,41,2,910
10287,18,1,649
10287,3,2,748
10288,27,3,1283
10289,33,1,943
10290,38,1,1061
10290,28,1,1057
10290,19,3,718
10291,43,1,1149
10291,14,3,1157
10292,21,2,736
10293,2,2,576
10293,37,2,1229
10293,40,3,1066
10294,44,1,1303
10294,42,1,934
10295,39,3,1068
10295,7,3,332
10296,8,3,588
10297,6,1,1306
10297,40,1,1066
10297,14,3,1157
10298,30,1,549
10298,45,2,561
10299,11,3,1047
10299,23,3,784
10299,10,3,913
10300,8,1,588
10300,3,3,748
10301,35,3,815
10301,1,3,1038
10302,4,3,516
10302,30,2,549
10302,24,3,946
10303,17,2,902
10303,32,3,611
10304,50,2,998
10304,42,1,934
10304,2,1,576
10305,44,1,1303
10305,13,3,954
10305,7,1,332
10306,49,2,1172
10306,41,1,910
10307,17,3,902
10308,32,3,611
10308,27,1,1283
10309,46,2,625
10310,27,1,1283
10311,4,3,516
10311,32,2,611
10312,4,2,516
10312,42,1,934
10312,15,2,439
10313,21,2,736
10313,34,2,1107
10314,14,1,1157
10314,27,3,1283
10314,48,2,553
10315,40,2,1066
10316,44,2,1303
10316,30,3,549
10316,36,1,847
10317,49,1,1172
10317,45,2,561
10317,15,3,439
10318,7,2,332
10319,39,1,1068
10319,29,3,1062
10319,6,2,1306
10320,4,1,516
10320,19,2,718
10321,21,3,736
10322,17,1,902
10323,10,2,913
10323,36,2,847
10323,10,3,913
10324,2,2,576
10324,24,3,946
10325,30,1,549
10326,24,1,946
10326,33,3,943
10327,40,1,1066
10328,25,1,737
10328,38,3,1061
10329,34,3,1107
10329,11,3,1047
10330,48,3,553
10331,21,2,736
10331,47,2,954
10332,2,2,576
10333,27,1,1283
10333,10,2,913
10333,28,1,1057
10334,29,2,1062
10334,45,1,561
10335,26,2,1135
10336,34,1,1107
10336,21,1,736
10336,21,2,736
10337,41,1,910
10338,42,1,934
10339,8,2,588
10340,46,1,625
10341,12,2,1432
10341,24,3,946
10342,24,2,946
10342,17,1,902
10343,16,3,1416
10343,16,1,1416
10343,5,2,1051
10344,28,3,1057
10344,11,3,1047
10345,34,3,1107
10345,36,3,847
10345,19,3,718
10346,4,2,516
10347,40,3,1066
10347,6,3,1306
10347,20,3,753
10348,50,2,998
10348,15,1,439
10348,39,3,1068
10349,39,1,1068
10349,27,1,1283
10350,36,1,847
10350,6,1,1306
10351,49,3,1172
10351,9,2,1025
10351,10,2,913
10352,49,1,1172
10353,19,2,718
10353,17,1,902
10354,13,1,954
10355,17,2,902
10355,46,1,625
10356,37,1,1229
10357,27,3,1283
10357,6,1,1306
10358,45,2,561
10359,35,3,815
10359,6,2,1306
10360,44,3,1303
10360,8,2,588
10361,1,1,1038
10362,9,1,1025
10362,4,2,516
10362,39,2,1068
10363,44,2,1303
10363,10,3,913
10363,17,2,902
10364,4,1,516
10365,45,3,561
10365,43,3,1149
10365,16,1,1416
10366,6,2,1306
10366,8,1,588
10366,9,1,1025
10367,27,3,1283
10368,32,1,611
10369,18,3,649
10369,50,3,998
10370,36,2,847
10371,16,1,1416
10372,10,2,913
10372,36,2,847
10372,17,1,902
10373,31,2,647
10373,33,2,943
10374,19,3,718
10374,6,3,1306
10375,48,3,553
10376,14,1,1157
10376,9,3,1025
10377,23,1,784
10377,3,1,748
10377,33,1,943
10378,41,2,910
10378,9,2,1025
10378,19,3,718
10379,33,2,943
10379,21,1,736
10380,31,3,647
10381,33,2,943
10382,23,1,784
10382,33,1,943
10383,18,1,649
10383,37,3,1229
10383,32,1,611
10384,18,1,649
10384,45,1,561
10385,3,2,748
10386,9,3,1025
10387,43,1,1149
10387,35,1,815
10387,45,2,561
10388,40,1,1066
10388,34,2,1107
10389,47,1,954
10389,17,2,902
10390,40,3,1066
10391,21,1,736
10391,15,2,439
10392,25,1,737
10392,50,2,998
10393,15,3,439
10393,41,2,910
10393,15,2,439
10394,36,2,847
10395,5,2,1051
10395,33,3,943
10395,30,1,549
10396,26,2,1135
10397,16,1,1416
10397,25,3,737
10398,18,2,649
10399,20,2,753
10399,7,2,332
10400,30,1,549
10401,36,3,847
10401,49,1,1172
10402,19,1,718
10403,22,3,892
10403,23,1,784
10404,31,3,647
10404,32,1,611
10405,33,1,943
10406,48,3,553
10406,46,3,625
10406,50,2,998
10407,46,3,625
10407,14,2,1157
10407,19,3,718
10408,7,2,332
10408,44,3,1303
10409,3,2,748
10409,5,2,1051
10409,47,3,954
10410,26,2,1135
10410,46,1,625
10411,9,3,1025
10412,15,3,439
10412,40,3,1066
10413,21,1,736
10413,40,2,1066
10414,26,1,1135
10414,20,2,753
10414,35,1,815
10415,13,1,954
10415,21,2,736
10416,35,3,815
10416,26,3,1135
10417,37,3,1229
10417,46,3,625
10418,25,2,737
10419,1,2,1038
10420,47,1,954
10420,7,2,332
10421,11,3,1047
10421,49,3,1172
10422,26,2,1135
10423,6,3,1306
10424,13,1,954
10424,50,2,998
10424,38,1,1061
10425,34,3,1107
10425,2,1,576
10426,47,2,954
10427,3,2,748
10427,25,2,737
10428,11,2,1047
10428,13,2,954
10429,42,2,934
10430,7,3,332
10430,9,3,1025
10431,11,1,1047
10431,34,3,1107
10431,30,2,549
10432,7,2,332
10433,37,1,1229
10433,45,3,561
10433,47,3,954
10434,36,2,847
10435,21,1,736
10435,44,3,1303
10436,13,2,954
10436,47,3,954
10436,34,2,1107
10437,11,2,1047
10437,11,2,1047
10438,50,1,998
10439,22,3,892
10439,32,1,611
10439,46,3,625
10440,50,2,998
10440,25,1,737
10440,17,3,902
10441,49,2,1172
10442,37,2,1229
10442,30,3,549
10442,8,3,588
10443,24,3,946
10443,13,1,954
10443,6,2,1306
10444,8,3,588
10445,17,1,902
10445,11,2,1047
10445,18,2,649
10446,44,2,1303
10446,31,3,647
10447,22,1,892
10447,49,2,1172
10447,23,2,784
10448,34,1,1107
10449,12,3,1432
10450,19,3,718
10451,14,2,1157
10452,26,1,1135
10452,32,1,611
10452,39,2,1068
10453,40,1,1066
10454,13,2,954
10455,10,3,913
10455,33,1,943
10455,1,1,1038
10456,22,1,892
10456,16,3,1416
10456,39,1,1068
10457,30,2,549
10458,12,1,1432
10458,7,2,332
10458,28,1,1057
10459,2,2,576
10459,36,2,847
10459,11,2,1047
10460,27,1,1283
10461,40,2,1066
10462,6,3,1306
10462,13,1,954
10463,46,3,625
10464,19,1,718
10465,49,3,1172
10466,16,3,1416
10467,29,3,1062
10467,33,2,943
10467,24,2,946
10468,29,3,1062
10468,41,1,910
10469,15,1,439
10470,8,2,588
10470,41,3,910
10470,4,2,516
10471,48,2,553
10471,48,2,553
10471,33,3,943
10472,13,3,954
10472,19,2,718
10473,7,1,332
10473,39,3,1068
10474,47,1,954
10475,7,3,332
10475,25,3,737
10475,45,3,561
10476,36,3,847
10476,44,3,1303
10476,31,2,647
10477,33,1,943
10477,44,1,1303
10477,39,2,1068
10478,30,2,549
10478,26,2,1135
10479,5,2,1051
10479,22,1,892
10479,43,1,1149
10480,7,2,332
10480,36,2,847
10481,23,3,784
10482,29,1,1062
10482,22,1,892
10482,20,3,753
10483,32,3,611
10484,12,3,1432
10484,6,3,1306
10484,11,2,1047
10485,41,2,910
10485,27,1,1283
10486,4,1,516
10487,25,2,737
10487,10,1,913
10488,35,1,815
10488,46,1,625
10488,48,1,553
10489,40,3,1066
10489,42,1,934
10489,31,3,647
10490,48,1,553
10490,5,1,1051
10491,24,2,946
10492,25,1,737
10492,7,3,332
10492,3,2,748
10493,1,2,1038
10493,34,2,1107
10494,47,1,954
10494,6,2,1306
10494,36,2,847
10495,10,3,913
10495,47,3,954
10495,29,3,1062
10496,15,2,439
10497,5,3,1051
10497,12,2,1432
10497,14,1,1157
10498,33,1,943
10498,39,3,1068
10498,10,1,913
10499,35,1,815
10499,20,3,753
10500,18,3,649
10501,48,3,553
10501,50,1,998
10501,12,3,1432
10502,38,1,1061
10502,2,1,576
10502,41,1,910
10503,11,2,1047
10503,12,1,1432
10503,5,1,1051
10504,28,3,1057
10504,18,3,649
10505,47,1,954
10505,35,2,815
10505,42,3,934
10506,5,3,1051
10507,42,3,934
10507,39,3,1068
10507,17,1,902
10508,11,1,1047
10508,46,3,625
10509,45,3,561
10509,6,2,1306
10509,28,2,1057
10510,18,3,649
10511,13,3,954
10511,42,3,934
10512,30,2,549
10512,8,1,588
10513,16,1,1416
10514,21,3,736
10515,44,2,1303
10515,27,1,1283
10515,11,3,1047
10516,25,3,737
10516,37,1,1229
10516,17,2,902
10517,21,3,736
10518,19,2,718
10518,1,1,1038
10519,11,2,1047
10519,27,1,1283
10520,42,3,934
10520,16,1,1416
10521,34,3,1107
10521,8,3,588
10521,48,3,553
10522,31,2,647
10522,46,1,625
10523,15,3,439
10523,42,2,934
10523,18,2,649
10524,21,2,736
10524,31,2,647
10524,39,2,1068
10525,45,3,561
10525,14,1,1157
10526,4,2,516
10526,6,1,1306
10526,13,2,954
10527,20,2,753
10528,48,3,553
10529,10,2,913
10529,35,1,815
10530,6,3,1306
10531,39,1,1068
10531,50,2,998
10532,30,2,549
10533,14,2,1157
10533,15,3,439
10533,3,3,748
10534,16,3,1416
10535,41,3,910
10535,33,2,943
10536,1,1,1038
10536,39,2,1068
10537,23,3,784
10538,21,3,736
10539,25,2,737
10539,19,1,718
10540,37,1,1229
10540,20,1,753
10540,31,1,647
10541,36,2,847
10541,20,3,753
10541,12,1,1432
10542,30,3,549
10542,23,2,784
10543,14,1,1157
10544,32,1,611
10544,49,3,1172
10544,11,1,1047
10545,8,2,588
10546,40,1,1066
10547,35,3,815
10548,11,3,1047
10548,37,2,1229
10549,1,3,1038
10549,34,1,1107
10549,39,3,1068
10550,12,1,1432
10550,41,3,910
10551,46,3,625
10552,10,1,913
10552,33,1,943
10553,40,1,1066
10554,34,1,1107
10554,11,2,1047
10554,42,2,934
10555,16,1,1416
10555,40,3,1066
10555,49,3,1172
10556,9,2,1025
10556,40,2,1066
10556,40,3,1066
10557,13,3,954
10557,26,1,1135
10557,32,3,611
10558,29,2,1062
10558,16,2,1416
10559,18,1,649
10559,21,2,736
10559,42,2,934
10560,45,2,561
10560,10,1,913
10561,37,3,1229
10562,27,3,1283
10563,2,3,576
10563,40,2,1066
10564,46,2,625
10564,7,1,332
10565,16,3,1416
10565,5,3,1051
10566,3,2,748
10566,8,3,588
10567,12,1,1432
10567,23,3,784
10567,42,3,934
10568,27,2,1283
10569,6,3,1306
10569,18,3,649
10569,45,3,561
10570,30,1,549
10571,23,3,784
10572,16,2,1416
10573,25,1,737
10573,10,1,913
10574,21,2,736
10574,32,2,611
10574,38,2,1061
10575,8,3,588
10576,18,3,649
10577,42,2,934
10577,15,3,439
10577,30,2,549
10578,30,2,549
10578,20,3,753
10578,33,2,943
10579,39,1,1068
10579,3,2,748
10580,38,3,1061
10581,21,1,736
10581,13,3,954
10582,15,1,439
10583,48,1,553
10584,13,2,954
10584,10,1,913
10585,3,2,748
10585,17,1,902
10586,44,1,1303
10586,43,2,1149
10586,5,1,1051
10587,36,2,847
10587,24,1,946
10587,37,2,1229
10588,33,2,943
10588,34,2,1107
10589,17,3,902
10590,12,2,1432
10590,12,1,1432
10591,36,3,847
10591,28,2,1057
10591,43,2,1149
10592,5,2,1051
10592,5,3,1051
10593,28,1,1057
10593,16,2,1416
10593,18,1,649
10594,7,2,332
10594,38,3,1061
10594,4,1,516
10595,43,2,1149
10596,38,2,1061
10596,5,3,1051
10596,49,2,1172
10597,11,3,1047
10597,38,3,1061
10598,11,2,1047
10598,17,1,902
10599,7,2,332
10600,38,2,1061
10600,16,3,1416
10601,6,1,1306
10601,19,1,718
10602,25,2,737
10603,50,3,998
10604,50,3,998
10604,27,2,1283
10604,9,2,1025
10605,21,2,736
10605,13,2,954
10606,10,1,913
10607,22,1,892
10607,31,1,647
10607,47,2,954
10608,2,1,576
10608,2,2,576
10608,48,3,553
10609,11,3,1047
10609,1,1,1038
10610,20,1,753
10611,27,1,1283
10611,16,2,1416
10611,50,1,998
10612,14,1,1157
10612,12,3,1432
10612,4,2,516
10613,23,3,784
10613,49,2,1172
10614,18,3,649
10615,12,2,1432
10615,29,2,1062
10616,47,3,954
10616,3,1,748
10617,19,1,718
10617,6,1,1306
10617,26,1,1135
10618,2,3,576
10618,17,1,902
10619,27,1,1283
10619,17,3,902
10620,3,2,748
10620,39,3,1068
10620,39,2,1068
10621,29,2,1062
10621,32,3,611
10621,12,1,1432
10622,42,3,934
10623,46,2,625
10623,8,1,588
10624,26,3,1135
10624,45,3,561
10625,36,1,847
10626,21,2,736
10626,42,3,934
10626,29,1,1062
10627,9,1,1025
10627,34,1,1107
10627,47,3,954
10628,29,1,1062
10628,5,1,1051
10628,47,3,954
10629,1,1,1038
10629,12,1,1432
10630,50,3,998
10630,48,2,553
10630,21,1,736
10631,30,1,549
10632,8,3,588
10632,43,3,1149
10632,12,3,1432
10633,10,1,913
10633,46,3,625
10634,26,1,1135
10635,39,3,1068
10635,48,1,553
10636,13,3,954
10636,13,2,954
10636,35,3,815
10637,41,1,910
10637,30,2,549
10638,36,2,847
10638,4,1,516
10639,16,1,1416
10639,27,3,1283
10639,2,2,576
10640,31,1,647
10640,2,1,576
10641,41,2,910
10641,41,1,910
10641,45,1,561
10642,1,1,1038
10642,5,1,1051
10643,1,3,1038
10644,46,2,625
10645,16,3,1416
10646,18,1,649
10646,7,2,332
10647,40,2,1066
10647,43,3,1149
10648,42,3,934
10648,46,2,625
10648,8,1,588
10649,24,2,946
10649,48,3,553
10650,17,3,902
10650,38,2,1061
10650,23,2,784
10651,39,2,1068
10652,25,2,737
10652,20,2,753
10652,6,1,1306
10653,26,1,1135
10653,50,2,998
10654,48,3,553
10654,18,3,649
10655,25,3,737
10655,11,2,1047
10655,41,1,910
10656,45,3,561
10656,49,2,1172
10656,11,2,1047
10657,9,1,1025
10657,23,1,784
10658,24,3,946
10659,3,3,748
10659,47,3,954
10659,26,1,1135
10660,27,1,1283
10660,23,2,784
10660,3,2,748
10661,4,3,516
10661,49,1,1172
10662,25,1,737
10662,26,1,1135
10662,14,3,1157
10663,25,3,737
10664,15,2,439
10664,5,1,1051
10664,17,3,902
10665,6,3,1306
10665,12,1,1432
10665,23,3,784
10666,24,2,946
10666,41,2,910
10667,7,2,332
10667,45,1,561
10667,11,3,1047
10668,37,3,1229
10668,41,2,910
10669,40,1,1066
10670,14,3,1157
10671,17,3,902
10672,33,3,943
10672,44,2,1303
10672,9,1,1025
10673,14,2,1157
10673,9,1,1025
10673,19,1,718
10674,24,1,946
10674,18,3,649
10675,14,2,1157
10675,15,1,439
10676,29,3,1062
10677,48,3,553
10677,39,3,1068
10678,49,2,1172
10678,47,2,954
10678,6,2,1306
10679,50,3,998
10680,45,3,561
10680,42,2,934
10681,3,2,748
10681,9,3,1025
10681,39,1,1068
10682,5,3,1051
10682,34,2,1107
10683,9,2,1025
10684,8,1,588
10685,5,1,1051
10686,19,1,718
10686,4,3,516
10687,33,1,943
10687,35,2,815
10687,47,3,954
10688,34,3,1107
10689,32,3,611
10690,34,2,1107
10690,47,1,954
10690,47,1,954
10691,31,3,647
10691,33,3,943
10691,8,1,588
10692,38,3,1061
10693,10,2,913
10694,42,2,934
10694,32,2,611
10694,13,1,954
10695,10,2,913
10695,29,3,1062
10696,40,1,1066
10697,6,1,1306
10698,6,1,1306
10698,17,3,902
10699,36,2,847
10699,7,2,332
10700,7,2,332
10700,22,2,892
10700,9,2,1025
10701,45,2,561
10701,4,1,516
10702,32,1,611
10702,40,2,1066
10702,6,1,1306
10703,8,3,588
10703,11,1,1047
10704,46,1,625
10704,50,2,998
10704,1,3,1038
10705,34,2,1107
10706,12,3,1432
10707,31,1,647
10708,6,2,1306
10708,9,1,1025
10709,33,3,943
10709,36,3,847
10709,41,3,910
10710,21,3,736
10711,17,3,902
10712,31,2,647
10712,32,1,611
10713,18,3,649
10713,30,3,549
10714,25,2,737
10714,18,2,649
10715,36,3,847
10716,14,3,1157
10716,26,1,1135
10717,30,3,549
10718,6,1,1306
10718,23,2,784
10719,24,1,946
10719,29,1,1062
10720,22,2,892
10721,4,2,516
10721,20,2,753
10721,40,3,1066
10722,19,2,718
10723,26,3,1135
10723,46,3,625
10724,17,1,902
10724,5,1,1051
10724,31,1,647
10725,24,1,946
10726,8,1,588
10727,34,1,1107
10727,22,3,892
10727,14,3,1157
10728,32,2,611
10728,21,1,736
10728,4,1,516
10729,17,1,902
10730,8,1,588
10731,38,2,1061
10731,43,3,1149
10732,34,3,1107
10732,19,1,718
10732,33,2,943
10733,9,1,1025
10733,10,3,913
10734,19,2,718
10735,6,1,1306
10736,10,1,913
10736,5,2,1051
10737,49,3,1172
10737,8,3,588
10737,6,3,1306
10738,49,3,1172
10738,22,2,892
10739,28,2,1057
10740,16,2,1416
10740,23,2,784
10740,43,3,1149
10741,18,2,649
10741,41,3,910
10741,45,1,561
10742,11,1,1047
10743,46,2,625
10744,17,2,902
10745,38,2,1061
10745,36,2,847
10746,50,2,998
10747,34,2,1107
10748,42,3,934
10748,20,1,753
10749,41,1,910
10750,35,1,815
10750,22,1,892
10750,15,1,439
10751,27,1,1283
10751,48,3,553
10751,1,3,1038
10752,9,2,1025
10752,30,1,549
10753,40,2,1066
10753,30,3,549
10754,33,3,943
10754,39,1,1068
10755,35,2,815
10755,28,3,1057
10756,5,3,1051
10756,16,1,1416
10756,41,1,910
10757,29,1,1062
10757,14,1,1157
10757,33,1,943
10758,6,2,1306
10759,3,1,748
10759,26,1,1135
10760,5,2,1051
10760,49,3,1172
10761,41,2,910
10762,47,3,954
10762,40,2,1066
10763,48,3,553
10764,43,1,1149
10764,25,3,737
10764,29,3,1062
10765,27,2,1283
10765,47,3,954
10766,2,3,576
10767,42,2,934
10767,4,3,516
10768,12,3,1432
10768,5,2,1051
10768,22,1,892
10769,22,1,892
10769,7,2,332
10770,27,1,1283
10770,25,3,737
10770,26,1,1135
10771,16,2,1416
10771,4,1,516
10771,11,2,1047
10772,50,1,998
10772,33,2,943
10773,25,3,737
10773,37,1,1229
10774,20,1,753
10775,36,2,847
10775,3,3,748
10776,29,1,1062
10777,27,1,1283
10777,30,1,549
10777,11,3,1047
10778,15,2,439
10778,17,2,902
10779,11,1,1047
10780,31,1,647
10780,8,3,588
10781,9,1,1025
10782,7,2,332
10782,44,3,1303
10782,45,2,561
10783,37,3,1229
10784,21,2,736
10785,42,3,934
10786,22,3,892
10786,36,1,847
10787,32,2,611
10787,25,3,737
10787,35,2,815
10788,48,2,553
10788,23,2,784
10789,25,1,737
10790,10,3,913
10790,50,2,998
10790,3,1,748
10791,44,3,1303
10791,34,2,1107
10792,42,1,934
10792,2,2,576
10792,41,1,910
10793,44,3,1303
10793,33,3,943
10793,10,2,913
10794,41,2,910
10794,30,2,549
10795,19,3,718
10795,36,3,847
10795,31,1,647
10796,1,3,1038
10797,49,3,1172
10797,31,2,647
10798,26,3,1135
10799,34,3,1107
10799,41,3,910
10800,41,3,910
10800,12,2,1432
10800,33,2,943
10801,13,1,954
10801,39,2,1068
10802,23,1,784
10803,38,2,1061
10803,25,2,737
10803,19,1,718
10804,30,1,549
10804,5,1,1051
10804,43,2,1149
10805,21,1,736
10805,9,3,1025
10805,16,2,1416
10806,1,1,1038
10806,48,1,553
10807,41,1,910
10808,10,2,913
10808,10,1,913
10809,7,1,332
10810,43,1,1149
10810,17,2,902
10810,12,3,1432
10811,20,1,753
10812,23,2,784
10813,20,2,753
10813,38,3,1061
10813,31,2,647
10814,38,2,1061
10814,50,3,998
10815,45,1,561
10815,30,1,549
10815,25,1,737
10816,13,2,954
10816,19,2,718
10816,36,3,847
10817,34,1,1107
10817,14,3,1157
10818,39,1,1068
10818,8,2,588
10819,47,3,954
10820,23,2,784
10821,14,3,1157
10822,24,2,946
10822,47,3,954
10823,31,1,647
10824,44,1,1303
10824,45,1,561
10824,31,3,647
10825,41,1,910
10825,40,3,1066
10825,9,1,1025
10826,34,2,1107
10826,29,1,1062
10827,40,3,1066
10827,12,3,1432
10828,42,2,934
10828,49,2,1172
10828,13,2,954
10829,14,3,1157
10830,46,1,625
10830,27,2,1283
10831,36,3,847
10831,3,2,748
10832,33,1,943
10833,50,2,998
10833,4,1,516
10833,39,3,1068
10834,23,2,784
10834,23,3,784
10834,46,3,625
10835,8,2,588
10835,30,2,549
10835,48,2,553
10836,33,2,943
10837,27,3,1283
10837,15,3,439
10837,16,1,1416
10838,50,3,998
10838,48,3,553
10838,31,1,647
10839,11,1,1047
10840,25,2,737
10840,12,3,1432
10840,14,2,1157
10841,41,2,910
10841,29,3,1062
10841,16,1,1416
10842,31,1,647
10843,19,2,718
10843,1,3,1038
10843,35,1,815
10844,36,2,847
10844,39,2,1068
10844,47,3,954
10845,45,1,561
10845,30,3,549
10845,28,2,1057
10846,12,1,1432
10847,14,2,1157
10848,33,3,943
10848,14,3,1157
10849,33,1,943
10849,38,1,1061
10850,14,3,1157
10851,42,2,934
10851,38,2,1061
10851,33,3,943
10852,33,3,943
10852,25,3,737
10852,20,2,753
10853,9,1,1025
10853,9,3,1025
10854,42,2,934
10855,11,3,1047
10855,44,1,1303
10855,44,1,1303
10856,26,3,1135
10856,49,2,1172
10857,33,3,943
10858,1,1,1038
10859,24,2,946
10860,3,3,748
10861,50,2,998
10861,24,3,946
10862,18,3,649
10862,4,3,516
10863,27,2,1283
10863,9,2,1025
10863,14,1,1157
10864,14,2,1157
10864,7,2,332
10864,6,3,1306
10865,44,2,1303
10865,11,3,1047
10865,14,2,1157
10866,12,1,1432
10866,4,1,516
10866,35,1,815
10867,31,1,647
10867,14,1,1157
10868,42,3,934
10869,21,1,736
10869,30,3,549
10869,37,1,1229
10870,10,1,913
10871,43,1,1149
10872,42,3,934
10873,41,1,910
10873,6,2,1306
10874,36,3,847
10874,18,2,649
10874,7,2,332
10875,44,3,1303
10875,38,1,1061
10875,1,2,1038
10876,25,3,737
10877,8,2,588
10877,26,2,1135
10877,20,1,753
10878,39,3,1068
10878,30,2,549
10879,48,3,553
10879,6,1,1306
10880,15,2,439
10880,47,3,954
10881,49,3,1172
10882,11,1,1047
10883,6,1,1306
10884,19,3,718
10884,26,2,1135
10884,26,3,1135
10885,14,2,1157
10885,8,3,588
10886,44,2,1303
10886,50,1,998
10886,14,3,1157
10887,36,1,847
10887,20,1,753
10887,34,3,1107
10888,30,1,549
10888,24,2,946
10888,38,2,1061
10889,25,3,737
10889,22,1,892
10890,13,2,954
10890,48,1,553
10891,28,3,1057
10891,6,2,1306
10892,10,3,913
10892,22,1,892
10893,8,2,588
10893,34,1,1107
10893,43,1,1149
10894,27,3,1283
10895,39,2,1068
10895,20,1,753
10896,35,2,815
10897,18,1,649
10898,48,3,553
10899,47,1,954
10900,3,2,748
10900,42,2,934
10900,22,1,892
10901,16,3,1416
10901,38,1,1061
10902,27,1,1283
10903,11,2,1047
10903,8,2,588
10904,2,2,576
10904,34,1,1107
10905,15,3,439
10906,27,3,1283
10906,50,2,998
10906,8,1,588
10907,2,3,576
10907,24,2,946
10908,49,2,1172
10908,36,1,847
10908,9,1,1025
10909,46,1,625
10910,43,3,1149
10910,34,1,1107
10911,1,2,1038
10912,48,2,553
10912,19,2,718
10913,38,1,1061
10913,31,2,647
10913,41,3,910
10914,16,2,1416
10915,12,2,1432
10915,1,3,1038
10915,20,2,753
10916,41,2,910
10917,11,3,1047
10917,35,1,815
10918,25,1,737
10918,44,3,1303
10918,38,2,1061
10919,1,3,1038
10919,26,2,1135
10920,41,2,910
10920,15,2,439
10921,6,1,1306
10921,5,2,1051
10921,42,3,934
10922,25,2,737
10922,1,2,1038
10923,27,1,1283
10923,23,2,784
10924,50,1,998
10924,31,1,647
10924,17,1,902
10925,26,1,1135
10925,48,1,553
10925,27,2,1283
10926,9,2,1025
10927,29,3,1062
10927,43,1,1149
10928,23,2,784
10928,23,3,784
10928,2,3,576
10929,45,2,561
10929,42,3,934
10929,30,2,549
10930,11,1,1047
10931,25,2,737
10932,1,3,1038
10932,36,3,847
10932,8,1,588
10933,26,2,1135
10934,27,3,1283
10935,44,1,1303
10935,18,2,649
10936,36,3,847
10936,21,2,736
10936,23,2,784
10937,32,3,611
10937,33,2,943
10937,36,2,847
10938,40,1,1066
10938,38,1,1061
10939,43,1,1149
10940,34,1,1107
10941,13,2,954
10942,38,3,1061
10942,3,1,748
10943,25,3,737
10943,30,1,549
10944,33,1,943
10945,10,1,913
10945,45,3,561
10945,6,3,1306
10946,33,1,943
10946,7,2,332
10946,21,3,736
10947,8,3,588
10948,5,1,1051
10949,20,2,753
10949,4,3,516
10950,50,2,998
10950,9,3,1025
10950,20,2,753
10951,21,3,736
10951,34,1,1107
10951,31,1,647
10952,27,2,1283
10953,40,3,1066
10953,25,3,737
10954,32,1,611
10954,6,1,1306
10954,16,2,1416
10955,11,1,1047
10955,13,1,954
10955,20,3,753
10956,42,2,934
10956,18,1,649
10956,13,3,954
10957,12,3,1432
10957,27,2,1283
10957,20,2,753
10958,22,1,892
10959,38,2,1061
10959,43,2,1149
10959,30,3,549
10960,13,2,954
10960,50,3,998
10960,33,2,943
10961,5,3,1051
10962,42,3,934
10962,1,1,1038
10963,14,2,1157
10964,3,1,748
10965,19,2,718
10965,20,1,753
10965,34,2,1107
10966,24,3,946
10966,21,1,736
10967,44,1,1303
10967,28,1,1057
10968,26,1,1135
10968,9,2,1025
10969,14,1,1157
10969,29,3,1062
10970,41,3,910
10970,48,1,553
10971,29,3,1062
10972,28,3,1057
10972,4,3,516
10972,35,3,815
10973,38,2,1061
10973,13,2,954
10974,11,2,1047
10974,22,1,892
10974,17,1,902
10975,16,3,1416
10976,12,2,1432
10976,13,1,954
10977,16,1,1416
10977,31,3,647
10978,6,3,1306
10978,32,3,611
10979,48,1,553
10980,39,2,1068
10981,41,3,910
10981,42,2,934
10981,28,3,1057
10982,21,2,736
10982,30,3,549
10982,15,3,439
10983,19,2,718
10984,2,2,576
10985,3,2,748
10986,38,1,1061
10986,39,2,1068
10986,34,3,1107
10987,26,1,1135
10988,20,1,753
10989,37,2,1229
10989,40,3,1066
10990,24,2,946
10990,34,3,1107
10991,21,3,736
10992,15,2,439
10993,14,2,1157
10994,19,1,718
10995,35,2,815
10995,46,3,625
10995,28,3,1057
10996,14,1,1157
10996,8,1,588
10997,18,1,649
10997,31,1,647
10998,38,1,1061
10998,44,1,1303
10999,39,3,1068
11000,18,3,649
11000,47,1,954
11001,5,2,1051
11002,20,1,753
11003,45,3,561
11004,25,3,737
11004,5,3,1051
11005,24,1,946
11006,32,1,611
11006,41,2,910
11007,10,3,913
11007,27,2,1283
11007,48,1,553
11008,37,2,1229
11008,49,1,1172
11009,45,2,561
11009,48,2,553
11009,49,2,1172
11010,46,2,625
11010,31,3,647
11011,13,3,954
11011,16,2,1416
11012,50,2,998
11012,37,3,1229
11013,1,3,1038
11013,15,2,439
11014,49,2,1172
11014,37,3,1229
11015,20,2,753
11015,12,1,1432
11015,26,1,1135
11016,11,1,1047
11017,6,3,1306
11018,8,1,588
11018,31,1,647
11018,24,2,946
11019,23,2,784
11020,17,1,902
11020,32,3,611
11020,48,1,553
11021,31,2,647
11022,37,3,1229
11022,38,2,1061
11022,19,3,718
11023,6,1,1306
11024,46,3,625
11024,22,2,892
11024,34,2,1107
11025,42,2,934
11026,6,3,1306
11026,33,1,943
11026,10,3,913
11027,42,1,934
11027,24,2,946
11027,24,3,946
11028,22,2,892
11028,25,3,737
11029,46,2,625
11030,33,3,943
11031,47,3,954
11031,16,3,1416
11032,5,1,1051
11033,3,2,748
11033,43,3,1149
11034,40,3,1066
11034,26,1,1135
11034,30,2,549
11035,35,2,815
11035,22,3,892
11036,3,3,748
11036,9,3,1025
11037,46,1,625
11038,31,2,647
11039,34,2,1107
11040,8,1,588
11041,13,1,954
11041,35,2,815
11041,3,2,748
11042,5,2,1051
11042,11,3,1047
11043,7,2,332
11043,48,1,553
11043,47,2,954
11044,24,2,946
11044,22,1,892
11045,31,3,647
11045,5,3,1051
11045,5,2,1051
11046,16,2,1416
11047,40,3,1066
11047,26,3,1135
11048,7,3,332
11048,19,3,718
11049,32,1,611
11049,4,2,516
11049,40,3,1066
11050,43,1,1149
11050,30,3,549
11050,28,3,1057
11051,10,1,913
11051,8,2,588
11051,13,2,954
11052,31,1,647
11052,12,3,1432
11052,9,2,1025
11053,37,1,1229
11053,34,2,1107
11053,20,3,753
11054,6,3,1306
11054,2,2,576
11055,34,1,1107
11055,9,2,1025
11056,21,1,736
11056,28,2,1057
11057,30,1,549
11058,46,3,625
11059,22,3,892
11060,35,1,815
11060,5,1,1051
11061,30,2,549
11061,22,1,892
11062,13,1,954
11063,3,3,748
11063,50,1,998
11063,49,1,1172
11064,13,1,954
11065,13,2,954
11066,18,1,649
11066,31,2,647
11066,34,3,1107
11067,5,3,1051
11067,18,2,649
11068,38,1,1061
11069,32,1,611
11069,4,3,516
11069,47,2,954
11070,45,2,561
11070,9,3,1025
11071,27,1,1283
11072,30,1,549
11073,18,1,649
11073,42,3,934
11073,9,1,1025
11074,35,3,815
11074,48,1,553
11075,35,3,815
11076,19,2,718
11076,44,3,1303
11076,3,3,748
11077,38,1,1061
11078,47,2,954
11078,14,3,1157
11079,16,3,1416
11080,25,3,737
11080,8,3,588
11081,15,2,439
11082,34,2,1107
11083,12,3,1432
11084,3,1,748
11085,12,3,1432
11085,24,2,946
11086,44,3,1303
11086,7,1,332
11087,32,2,611
11087,11,2,1047
11087,15,2,439
11088,47,3,954
11089,24,3,946
11089,43,1,1149
11090,10,3,913
11091,10,1,913
11091,15,1,439
11092,16,3,1416
11092,9,3,1025
11092,47,2,954
11093,32,1,611
11094,48,2,553
11095,13,2,954
11096,6,2,1306
11097,47,2,954
11097,32,2,611
11098,15,2,439
11098,36,3,847
11099,6,2,1306
11100,20,3,753
11100,19,2,718
11101,47,3,954
11102,32,2,611
11102,45,1,561
11103,21,1,736
11103,14,1,1157
11104,43,2,1149
11105,17,2,902
11105,11,2,1047
11105,31,3,647
11106,40,3,1066
11107,49,3,1172
11108,18,1,649
11108,1,2,1038
11109,20,2,753
11109,8,3,588
11110,22,3,892
11110,42,1,934
11111,32,2,611
11111,39,2,1068
11112,11,2,1047
11113,34,1,1107
11113,16,2,1416
11114,6,3,1306
11114,37,3,1229
11114,30,2,549
11115,45,1,561
11116,35,3,815
11116,16,3,1416
11116,2,3,576
11117,25,3,737
11118,47,1,954
11118,13,1,954
11119,21,3,736
11119,35,3,815
11119,1,3,1038
11120,36,1,847
11120,14,2,1157
11121,4,1,516
11121,11,2,1047
11121,27,1,1283
11122,39,2,1068
11123,3,3,748
11124,41,2,910
11125,36,2,847
11126,6,1,1306
11126,31,3,647
11127,23,3,784
11127,23,2,784
11127,10,2,913
11128,42,1,934
11129,43,2,1149
11130,23,3,784
11130,50,3,998
11130,31,3,647
11131,4,3,516
11132,4,1,516
11132,21,2,736
11133,28,2,1057
11133,48,2,553
11133,4,1,516
11134,45,3,561
11134,38,1,1061
11134,23,3,784
11135,24,1,946
11136,22,2,892
11136,40,3,1066
11137,21,3,736
11137,46,1,625
11138,6,3,1306
11139,23,2,784
11139,17,1,902
11140,32,1,611
11141,23,3,784
11141,3,2,748
11142,29,2,1062
11142,3,2,748
11143,37,1,1229
11144,20,3,753
11145,27,3,1283
11145,45,3,561
11146,18,3,649
11146,18,3,649
11146,44,2,1303
11147,18,3,649
11147,42,3,934
11147,13,3,954
11148,14,2,1157
11148,5,2,1051
11149,8,3,588
11149,16,2,1416
11149,42,3,934
11150,21,3,736
11151,33,2,943
11152,30,3,549
11152,47,2,954
11152,16,2,1416
11153,29,1,1062
11154,50,3,998
11154,25,1,737
11154,48,1,553
11155,18,3,649
11156,26,2,1135
11157,13,2,954
11157,4,3,516
11157,42,1,934
11158,34,2,1107
11158,20,3,753
11158,37,1,1229
11159,7,3,332
11159,6,2,1306
11160,44,3,1303
11161,28,3,1057
11162,16,1,1416
11162,14,3,1157
11163,19,1,718
11163,41,3,910
11163,41,3,910
11164,28,3,1057
11165,13,3,954
11165,37,2,1229
11166,40,3,1066
11167,23,3,784
11167,45,2,561
11167,17,3,902
11168,9,1,1025
11168,5,3,1051
11168,22,1,892
11169,34,2,1107
11169,14,3,1157
11169,39,3,1068
11170,46,3,625
11170,20,3,753
11170,16,2,1416
11171,38,3,1061
11172,29,3,1062
11173,7,1,332
11173,26,3,1135
11173,11,3,1047
11174,17,3,902
11174,39,1,1068
11174,39,3,1068
11175,42,2,934
11175,4,1,516
11175,33,2,943
11176,2,3,576
11176,34,2,1107
11176,35,2,815
11177,35,3,815
11178,28,1,1057
11178,36,2,847
11179,23,3,784
11179,22,2,892
11180,21,2,736
11180,6,3,1306
11181,5,2,1051
11182,7,3,332
11183,34,2,1107
11184,18,2,649
11185,50,1,998
11185,6,1,1306
11185,47,1,954
11186,20,3,753
11186,31,3,647
11186,23,3,784
11187,6,3,1306
11188,46,2,625
11188,25,2,737
11188,44,3,1303
11189,5,2,1051
11189,6,2,1306
11189,12,2,1432
11190,16,2,1416
11190,50,3,998
11190,27,2,1283
11191,6,2,1306
11191,7,1,332
11192,49,3,1172
11192,50,3,998
11192,30,1,549
11193,35,3,815
11193,12,2,1432
11194,14,1,1157
11194,37,1,1229
11195,40,3,1066
11196,6,1,1306
11196,2,1,576
11196,9,1,1025
11197,13,1,954
11197,19,2,718
11198,21,1,736
11198,9,3,1025
11198,31,1,647
11199,8,1,588
11199,19,1,718
11200,13,2,954
11200,12,3,1432
11201,47,3,954
11201,35,2,815
11202,20,1,753
11202,4,1,516
11203,2,2,576
11203,11,2,1047
11203,37,2,1229
11204,11,1,1047
11204,42,2,934
11204,35,1,815
11205,30,3,549
11205,22,2,892
11206,34,1,1107
11206,14,1,1157
11206,1,2,1038
11207,10,1,913
11207,20,3,753
11207,19,3,718
11208,9,2,1025
11209,20,2,753
11209,49,3,1172
11209,20,3,753
11210,23,2,784
11210,23,2,784
11210,12,2,1432
11211,22,1,892
11212,2,3,576
11212,42,2,934
11212,22,1,892
11213,30,1,549
11213,29,1,1062
11213,20,1,753
11214,22,1,892
11215,17,1,902
11215,25,3,737
11215,8,1,588
11216,39,2,1068
11217,42,1,934
11217,49,3,1172
11218,43,2,1149
11218,1,1,1038
11219,4,2,516
11219,29,3,1062
11219,5,3,1051
11220,4,2,516
11221,19,2,718
11221,23,2,784
11222,35,1,815
11223,8,1,588
11223,17,3,902
11224,38,3,1061
11224,14,2,1157
11225,39,3,1068
11226,17,2,902
11226,46,2,625
11226,7,1,332
11227,18,3,649
11227,42,2,934
11228,29,3,1062
11228,19,3,718
11229,48,2,553
11229,40,2,1066
11230,49,1,1172
11230,20,2,753
11231,37,1,1229
11231,24,2,946
11232,32,2,611
11232,4,2,516
11232,31,1,647
11233,20,3,753
11234,5,2,1051
11235,5,1,1051
11236,16,1,1416
11236,26,2,1135
11237,30,3,549
11237,36,2,847
11237,6,3,1306
11238,40,1,1066
11238,3,3,748
11239,41,3,910
11239,16,3,1416
11239,46,3,625
11240,8,2,588
11241,16,1,1416
11241,36,3,847
11241,2,3,576
11242,30,2,549
11242,3,2,748
11243,2,3,576
11244,46,3,625
11244,42,1,934
11245,12,3,1432
11246,4,3,516
11246,15,1,439
11246,5,3,1051
11247,28,2,1057
11247,21,1,736
11247,48,3,553
11248,47,3,954
11248,50,2,998
11249,28,2,1057
11249,10,2,913
11249,33,1,943
11250,9,1,1025
11250,48,1,553
11251,26,2,1135
11251,44,3,1303
11251,24,1,946
11252,29,2,1062
11253,26,3,1135
11253,32,1,611
11254,40,2,1066
11255,3,3,748
11256,45,1,561
11256,36,2,847
11257,13,1,954
11257,47,2,954
11258,45,1,561
11258,24,1,946
11259,31,3,647
11259,38,2,1061
11260,12,2,1432
11260,13,1,954
11261,26,2,1135
11262,3,3,748
11263,43,3,1149
11263,50,3,998
11263,13,1,954
11264,47,2,954
11264,23,1,784
11264,45,3,561
11265,2,1,576
11265,30,3,549
11265,17,2,902
11266,37,3,1229
11266,8,2,588
11266,10,2,913
11267,14,1,1157
11268,39,2,1068
11268,21,1,736
11269,23,1,784
11269,13,3,954
11269,29,2,1062
11270,44,2,1303
11271,49,3,1172
11271,24,3,946
11271,42,3,934
11272,38,3,1061
11273,13,2,954
11273,30,3,549
11274,40,3,1066
11274,24,2,946
11275,40,2,1066
11275,23,2,784
11275,23,3,784
11276,3,3,748
11276,11,1,1047
11277,24,1,946
11277,2,3,576
11277,11,1,1047
11278,20,3,753
11278,10,2,913
11279,21,1,736
11279,13,1,954
11280,42,1,934
11281,7,1,332
11281,22,1,892
11282,9,3,1025
11282,39,2,1068
11282,4,1,516
11283,36,1,847
11284,43,2,1149
11284,22,2,892
11285,22,3,892
11285,14,1,1157
11286,22,2,892
11286,23,3,784
11287,47,1,954
11288,14,2,1157
11288,17,3,902
11288,10,1,913
11289,40,2,1066
11289,28,2,1057
11289,40,3,1066
11290,26,1,1135
11291,6,1,1306
11291,31,3,647
11292,34,3,1107
11292,9,1,1025
11292,4,3,516
11293,2,1,576
11293,24,3,946
11293,33,1,943
11294,36,2,847
11294,19,3,718
11294,7,3,332
11295,27,2,1283
11296,22,2,892
11296,35,1,815
11297,17,1,902
11297,20,3,753
11298,33,3,943
11298,23,1,784
11298,11,1,1047
11299,7,2,332
11299,41,1,910
11300,17,2,902
11300,49,3,1172
11300,36,2,847
11301,47,2,954
11301,1,1,1038
11301,15,1,439
11302,4,3,516
11302,26,1,1135
11302,28,1,1057
11303,27,3,1283
11304,30,3,549
11305,41,1,910
11305,13,1,954
11306,43,3,1149
11306,3,1,748
11306,46,2,625
11307,6,2,1306
11308,25,1,737
11309,6,3,1306
11309,42,3,934
11309,5,3,1051
11310,6,1,1306
11310,16,1,1416
11311,8,1,588
11311,48,2,553
11311,29,3,1062
11312,29,1,1062
11312,31,3,647
11313,34,3,1107
11313,26,1,1135
11313,20,2,753
11314,11,1,1047
11315,46,2,625
11315,17,2,902
11316,46,1,625
11317,14,3,1157
11317,50,2,998
11318,37,3,1229
11318,35,3,815
11318,9,2,1025
11319,26,3,1135
11319,8,3,588
11319,6,2,1306
11320,20,3,753
11320,40,1,1066
11320,50,1,998
11321,28,2,1057
11321,44,2,1303
11322,47,3,954
11323,35,3,815
11323,45,1,561
11323,7,2,332
11324,31,2,647
11324,35,2,815
11324,23,1,784
11325,40,3,1066
11325,43,2,1149
11325,12,1,1432
11326,27,1,1283
11327,14,1,1157
11327,35,2,815
11327,48,1,553
11328,41,1,910
11328,5,2,1051
11329,39,2,1068
11329,49,1,1172
11329,25,3,737
11330,30,2,549
11331,33,1,943
11332,17,1,902
11332,5,2,1051
11333,31,3,647
11334,24,2,946
11335,14,2,1157
11336,16,2,1416
11336,43,1,1149
11337,17,2,902
11337,24,1,946
11338,50,3,998
11338,25,1,737
11338,33,1,943
11339,14,1,1157
11339,45,2,561
11340,37,3,1229
11340,40,1,1066
11341,24,1,946
11342,29,1,1062
11342,25,3,737
11342,40,2,1066
11343,30,2,549
11343,44,3,1303
11343,26,3,1135
11344,26,3,1135
11344,28,1,1057
11344,49,2,1172
11345,2,3,576
11346,31,3,647
11346,12,1,1432
11346,44,2,1303
11347,15,3,439
11347,14,3,1157
11347,3,3,748
11348,20,1,753
11348,7,3,332
11349,3,3,748
11350,49,2,1172
11350,19,1,718
11351,1,2,1038
11351,26,3,1135
11352,49,2,1172
11352,7,2,332
11352,35,2,815
11353,44,1,1303
11353,31,2,647
11354,10,3,913
11354,1,3,1038
11354,31,1,647
11355,32,3,611
11355,18,2,649
11356,26,3,1135
11356,1,1,1038
11357,17,2,902
11357,5,1,1051
11358,38,1,1061
11358,25,3,737
11359,45,1,561
11359,7,1,332
11359,26,1,1135
11360,42,3,934
11360,15,2,439
11360,18,2,649
11361,6,1,1306
11362,50,1,998
11363,3,2,748
11363,4,3,516
11364,47,3,954
11365,50,3,998
11365,39,2,1068
11365,46,2,625
11366,34,2,1107
11367,11,3,1047
11368,33,1,943
11368,21,1,736
11369,24,2,946
11370,24,3,946
11371,50,3,998
11371,47,2,954
11372,41,2,910
11372,30,2,549
11373,1,3,1038
11373,43,3,1149
11374,2,1,576
11374,36,1,847
11375,21,1,736
11375,30,3,549
11376,27,3,1283
11377,7,1,332
11378,27,3,1283
11378,4,2,516
11378,8,3,588
11379,27,2,1283
11379,37,3,1229
11380,1,2,1038
11380,4,3,516
11381,5,2,1051
11381,23,3,784
11382,14,2,1157
11382,18,3,649
11383,17,2,902
11383,41,1,910
11383,34,3,1107
11384,28,3,1057
11384,13,1,954
11384,18,2,649
11385,21,2,736
11385,11,1,1047
11385,37,1,1229
11386,20,3,753
11386,40,3,1066
11387,22,2,892
11388,2,1,576
11389,20,1,753
11389,21,1,736
11389,45,2,561
11390,49,1,1172
11391,48,3,553
11392,40,1,1066
11393,4,2,516
11394,20,2,753
11394,10,1,913
11394,16,2,1416
11395,43,1,1149
11395,7,3,332
11395,4,2,516
11396,12,1,1432
11396,30,1,549
11397,3,3,748
11398,23,3,784
11398,40,3,1066
11398,19,3,718
11399,9,2,1025
11399,10,3,913
11400,45,2,561
11400,19,3,718
11401,39,2,1068
11401,16,2,1416
11401,1,1,1038
11402,31,3,647
11402,3,1,748
11403,39,2,1068
11404,5,1,1051
11404,4,1,516
11405,46,1,625
11405,30,1,549
11405,33,3,943
11406,2,1,576
11407,35,2,815
11408,17,3,902
11408,15,3,439
11409,46,2,625
11409,26,2,1135
11409,11,3,1047
11410,3,3,748
11410,37,2,1229
11410,2,3,576
11411,10,1,913
11411,17,1,902
11411,17,1,902
11412,10,1,913
11412,5,1,1051
11412,9,2,1025
11413,50,3,998
11413,3,2,748
11413,50,3,998
11414,17,2,902
11414,47,2,954
11415,14,3,1157
11416,33,1,943
11417,7,2,332
11418,18,2,649
11418,24,3,946
11419,39,1,1068
11419,11,2,1047
11419,39,3,1068
11420,39,1,1068
11420,19,3,718
11421,39,2,1068
11422,13,3,954
11422,14,2,1157
11423,29,1,1062
11423,10,2,913
11423,25,3,737
11424,9,1,1025
11424,27,1,1283
11424,15,2,439
11425,19,3,718
11425,10,2,913
11426,32,3,611
11426,2,3,576
11426,38,2,1061
11427,27,2,1283
11427,13,2,954
11428,16,2,1416
11428,40,3,1066
11429,24,3,946
11429,10,1,913
11430,13,1,954
11430,49,2,1172
11430,40,3,1066
11431,28,3,1057
11432,36,2,847
11432,16,2,1416
11432,14,2,1157
11433,11,2,1047
11434,43,3,1149
11434,40,2,1066
11434,21,2,736
11435,1,2,1038
11435,29,3,1062
11435,14,3,1157
11436,20,3,753
11437,25,3,737
11437,48,1,553
11438,13,2,954
11439,16,3,1416
11440,27,3,1283
11441,31,2,647
11441,16,2,1416
11442,43,1,1149
11443,7,3,332
11444,40,2,1066
11445,10,3,913
11445,50,2,998
11446,11,2,1047
11446,26,3,1135
11446,3,2,748
11447,36,2,847
11448,36,3,847
11449,41,3,910
11449,33,2,943
11450,46,1,625
11450,42,1,934
11450,26,2,1135
11451,49,3,1172
11452,46,3,625
11452,34,1,1107
11452,24,1,946
11453,42,2,934
11453,39,3,1068
11454,34,2,1107
11455,11,1,1047
11455,18,2,649
11456,25,2,737
11456,6,1,1306
11456,28,1,1057
11457,4,1,516
11457,4,2,516
11458,39,1,1068
11458,28,3,1057
11459,9,2,1025
11459,26,3,1135
11459,5,3,1051
11460,29,2,1062
11460,32,1,611
11460,31,3,647
11461,12,3,1432
11461,49,1,1172
11461,33,3,943
11462,11,1,1047
11462,46,1,625
11463,12,2,1432
11463,5,3,1051
11463,46,2,625
11464,41,3,910
11465,24,2,946
11466,1,2,1038
11466,36,1,847
11466,42,3,934
11467,13,3,954
11468,25,1,737
11469,44,3,1303
11469,1,3,1038
11470,42,2,934
11471,1,1,1038
11472,38,2,1061
11472,11,1,1047
11473,26,1,1135
11473,38,2,1061
11474,15,2,439
11474,32,1,611
11475,2,3,576
11475,11,3,1047
11476,28,3,1057
11476,43,2,1149
11477,23,3,784
11478,28,1,1057
11478,4,3,516
11479,15,3,439
11479,48,1,553
11479,5,3,1051
11480,30,1,549
11480,50,3,998
11481,25,2,737
11481,11,2,1047
11481,41,1,910
11482,31,3,647
11482,23,1,784
11482,21,1,736
11483,26,3,1135
11483,41,2,910
11484,47,1,954
11484,4,3,516
11484,47,3,954
11485,5,3,1051
11486,25,3,737
11486,16,3,1416
11487,44,1,1303
11487,14,3,1157
11488,41,2,910
11488,33,3,943
11489,21,1,736
11490,3,1,748
11490,12,1,1432
11490,34,3,1107
11491,49,3,1172
11491,13,2,954
11492,16,2,1416
11492,33,1,943
11493,14,3,1157
11494,50,1,998
11495,7,2,332
11495,13,3,954
11496,35,1,815
11497,13,3,954
11497,16,3,1416
11498,32,3,611
11498,38,2,1061
11499,5,3,1051
11499,21,3,736
11499,46,1,625
11500,29,3,1062
11500,8,2,588
11501,17,1,902
11502,7,3,332
11503,26,2,1135
11504,29,3,1062
11504,25,3,737
11504,48,2,553
11505,18,1,649
11505,39,3,1068
11505,15,3,439
11506,12,3,1432
11507,31,3,647
11508,23,1,784
11508,25,2,737
11509,32,3,611
11510,13,1,954
11510,12,3,1432
11510,46,1,625
11511,47,1,954
11512,26,1,1135
11512,2,2,576
11513,31,2,647
11513,20,3,753
11514,46,3,625
11515,18,1,649
11516,32,1,611
11516,41,3,910
11517,19,3,718
11517,40,1,1066
11517,43,1,1149
11518,27,1,1283
11519,30,1,549
11519,12,3,1432
11520,33,3,943
11520,21,3,736
11520,7,2,332
11521,14,1,1157
11521,14,1,1157
11522,42,1,934
11522,44,2,1303
11522,9,3,1025
11523,42,3,934
11523,7,2,332
11524,5,2,1051
11525,34,3,1107
11525,13,2,954
11525,26,3,1135
11526,16,1,1416
11526,31,2,647
11527,1,2,1038
11528,45,1,561
11528,33,2,943
11528,13,2,954
11529,35,3,815
11529,22,3,892
11530,46,3,625
11530,47,2,954
11530,17,1,902
11531,5,2,1051
11532,43,2,1149
11533,18,2,649
11533,48,1,553
11534,8,3,588
11534,37,2,1229
11535,40,1,1066
11535,44,3,1303
11536,44,1,1303
11537,49,1,1172
11538,17,3,902
11538,2,1,576
11538,14,1,1157
11539,24,1,946
11540,25,3,737
11540,12,2,1432
11541,50,1,998
11541,35,3,815
11542,42,2,934
11543,10,3,913
11543,25,2,737
11543,46,2,625
11544,45,3,561
11544,43,1,1149
11545,37,1,1229
11545,39,3,1068
11546,9,3,1025
11547,33,3,943
11547,27,3,1283
11548,17,2,902
11548,24,3,946
11548,42,2,934
11549,18,3,649
11549,29,1,1062
11550,24,2,946
11550,24,1,946
11550,48,1,553
11551,12,2,1432
11551,42,1,934
11551,49,1,1172
11552,44,2,1303
11553,28,1,1057
11554,32,2,611
11554,32,1,611
11554,11,1,1047
11555,36,3,847
11556,41,1,910
11556,13,2,954
11556,26,1,1135
11557,9,2,1025
11558,31,2,647
11558,17,3,902
11559,14,1,1157
11559,44,1,1303
11560,45,1,561
11560,42,3,934
11561,4,2,516
11561,19,2,718
11562,16,1,1416
11563,20,2,753
11563,12,3,1432
11563,35,1,815
11564,31,1,647
11564,32,1,611
11564,38,2,1061
11565,8,2,588
11565,23,2,784
11565,22,1,892
11566,45,2,561
11566,11,1,1047
11566,47,3,954
11567,38,1,1061
11567,50,2,998
11568,44,3,1303
11568,49,3,1172
11568,11,3,1047
11569,29,2,1062
11569,33,3,943
11569,29,2,1062
11570,2,2,576
11570,47,3,954
11571,34,3,1107
11572,19,1,718
11572,46,3,625
11572,47,3,954
11573,50,3,998
11574,20,1,753
11574,13,3,954
11575,46,1,625
11575,36,1,847
11576,14,2,1157
11576,1,2,1038
11577,18,2,649
11577,11,2,1047
11578,39,2,1068
11579,43,2,1149
11579,17,3,902
11580,48,1,553
11581,28,3,1057
11581,32,2,611
11582,16,1,1416
11583,3,1,748
11583,48,1,553
11584,31,2,647
11584,42,3,934
11584,48,1,553
11585,35,2,815
11586,28,2,1057
11587,27,2,1283
11588,28,1,1057
11588,26,3,1135
11589,36,3,847
11589,40,1,1066
11590,15,1,439
11590,41,1,910
11591,21,3,736
11592,12,1,1432
11593,43,2,1149
11593,12,2,1432
11594,27,1,1283
11595,10,1,913
11596,40,1,1066
11597,41,2,910
11597,6,3,1306
11598,12,2,1432
11598,29,1,1062
11599,16,1,1416
11599,10,3,913
11600,32,2,611
11600,6,1,1306
11601,10,2,913
11601,28,1,1057
11602,48,3,553
11603,22,1,892
11604,2,1,576
11604,39,3,1068
11605,37,2,1229
11605,29,2,1062
11605,45,1,561
11606,15,1,439
11606,30,2,549
11606,33,3,943
11607,28,2,1057
11607,12,2,1432
11607,16,1,1416
11608,36,2,847
11608,48,2,553
11609,41,3,910
11609,12,2,1432
11609,28,1,1057
11610,34,1,1107
11610,21,1,736
11611,50,3,998
11612,17,3,902
11612,46,3,625
11612,18,2,649
11613,31,1,647
11613,20,3,753
11614,44,2,1303
11615,14,3,1157
11615,11,1,1047
11615,34,3,1107
11616,7,2,332
11617,19,2,718
11617,9,1,1025
11617,34,3,1107
11618,7,2,332
11618,36,3,847
11618,24,3,946
11619,49,3,1172
11620,47,2,954
11620,8,1,588
11620,27,1,1283
11621,40,1,1066
11622,8,3,588
11622,6,2,1306
11623,26,2,1135
11623,16,3,1416
11623,12,3,1432
11624,8,3,588
11625,16,2,1416
11625,9,2,1025
11625,50,3,998
11626,29,2,1062
11626,38,3,1061
11626,12,2,1432
11627,25,3,737
11627,47,2,954
11627,46,1,625
11628,48,1,553
11628,37,3,1229
11628,2,3,576
11629,33,1,943
11629,10,2,913
11630,48,1,553
11630,28,2,1057
11630,33,1,943
11631,23,2,784
11631,13,3,954
11632,16,1,1416
11632,10,3,913
11633,40,1,1066
11633,31,3,647
11633,49,3,1172
11634,25,3,737
11634,35,2,815
11635,21,3,736
11635,31,3,647
11636,25,1,737
11636,15,3,439
11636,18,1,649
11637,32,1,611
11638,34,1,1107
11638,23,2,784
11638,11,1,1047
11639,47,2,954
11639,26,3,1135
11640,41,2,910
11640,36,3,847
11640,18,2,649
11641,42,1,934
11642,24,2,946
11642,40,1,1066
11643,7,1,332
11643,30,2,549
11644,32,1,611
11645,24,1,946
11645,8,3,588
11646,41,3,910
11646,13,3,954
11647,21,1,736
11648,26,1,1135
11648,31,2,647
11648,48,3,553
11649,42,2,934
11650,18,3,649
11650,37,3,1229
11650,18,1,649
11651,38,3,1061
11651,38,2,1061
11652,38,3,1061
11652,17,3,902
11653,26,2,1135
11653,36,1,847
11654,17,1,902
11654,14,3,1157
11654,41,1,910
11655,28,3,1057
11655,38,2,1061
11655,35,1,815
11656,46,1,625
11656,46,3,625
11656,5,2,1051
11657,39,3,1068
11657,6,3,1306
11657,32,3,611
11658,4,1,516
11659,19,3,718
11659,24,2,946
11659,10,1,913
11660,18,3,649
11660,44,2,1303
11661,26,1,1135
11662,36,2,847
11662,29,1,1062
11663,22,2,892
11663,44,1,1303
11663,6,1,1306
11664,16,2,1416
11664,45,1,561
11665,15,2,439
11666,47,2,954
11666,13,1,954
11667,32,1,611
11667,5,1,1051
11668,11,3,1047
11668,40,2,1066
11669,46,1,625
11670,26,3,1135
11671,31,2,647
11671,50,3,998
11671,5,1,1051
11672,24,2,946
11673,36,2,847
11673,3,1,748
11674,12,1,1432
11674,50,2,998
11674,49,2,1172
11675,34,2,1107
11676,18,3,649
11676,28,1,1057
11676,30,1,549
11677,30,1,549
11678,39,1,1068
11678,33,1,943
11679,45,1,561
11679,36,3,847
11679,48,1,553
11680,46,2,625
11680,37,3,1229
11681,30,3,549
11681,40,2,1066
11681,47,1,954
11682,32,2,611
11682,50,2,998
11682,37,1,1229
11683,12,1,1432
11684,30,3,549
11684,1,3,1038
11684,25,3,737
11685,47,3,954
11685,44,3,1303
11686,6,1,1306
11687,33,2,943
11687,38,1,1061
11688,2,3,576
11688,2,1,576
11689,11,1,1047
11690,44,1,1303
11690,47,3,954
11691,18,1,649
11692,3,1,748
11693,24,3,946
11694,19,1,718
11694,43,3,1149
11694,38,1,1061
11695,8,1,588
11696,23,3,784
11696,37,1,1229
11697,42,3,934
11697,44,1,1303
11697,4,2,516
11698,37,3,1229
11699,41,1,910
11699,5,1,1051
11700,12,2,1432
11700,2,1,576
11700,22,3,892
11701,33,2,943
11702,18,1,649
11702,24,3,946
11703,47,2,954
11703,26,3,1135
11704,37,3,1229
11704,38,2,1061
11704,14,3,1157
11705,9,2,1025
11705,38,2,1061
11706,14,2,1157
11706,6,3,1306
11706,32,1,611
11707,41,1,910
11707,19,3,718
11708,22,2,892
11708,3,3,748
11709,1,3,1038
11709,40,1,1066
11710,18,1,649
11710,5,2,1051
11711,50,2,998
11711,21,2,736
11711,10,3,913
11712,7,1,332
11712,50,2,998
11712,33,2,943
11713,22,1,892
11713,21,3,736
11714,32,1,611
11715,21,1,736
11716,4,1,516
11717,1,1,1038
11717,17,2,902
11717,19,2,718
11718,1,2,1038
11719,13,1,954
11719,36,1,847
11720,11,3,1047
11721,29,2,1062
11721,44,2,1303
11721,17,1,902
11722,17,1,902
11722,4,3,516
11722,50,3,998
11723,20,2,753
11723,26,2,1135
11723,5,2,1051
11724,44,2,1303
11725,13,1,954
11725,24,2,946
11725,22,1,892
11726,3,2,748
11726,5,3,1051
11726,24,3,946
11727,30,3,549
11728,14,2,1157
11728,27,3,1283
11729,21,2,736
11729,2,1,576
11729,14,2,1157
11730,36,2,847
11730,6,3,1306
11730,42,1,934
11731,19,2,718
11731,15,3,439
11732,4,1,516
11732,4,3,516
11732,7,3,332
11733,37,2,1229
11734,40,3,1066
11734,3,3,748
11735,8,1,588
11735,44,1,1303
11736,26,2,1135
11737,34,3,1107
11737,21,2,736
11737,3,2,748
11738,17,3,902
11739,27,3,1283
11740,29,2,1062
11740,49,1,1172
11741,5,1,1051
11741,44,2,1303
11742,40,1,1066
11742,3,3,748
11743,25,3,737
11743,30,1,549
11743,15,1,439
11744,1,2,1038
11744,21,3,736
11744,5,2,1051
11745,39,2,1068
11745,37,1,1229
11746,49,2,1172
11746,40,3,1066
11747,48,1,553
11748,31,2,647
11749,29,2,1062
11749,21,1,736
11750,42,1,934
11750,18,2,649
11751,43,3,1149
11751,7,3,332
11751,15,2,439
11752,42,3,934
11752,50,3,998
11753,17,1,902
11753,37,3,1229
11753,2,1,576
11754,11,1,1047
11755,21,1,736
11755,29,3,1062
11755,20,2,753
11756,30,3,549
11756,1,3,1038
11757,35,3,815
11758,36,2,847
11758,33,3,943
11758,29,1,1062
11759,47,2,954
11760,13,3,954
11761,26,1,1135
11761,4,1,516
11761,1,2,1038
11762,28,3,1057
11762,7,2,332
11762,46,1,625
11763,19,3,718
11763,34,3,1107
11764,21,1,736
11764,47,3,954
11764,30,3,549
11765,48,2,553
11765,37,2,1229
11765,27,3,1283
11766,3,1,748
11766,8,3,588
11766,3,3,748
11767,12,3,1432
11767,28,1,1057
11767,38,1,1061
11768,47,2,954
11768,46,1,625
11768,2,1,576
11769,34,2,1107
11769,13,3,954
11769,29,1,1062
11770,50,1,998
11771,5,1,1051
11771,35,2,815
11771,18,3,649
11772,50,3,998
11773,1,1,1038
11773,14,3,1157
11774,28,2,1057
11774,31,2,647
11775,12,2,1432
11775,44,2,1303
11776,38,3,1061
11776,10,3,913
11777,36,2,847
11777,46,3,625
11777,2,1,576
11778,12,3,1432
11779,36,1,847
11779,41,3,910
11780,43,2,1149
11780,17,3,902
11780,12,3,1432
11781,13,2,954
11782,32,1,611
11782,18,1,649
11782,29,1,1062
11783,17,3,902
11783,13,3,954
11784,45,1,561
11785,9,1,1025
11785,37,2,1229
11785,17,1,902
11786,31,2,647
11786,47,1,954
11786,33,2,943
11787,44,3,1303
11788,18,2,649
11789,5,1,1051
11789,30,3,549
11789,29,1,1062
11790,13,2,954
11790,39,2,1068
11791,20,1,753
11791,1,2,1038
11792,46,3,625
11793,29,1,1062
11793,33,1,943
11794,38,2,1061
11795,26,1,1135
11795,6,2,1306
11796,19,2,718
11797,1,3,1038
11798,47,2,954
11798,35,1,815
11798,23,3,784
11799,8,2,588
11799,48,2,553
11799,44,1,1303
11800,28,3,1057
11801,1,1,1038
11801,47,3,954
11801,11,1,1047
11802,40,2,1066
11802,26,2,1135
11803,30,1,549
11803,29,3,1062
11804,31,2,647
11804,25,1,737
11804,41,3,910
11805,46,1,625
11805,3,1,748
11805,28,3,1057
11806,47,2,954
11807,45,2,561
11807,22,2,892
11808,50,3,998
11808,36,1,847
11808,23,1,784
11809,11,1,1047
11810,12,1,1432
11810,35,3,815
11811,24,3,946
11812,22,2,892
11813,37,2,1229
11813,40,3,1066
11813,16,2,1416
11814,24,1,946
11814,27,2,1283
11815,27,1,1283
11815,8,1,588
11815,17,1,902
11816,44,1,1303
11816,50,2,998
11817,45,3,561
11818,47,2,954
11818,3,3,748
11818,43,1,1149
11819,36,3,847
11819,10,3,913
11820,4,1,516
11820,14,2,1157
11820,37,1,1229
11821,1,1,1038
11821,43,2,1149
11822,22,3,892
11822,49,2,1172
11823,34,3,1107
11823,33,1,943
11824,8,3,588
11825,13,1,954
11825,7,1,332
11826,2,3,576
11826,23,1,784
11827,50,3,998
11828,48,3,553
11829,31,1,647
11829,2,2,576
11830,33,1,943
11831,45,1,561
11831,14,2,1157
11831,13,2,954
11832,1,1,1038
11833,45,2,561
11834,28,1,1057
11834,8,3,588
11834,11,3,1047
11835,3,1,748
11836,33,3,943
11836,33,2,943
11837,4,1,516
11837,10,1,913
11838,43,1,1149
11839,45,1,561
11839,46,1,625
11840,39,3,1068
11840,26,1,1135
11840,4,2,516
11841,36,1,847
11841,36,3,847
11841,32,1,611
11842,15,3,439
11843,23,1,784
11843,10,3,913
11844,4,2,516
11845,46,2,625
11846,18,2,649
11847,16,2,1416
11847,33,1,943
11847,48,1,553
11848,17,1,902
11848,36,1,847
11848,17,1,902
11849,27,2,1283
11850,23,3,784
11851,18,1,649
11851,34,1,1107
11851,16,2,1416
11852,43,1,1149
11852,3,1,748
11853,50,2,998
11854,26,2,1135
11854,33,1,943
11855,34,1,1107
11856,39,1,1068
11857,45,3,561
11857,20,3,753
11857,6,1,1306
11858,46,1,625
11858,12,1,1432
11859,1,3,1038
11859,32,3,611
11859,26,1,1135
11860,44,3,1303
11860,6,1,1306
11860,26,2,1135
11861,22,1,892
11861,34,2,1107
11861,8,3,588
11862,14,3,1157
11863,48,1,553
11863,6,1,1306
11864,12,2,1432
11865,35,3,815
11865,20,1,753
11866,41,3,910
11866,5,1,1051
11867,32,1,611
11867,15,2,439
11867,32,2,611
11868,32,1,611
11868,29,1,1062
11869,40,2,1066
11869,48,1,553
11870,26,2,1135
11871,12,1,1432
11872,40,2,1066
11872,3,1,748
11873,3,2,748
11874,38,2,1061
11874,13,3,954
11874,45,2,561
11875,32,2,611
11876,43,2,1149
11876,32,2,611
11877,41,3,910
11877,8,1,588
11878,40,1,1066
11879,1,2,1038
11880,21,3,736
11880,3,3,748
11881,19,3,718
11881,33,1,943
11881,4,3,516
11882,2,3,576
11883,41,3,910
11883,27,3,1283
11884,31,1,647
11884,7,3,332
11884,28,1,1057
11885,15,1,439
11886,35,2,815
11887,45,2,561
11888,34,1,1107
11889,24,3,946
11889,2,1,576
11889,17,1,902
11890,50,2,998
11890,37,2,1229
11891,34,3,1107
11891,43,1,1149
11892,48,3,553
11893,5,2,1051
11893,7,3,332
11894,43,2,1149
11895,9,1,1025
11895,9,3,1025
11895,46,3,625
11896,4,3,516
11896,49,2,1172
11897,18,1,649
11898,36,1,847
11899,31,2,647
11899,16,1,1416
11899,29,2,1062
11900,45,3,561
11901,46,3,625
11901,19,1,718
11902,46,2,625
11902,27,2,1283
11903,36,2,847
11904,33,1,943
11904,38,1,1061
11905,32,3,611
11906,40,3,1066
11906,18,2,649
11907,19,1,718
11908,9,2,1025
11908,11,1,1047
11908,31,2,647
11909,36,2,847
11910,25,1,737
11910,2,2,576
11911,32,1,611
11912,5,1,1051
11912,40,1,1066
11912,8,3,588
11913,16,2,1416
11913,13,1,954
11914,44,1,1303
11914,28,1,1057
11915,35,3,815
11915,27,3,1283
11916,14,1,1157
11916,23,2,784
11916,49,2,1172
11917,25,1,737
11917,33,3,943
11918,45,2,561
11919,13,1,954
11920,32,1,611
11920,45,3,561
11921,26,3,1135
11921,44,3,1303
11921,17,2,902
11922,21,2,736
11922,5,3,1051
11922,16,2,1416
11923,25,1,737
11923,39,3,1068
11923,37,2,1229
11924,3,3,748
11924,45,3,561
11924,4,2,516
11925,41,1,910
11926,2,1,576
11926,11,1,1047
11927,10,1,913
11927,22,3,892
11927,22,1,892
11928,17,1,902
11928,39,1,1068
11928,2,3,576
11929,49,2,1172
11929,11,1,1047
11929,49,1,1172
11930,50,3,998
11930,27,1,1283
11930,24,2,946
11931,46,1,625
11932,21,2,736
11933,5,2,1051
11933,13,1,954
11934,9,2,1025
11934,50,2,998
11934,33,1,943
11935,11,3,1047
11935,47,1,954
11935,31,2,647
11936,13,2,954
11936,26,2,1135
11936,3,3,748
11937,5,2,1051
11937,2,2,576
11938,49,2,1172
11938,7,1,332
11938,6,3,1306
11939,15,3,439
11940,4,3,516
11940,4,1,516
11941,32,2,611
11941,26,2,1135
11941,34,2,1107
11942,48,2,553
11942,11,1,1047
11943,11,2,1047
11943,35,2,815
11943,11,1,1047
11944,19,1,718
11944,19,2,718
11944,42,1,934
11945,7,2,332
11945,44,2,1303
11945,27,3,1283
11946,16,2,1416
11946,21,2,736
11947,41,1,910
11947,30,1,549
11948,16,1,1416
11948,49,2,1172
11948,35,3,815
11949,32,2,611
11949,32,2,611
11949,37,2,1229
11950,28,2,1057
11950,16,3,1416
11951,5,2,1051
11951,2,3,576
11951,1,2,1038
11952,36,2,847
11953,21,1,736
11953,9,2,1025
11954,47,3,954
11954,19,2,718
11954,35,1,815
11955,4,2,516
11955,34,1,1107
11956,12,1,1432
11956,38,3,1061
11956,21,2,736
11957,35,2,815
11957,27,3,1283
11957,48,2,553
11958,11,2,1047
11958,7,1,332
11958,18,2,649
11959,16,3,1416
11959,25,3,737
11960,9,2,1025
11960,19,3,718
11960,9,2,1025
11961,9,1,1025
11961,11,2,1047
11962,37,1,1229
11962,34,3,1107
11963,20,1,753
11963,3,3,748
11964,13,2,954
11965,36,2,847
11965,43,1,1149
11965,22,1,892
11966,36,1,847
11967,20,3,753
11967,8,1,588
11968,27,3,1283
11968,46,1,625
11969,43,1,1149
11969,33,3,943
11969,25,2,737
11970,23,2,784
11971,31,2,647
11971,37,3,1229
11972,28,2,1057
11973,46,3,625
11974,7,3,332
11975,22,2,892
11975,22,1,892
11976,49,2,1172
11976,28,2,1057
11977,50,1,998
11977,19,1,718
11978,6,2,1306
11979,14,2,1157
11979,2,1,576
11980,7,3,332
11981,37,1,1229
11982,13,3,954
11982,35,2,815
11983,4,3,516
11984,35,2,815
11984,22,1,892
11984,28,2,1057
11985,23,3,784
11985,11,3,1047
11985,32,1,611
11986,42,1,934
11986,6,3,1306
11986,1,1,1038
11987,46,2,625
11988,14,2,1157
11988,7,2,332
11988,44,1,1303
11989,19,1,718
11990,29,2,1062
11990,27,1,1283
11991,49,1,1172
11991,31,2,647
11992,22,3,892
11992,26,1,1135
11993,26,2,1135
11993,25,3,737
11993,37,2,1229
11994,2,2,576
11994,49,1,1172
11994,47,1,954
11995,33,1,943
11995,49,2,1172
11996,16,1,1416
11996,4,2,516
11997,33,3,943
11998,36,1,847
11999,38,2,1061
12000,15,1,439
12001,12,3,1432
12001,23,3,784
12002,44,1,1303
12002,31,2,647
12003,17,2,902
12004,50,2,998
12004,29,2,1062
12005,50,2,998
12005,49,2,1172
12006,41,2,910
12007,12,2,1432
12007,50,1,998
12007,9,3,1025
12008,1,3,1038
12008,37,2,1229
12009,44,2,1303
12009,20,1,753
12010,6,1,1306
12011,3,1,748
12012,29,1,1062
12012,14,2,1157
12013,9,1,1025
12013,44,2,1303
12013,2,1,576
12014,40,1,1066
12014,26,3,1135
12015,24,1,946
12015,22,1,892
12015,17,1,902
12016,36,1,847
12016,24,3,946
12017,8,1,588
12017,47,3,954
12018,22,1,892
12019,42,2,934
12019,7,1,332
12020,11,3,1047
12021,21,2,736
12022,48,3,553
12023,25,2,737
12024,38,1,1061
12024,6,1,1306
12024,22,2,892
12025,30,2,549
12025,43,3,1149
12025,14,1,1157
12026,1,3,1038
12026,11,2,1047
12026,16,1,1416
12027,28,3,1057
12027,20,1,753
12027,16,1,1416
12028,34,1,1107
12029,38,3,1061
12030,30,2,549
12031,28,3,1057
12032,9,2,1025
12032,41,2,910
12032,4,3,516
12033,46,3,625
12033,21,1,736
12034,46,2,625
12034,33,3,943
12035,20,1,753
12036,2,1,576
12036,33,1,943
12037,43,3,1149
12037,46,1,625
12037,48,2,553
12038,8,1,588
12038,49,1,1172
12038,41,3,910
12039,29,1,1062
12040,14,1,1157
12040,12,2,1432
12041,40,3,1066
12042,23,3,784
12042,47,1,954
12043,42,3,934
12043,25,3,737
12043,13,3,954
12044,7,3,332
12045,4,3,516
12045,5,2,1051
12045,37,1,1229
12046,23,3,784
12047,21,2,736
12047,1,3,1038
12047,4,3,516
12048,16,3,1416
12048,33,3,943
12048,4,1,516
12049,33,3,943
12050,11,2,1047
12050,5,2,1051
12050,3,2,748
12051,32,1,611
12052,20,3,753
12052,20,1,753
12053,23,1,784
12054,12,1,1432
12054,46,1,625
12054,33,2,943
12055,40,3,1066
12055,28,3,1057
12056,27,1,1283
12056,16,1,1416
12057,50,3,998
12058,34,2,1107
12059,47,2,954
12059,37,3,1229
12060,14,1,1157
12061,50,2,998
12061,1,3,1038
12062,38,1,1061
12063,32,2,611
12064,27,3,1283
12065,29,1,1062
12065,16,1,1416
12066,2,3,576
12067,13,3,954
12067,21,3,736
12068,29,1,1062
12068,31,1,647
12069,6,3,1306
12070,2,2,576
12070,31,1,647
12071,28,1,1057
12071,20,2,753
12071,36,1,847
12072,20,2,753
12072,17,3,902
12073,44,3,1303
12073,13,3,954
12074,21,1,736
12075,33,2,943
12075,46,2,625
12076,24,1,946
12076,13,2,954
12076,21,1,736
12077,38,1,1061
12077,36,3,847
12078,29,1,1062
12078,3,1,748
12079,25,1,737
12079,46,3,625
12080,20,1,753
12080,48,1,553
12080,7,1,332
12081,50,2,998
12082,38,1,1061
12082,5,2,1051
12082,22,1,892
12083,7,2,332
12083,49,3,1172
12083,31,1,647
12084,29,1,1062
12084,11,1,1047
12084,22,2,892
12085,27,3,1283
12085,37,3,1229
12086,20,1,753
12086,8,1,588
12087,3,2,748
12087,7,2,332
12087,25,1,737
12088,24,3,946
12089,25,1,737
12089,15,2,439
12089,40,2,1066
12090,27,2,1283
12091,10,3,913
12092,36,3,847
12093,36,3,847
12093,1,1,1038
12093,6,1,1306
12094,20,1,753
12095,9,1,1025
12095,32,2,611
12096,44,3,1303
12096,28,1,1057
12097,11,3,1047
12097,48,2,553
12098,33,1,943
12099,15,2,439
12100,45,3,561
12100,13,1,954
12101,1,1,1038
12102,8,3,588
12102,11,2,1047
12103,11,1,1047
12103,27,2,1283
12103,34,2,1107
12104,12,3,1432
12105,20,3,753
12105,50,3,998
12106,29,3,1062
12106,33,3,943
12107,50,2,998
12107,19,3,718
12108,35,3,815
12108,31,2,647
12109,27,1,1283
12109,12,1,1432
12110,21,2,736
12110,23,1,784
12111,14,1,1157
12111,23,2,784
12111,43,2,1149
12112,42,2,934
12113,46,3,625
12113,16,2,1416
12113,42,1,934
12114,26,3,1135
12115,23,3,784
12115,11,2,1047
12116,32,2,611
12116,28,1,1057
12117,8,1,588
12117,10,3,913
12117,11,3,1047
12118,30,1,549
12118,25,2,737
12118,35,3,815
12119,31,1,647
12119,4,1,516
12119,27,3,1283
12120,18,2,649
12120,2,2,576
12121,36,1,847
12121,10,2,913
12122,13,3,954
12123,32,3,611
12123,25,3,737
12124,44,3,1303
12125,47,3,954
12126,45,2,561
12126,50,1,998
12127,16,1,1416
12128,7,2,332
12128,41,3,910
12129,43,2,1149
12129,7,2,332
12129,41,2,910
12130,4,3,516
12130,16,3,1416
12131,8,3,588
12131,43,1,1149
12132,8,1,588
12132,6,2,1306
12132,35,2,815
12133,37,2,1229
12133,4,3,516
12133,22,3,892
12134,18,1,649
12134,3,2,748
12134,30,1,549
12135,30,3,549
12136,34,3,1107
12136,9,2,1025
12137,6,2,1306
12137,32,1,611
12137,39,3,1068
12138,17,1,902
12139,26,1,1135
12139,12,2,1432
12140,50,1,998
12140,40,1,1066
12140,36,3,847
12141,4,2,516
12141,20,3,753
12141,39,1,1068
12142,9,2,1025
12142,1,2,1038
12142,42,2,934
12143,1,1,1038
12143,6,2,1306
12144,35,2,815
12145,20,1,753
12145,13,3,954
12145,44,2,1303
12146,21,1,736
12147,37,1,1229
12147,35,2,815
12147,14,2,1157
12148,36,2,847
12148,19,3,718
12148,48,1,553
12149,49,3,1172
12149,27,3,1283
12149,39,3,1068
12150,1,1,1038
12150,32,1,611
12150,29,2,1062
12151,48,3,553
12151,42,2,934
12152,9,2,1025
12152,38,1,1061
12153,28,2,1057
12153,38,1,1061
12153,13,3,954
12154,23,2,784
12155,2,3,576
12155,37,1,1229
12156,3,1,748
12156,47,2,954
12156,16,1,1416
12157,9,3,1025
12157,19,2,718
12158,47,1,954
12158,1,1,1038
12158,25,3,737
12159,9,3,1025
12159,11,1,1047
12160,9,2,1025
12161,24,2,946
12161,24,1,946
12162,43,3,1149
12162,49,1,1172
12162,30,3,549
12163,47,3,954
12163,16,1,1416
12164,21,2,736
12164,20,2,753
12165,46,3,625
12165,49,3,1172
12166,37,2,1229
12166,3,1,748
12166,4,2,516
12167,16,2,1416
12167,8,1,588
12167,39,3,1068
12168,32,1,611
12168,7,3,332
12169,14,1,1157
12169,13,2,954
12170,16,1,1416
12170,44,2,1303
12170,50,1,998
12171,36,2,847
12171,14,3,1157
12171,46,1,625
12172,25,3,737
12172,36,2,847
12172,10,2,913
12173,47,2,954
12173,34,3,1107
12174,45,3,561
12174,49,2,1172
12175,29,1,1062
12175,12,1,1432
12175,12,1,1432
12176,26,2,1135
12177,7,3,332
12177,14,2,1157
12178,17,2,902
12179,50,2,998
12179,24,3,946
12179,44,3,1303
12180,16,3,1416
12180,30,2,549
12181,43,2,1149
12181,42,1,934
12181,42,3,934
12182,18,3,649
12183,26,2,1135
12183,19,1,718
12183,44,2,1303
12184,22,1,892
12184,38,3,1061
12185,16,3,1416
12185,41,2,910
12185,4,1,516
12186,45,2,561
12187,48,2,553
12187,3,2,748
12188,41,3,910
12189,33,1,943
12190,12,2,1432
12190,41,3,910
12190,16,1,1416
12191,36,1,847
12191,32,3,611
12191,35,2,815
12192,40,1,1066
12193,5,2,1051
12194,3,3,748
12194,3,3,748
12194,31,1,647
12195,6,3,1306
12195,15,3,439
12196,22,3,892
12196,28,3,1057
12196,34,1,1107
12197,35,2,815
12197,18,2,649
12198,39,2,1068
12198,27,3,1283
12198,45,1,561
12199,25,1,737
12199,19,1,718
12200,21,3,736
12200,19,2,718
12200,33,3,943
12201,22,1,892
12202,4,1,516
12202,38,1,1061
12203,1,1,1038
12203,4,2,516
12204,11,3,1047
12204,20,3,753
12205,35,3,815
12205,48,1,553
12206,22,2,892
12207,38,3,1061
12208,45,2,561
12208,25,2,737
12208,7,2,332
12209,19,1,718
12209,8,1,588
12209,28,3,1057
12210,27,2,1283
12210,8,2,588
12210,26,2,1135
12211,39,3,1068
12211,18,2,649
12212,2,1,576
12213,19,3,718
12214,30,1,549
12215,41,3,910
12216,30,2,549
12217,18,2,649
12217,2,2,576
12218,13,1,954
12219,10,1,913
12219,1,1,1038
12220,42,3,934
12221,25,1,737
12221,15,2,439
12222,20,3,753
12222,32,3,611
12222,37,3,1229
12223,11,2,1047
12223,30,2,549
12224,44,1,1303
12224,15,3,439
12224,1,1,1038
12225,7,2,332
12225,21,3,736
12225,10,1,913
12226,49,2,1172
12227,18,1,649
12228,48,2,553
12228,3,3,748
12228,24,3,946
12229,3,1,748
12230,10,1,913
12230,44,3,1303
12230,26,3,1135
12231,32,1,611
12232,27,1,1283
12233,28,2,1057
12233,25,3,737
12233,29,3,1062
12234,31,3,647
12235,17,2,902
12236,15,2,439
12237,26,3,1135
12238,44,2,1303
12238,31,1,647
12238,27,3,1283
12239,29,1,1062
12239,22,1,892
12239,47,3,954
12240,4,3,516
12241,36,1,847
12241,19,2,718
12241,33,2,943
12242,12,3,1432
12242,2,3,576
12242,2,1,576
12243,38,2,1061
12243,47,1,954
12244,32,1,611
12244,27,3,1283
12244,48,1,553
12245,11,1,1047
12245,28,1,1057
12245,6,3,1306
12246,9,3,1025
12246,37,3,1229
12246,44,3,1303
12247,50,1,998
12247,5,3,1051
12247,19,3,718
12248,11,3,1047
12248,1,2,1038
12249,27,2,1283
12249,47,3,954
12250,35,1,815
12250,29,1,1062
12251,22,2,892
12251,8,3,588
12252,47,3,954
12252,13,1,954
12252,23,1,784
12253,3,3,748
12253,13,1,954
12253,25,2,737
12254,18,1,649
12254,3,2,748
12255,11,1,1047
12256,17,2,902
12256,6,3,1306
12257,23,1,784
12257,37,2,1229
12258,20,1,753
12258,18,2,649
12258,7,2,332
12259,15,1,439
12259,10,1,913
12259,29,3,1062
12260,50,1,998
12261,40,2,1066
12262,49,3,1172
12262,3,3,748
12263,11,3,1047
12263,27,2,1283
12264,40,3,1066
12265,31,3,647
12265,33,3,943
12266,20,3,753
12266,46,2,625
12266,14,3,1157
12267,29,2,1062
12267,23,3,784
12267,1,2,1038
12268,41,2,910
12268,2,1,576
12269,50,2,998
12269,37,2,1229
12269,17,1,902
12270,12,3,1432
12270,13,2,954
12270,21,3,736
12271,47,1,954
12271,31,1,647
12271,16,2,1416
12272,34,1,1107
12272,36,2,847
12272,50,2,998
12273,24,3,946
12273,3,3,748
12273,34,2,1107
12274,14,1,1157
12275,50,1,998
12276,32,1,611
12276,20,2,753
12277,40,3,1066
12278,31,2,647
12278,6,1,1306
12278,47,3,954
12279,31,3,647
12279,4,1,516
12280,33,1,943
12281,23,1,784
12282,2,2,576
12282,48,2,553
12282,41,3,910
12283,12,1,1432
12283,4,3,516
12283,13,1,954
12284,34,1,1107
12284,33,3,943
12285,17,1,902
12285,38,3,1061
12286,5,3,1051
12287,2,1,576
12287,38,1,1061
12288,38,1,1061
12288,20,1,753
12289,4,2,516
12289,20,2,753
12289,14,1,1157
12290,41,2,910
12290,10,2,913
12291,16,3,1416
12292,43,2,1149
12292,5,1,1051
12293,45,3,561
12293,48,3,553
12294,33,3,943
12294,28,3,1057
12294,21,3,736
12295,35,2,815
12295,37,1,1229
12296,36,3,847
12296,32,3,611
12296,4,1,516
12297,37,3,1229
12297,48,3,553
12298,26,2,1135
12299,37,3,1229
12299,39,1,1068
12300,49,1,1172
12301,23,3,784
12302,35,3,815
12303,48,1,553
12303,50,2,998
12304,18,1,649
12304,2,1,576
12305,11,1,1047
12305,49,1,1172
12305,2,3,576
12306,7,1,332
12307,28,2,1057
12307,19,1,718
12307,50,3,998
12308,21,3,736
12308,47,1,954
12308,31,3,647
12309,18,1,649
12309,43,1,1149
12310,41,3,910
12310,12,2,1432
12311,39,2,1068
12311,21,2,736
12312,6,3,1306
12313,35,3,815
12314,48,1,553
12315,22,2,892
12315,5,2,1051
12315,3,1,748
12316,34,1,1107
12317,50,3,998
12317,2,3,576
12317,50,2,998
12318,33,3,943
12318,50,2,998
12318,37,2,1229
12319,32,1,611
12319,15,2,439
12320,22,3,892
12321,10,1,913
12321,19,1,718
12321,1,1,1038
12322,29,1,1062
12323,23,3,784
12323,5,2,1051
12324,41,3,910
12324,49,1,1172
12325,1,1,1038
12325,35,3,815
12325,28,3,1057
12326,50,3,998
12326,35,1,815
12327,19,3,718
12327,32,3,611
12327,43,3,1149
12328,36,2,847
12328,41,2,910
12328,40,1,1066
12329,42,1,934
12329,1,2,1038
12329,6,2,1306
12330,25,3,737
12331,11,3,1047
12331,10,1,913
12331,7,1,332
12332,9,2,1025
12332,37,1,1229
12332,1,1,1038
12333,46,2,625
12333,10,1,913
12334,6,1,1306
12334,10,2,913
12334,27,2,1283
12335,47,2,954
12336,31,2,647
12337,17,3,902
12337,11,2,1047
12338,39,1,1068
12338,22,3,892
12338,46,3,625
12339,13,3,954
12339,34,3,1107
12340,40,2,1066
12340,1,1,1038
12341,6,1,1306
12341,12,1,1432
12341,6,1,1306
12342,24,3,946
12343,12,3,1432
12343,17,3,902
12344,13,2,954
12344,48,2,553
12345,38,1,1061
12345,33,2,943
12345,33,1,943
12346,43,2,1149
12346,12,2,1432
12346,21,1,736
12347,46,1,625
12347,48,1,553
12347,34,2,1107
12348,41,3,910
12348,46,3,625
12348,44,3,1303
12349,16,3,1416
12350,7,3,332
12351,40,1,1066
12352,6,1,1306
12352,37,2,1229
12352,7,1,332
12353,13,2,954
12353,44,2,1303
12354,33,3,943
12355,15,2,439
12356,37,2,1229
12356,36,1,847
12357,38,2,1061
12358,4,1,516
12359,14,1,1157
12359,27,1,1283
12360,2,1,576
12361,47,2,954
12361,34,3,1107
12361,34,3,1107
12362,29,1,1062
12362,14,1,1157
12362,30,1,549
12363,2,1,576
12363,42,3,934
12364,3,1,748
12364,36,2,847
12364,24,2,946
12365,21,3,736
12365,20,2,753
12365,44,1,1303
12366,39,3,1068
12366,12,1,1432
12367,31,3,647
12367,32,2,611
12368,15,1,439
12368,19,1,718
12369,2,1,576
12369,42,3,934
12370,6,2,1306
12370,27,1,1283
12371,29,1,1062
12372,31,2,647
12373,20,2,753
12374,45,3,561
12374,36,2,847
12375,34,2,1107
12375,45,3,561
12376,28,3,1057
12377,5,2,1051
12377,15,3,439
12377,15,2,439
12378,3,1,748
12378,5,3,1051
12378,21,1,736
12379,5,3,1051
12379,47,2,954
12379,49,3,1172
12380,25,3,737
12380,28,3,1057
12380,37,3,1229
12381,30,2,549
12381,37,2,1229
12381,46,2,625
12382,18,3,649
12383,46,3,625
12383,23,3,784
12384,33,1,943
12384,18,2,649
12385,36,2,847
12385,24,2,946
12385,26,1,1135
12386,1,3,1038
12386,49,3,1172
12386,33,3,943
12387,47,1,954
12388,50,3,998
12389,39,1,1068
12390,41,2,910
12391,19,2,718
12391,11,3,1047
12392,1,3,1038
12393,36,3,847
12394,25,3,737
12394,18,3,649
12395,35,3,815
12396,17,1,902
12396,22,1,892
12397,12,3,1432
12397,50,1,998
12398,23,3,784
12399,8,3,588
12399,18,1,649
12399,4,3,516
12400,20,1,753
12401,8,1,588
12401,9,3,1025
12402,6,2,1306
12402,44,1,1303
12403,43,1,1149
12403,22,1,892
12403,30,1,549
12404,12,3,1432
12404,25,1,737
12405,41,1,910
12405,50,2,998
12405,16,1,1416
12406,37,2,1229
12407,43,1,1149
12407,7,2,332
12408,14,3,1157
12409,35,2,815
12409,9,3,1025
12409,16,2,1416
12410,30,3,549
12411,8,2,588
12412,17,1,902
12412,8,3,588
12413,11,2,1047
12414,5,2,1051
12414,18,3,649
12415,25,3,737
12416,26,2,1135
12416,4,2,516
12416,17,1,902
12417,21,1,736
12417,4,3,516
12418,32,1,611
12418,35,3,815
12418,13,1,954
12419,46,2,625
12420,12,3,1432
12420,16,1,1416
12421,26,3,1135
12421,36,1,847
12422,46,1,625
12422,4,1,516
12422,17,2,902
12423,29,3,1062
12423,23,3,784
12423,10,1,913
12424,49,3,1172
12425,7,2,332
12425,16,3,1416
12425,33,1,943
12426,10,3,913
12426,43,3,1149
12427,31,3,647
12428,34,1,1107
12428,31,1,647
12429,29,3,1062
12429,34,3,1107
12430,40,1,1066
12431,16,1,1416
12431,2,1,576
12431,38,1,1061
12432,26,3,1135
12432,3,2,748
12432,36,2,847
12433,11,3,1047
12433,44,1,1303
12433,15,3,439
12434,15,1,439
12434,9,1,1025
12434,46,3,625
12435,38,3,1061
12436,23,2,784
12436,28,1,1057
12437,7,2,332
12437,7,2,332
12438,15,3,439
12438,30,1,549
12438,35,1,815
12439,29,3,1062
12439,5,1,1051
12439,49,2,1172
12440,34,1,1107
12440,24,1,946
12441,15,2,439
12441,21,2,736
12441,22,1,892
12442,4,1,516
12442,8,2,588
12442,4,1,516
12443,21,2,736
12444,3,2,748
12445,18,1,649
12445,10,1,913
12445,18,1,649
12446,34,1,1107
12447,40,3,1066
12448,9,2,1025
12449,33,1,943
12449,26,1,1135
12450,43,1,1149
12450,27,1,1283
12450,47,3,954
12451,48,2,553
12452,26,2,1135
12452,25,1,737
12452,37,3,1229
12453,5,3,1051
12453,24,3,946
12454,10,1,913
12455,31,3,647
12456,43,3,1149
12456,24,3,946
12456,3,3,748
12457,50,1,998
12458,31,3,647
12459,11,3,1047
12460,10,2,913
12460,43,1,1149
12460,5,2,1051
12461,17,1,902
12461,15,1,439
12461,43,2,1149
12462,17,3,902
12462,13,2,954
12462,44,2,1303
12463,47,3,954
12463,15,2,439
12463,21,2,736
12464,30,1,549
12464,21,2,736
12464,47,3,954
12465,19,2,718
12465,14,1,1157
12465,5,2,1051
12466,9,2,1025
12467,45,3,561
12467,5,1,1051
12467,12,3,1432
12468,21,3,736
12468,46,2,625
12469,32,1,611
12469,32,3,611
12470,12,3,1432
12471,18,1,649
12472,26,3,1135
12472,37,1,1229
12472,46,1,625
12473,36,2,847
12473,34,1,1107
12474,48,1,553
12474,23,3,784
12474,15,1,439
12475,45,1,561
12475,26,3,1135
12475,15,2,439
12476,30,1,549
12476,5,3,1051
12476,26,3,1135
12477,2,1,576
12477,38,3,1061
12477,2,1,576
12478,15,1,439
12479,4,3,516
12479,39,1,1068
12480,13,3,954
12480,17,1,902
12480,50,3,998
12481,24,3,946
12481,25,1,737
12482,50,2,998
12482,40,2,1066
12483,21,1,736
12483,15,1,439
12483,34,2,1107
12484,14,1,1157
12485,47,3,954
12486,6,2,1306
12486,24,1,946
12486,28,1,1057
12487,48,3,553
12487,6,2,1306
12487,39,2,1068
12488,18,3,649
12489,18,1,649
12489,34,3,1107
12490,18,3,649
12490,5,1,1051
12490,28,3,1057
12491,38,3,1061
12491,14,3,1157
12492,1,2,1038
12493,29,2,1062
12493,43,1,1149
12493,8,1,588
12494,7,3,332
12495,20,3,753
12496,39,2,1068
12497,30,1,549
12498,22,1,892
12499,28,2,1057
12500,30,3,549
12501,16,2,1416
12501,47,1,954
12501,8,1,588
12502,23,1,784
12502,17,3,902
12503,40,3,1066
12504,3,1,748
12505,37,2,1229
12506,30,1,549
12506,24,2,946
12506,13,1,954
12507,9,2,1025
12508,18,1,649
12508,44,3,1303
12508,9,2,1025
12509,36,3,847
12510,33,2,943
12510,42,1,934
12511,23,1,784
12512,3,2,748
12513,43,1,1149
12513,32,3,611
12514,3,3,748
12515,26,3,1135
12515,38,2,1061
12515,43,2,1149
12516,28,1,1057
12516,16,1,1416
12517,6,2,1306
12517,17,1,902
12517,38,2,1061
12518,30,1,549
12518,33,3,943
12518,37,3,1229
12519,15,3,439
12520,14,1,1157
12520,2,3,576
12521,18,1,649
12521,33,1,943
12521,45,2,561
12522,1,2,1038
12523,30,2,549
12523,35,2,815
12523,41,3,910
12524,39,2,1068
12524,31,1,647
12525,30,2,549
12525,1,3,1038
12526,10,3,913
12526,14,3,1157
12526,11,1,1047
12527,9,3,1025
12527,29,2,1062
12528,17,1,902
12528,47,1,954
12528,3,2,748
12529,14,2,1157
12530,34,1,1107
12530,49,3,1172
12530,27,2,1283
12531,50,1,998
12531,12,1,1432
12531,46,3,625
12532,6,1,1306
12532,22,2,892
12532,27,2,1283
12533,6,3,1306
12533,19,1,718
12533,21,1,736
12534,27,3,1283
12534,32,2,611
12534,4,3,516
12535,42,2,934
12535,24,3,946
12535,6,1,1306
12536,29,2,1062
12537,30,2,549
12537,29,1,1062
12538,39,2,1068
12538,43,3,1149
12539,23,1,784
12539,42,1,934
12540,28,2,1057
12540,34,3,1107
12541,21,3,736
12541,30,2,549
12542,1,1,1038
12542,26,3,1135
12542,17,2,902
12543,5,1,1051
12543,47,2,954
12544,3,3,748
12544,3,3,748
12544,29,1,1062
12545,22,2,892
12545,9,3,1025
12545,4,2,516
12546,19,2,718
12546,42,3,934
12546,23,2,784
12547,21,2,736
12548,1,1,1038
12548,18,1,649
12548,33,2,943
12549,37,3,1229
12549,17,2,902
12550,24,3,946
12550,49,1,1172
12551,16,3,1416
12551,19,1,718
12552,41,3,910
12552,21,3,736
12553,25,2,737
12553,14,2,1157
12554,12,2,1432
12555,32,3,611
12555,2,1,576
12556,5,1,1051
12556,44,1,1303
12557,10,2,913
12557,49,1,1172
12557,50,1,998
12558,16,3,1416
12558,5,1,1051
12559,39,2,1068
12560,30,2,549
12560,19,2,718
12561,9,2,1025
12561,17,3,902
12562,36,1,847
12562,7,1,332
12563,12,2,1432
12564,44,1,1303
12565,30,2,549
12565,39,1,1068
12565,12,1,1432
12566,5,3,1051
12566,42,3,934
12566,11,1,1047
12567,36,1,847
12567,47,2,954
12568,47,1,954
12569,14,1,1157
12570,14,3,1157
12570,9,3,1025
12570,40,3,1066
12571,29,1,1062
12572,16,3,1416
12572,48,1,553
12573,15,1,439
12573,19,2,718
12574,28,2,1057
12575,15,1,439
12575,6,1,1306
12576,27,2,1283
12577,4,3,516
12578,2,2,576
12579,20,1,753
12579,26,1,1135
12580,47,1,954
12581,5,3,1051
12582,2,3,576
12582,22,2,892
12582,10,1,913
12583,33,1,943
12583,11,1,1047
12584,35,3,815
12584,2,1,576
12584,17,2,902
12585,35,1,815
12585,47,2,954
12586,1,3,1038
12586,29,3,1062
12586,19,3,718
12587,28,2,1057
12587,31,1,647
12588,21,1,736
12588,8,2,588
12588,33,2,943
12589,11,2,1047
12590,4,1,516
12590,17,2,902
12591,11,3,1047
12592,18,1,649
12592,49,2,1172
12593,45,2,561
12594,9,1,1025
12594,19,3,718
12594,38,3,1061
12595,9,2,1025
12595,23,3,784
12596,40,1,1066
12596,9,2,1025
12596,3,1,748
12597,40,2,1066
12598,14,1,1157
12598,17,3,902
12598,49,3,1172
12599,23,1,784
12600,4,3,516
12601,31,1,647
12601,22,2,892
12601,1,2,1038
12602,42,3,934
12602,20,2,753
12603,6,2,1306
12604,4,3,516
12604,41,3,910
12604,5,3,1051
12605,47,1,954
12605,6,3,1306
12605,41,1,910
12606,28,2,1057
12607,22,1,892
12607,49,3,1172
12608,45,3,561
12609,33,1,943
12609,10,1,913
12609,10,1,913
12610,29,3,1062
12610,19,3,718
12611,22,3,892
12612,16,2,1416
12612,21,2,736
12613,20,1,753
12613,43,1,1149
12614,34,3,1107
12614,39,3,1068
12614,7,2,332
12615,44,2,1303
12616,11,1,1047
12617,36,3,847
12617,28,2,1057
12618,25,3,737
12618,22,2,892
12619,9,2,1025
12619,7,1,332
12620,17,3,902
12621,37,3,1229
12622,40,2,1066
12622,11,3,1047
12623,43,3,1149
12624,36,2,847
12624,25,1,737
12625,25,2,737
12625,31,3,647
12626,16,3,1416
12626,25,2,737
12627,39,2,1068
12627,42,3,934
12628,14,2,1157
12628,6,3,1306
12629,4,3,516
12629,18,2,649
12629,1,3,1038
12630,13,3,954
12630,25,1,737
12631,17,2,902
12631,28,1,1057
12632,17,2,902
12632,25,3,737
12632,45,1,561
12633,9,1,1025
12633,45,2,561
12634,41,2,910
12635,25,3,737
12636,41,2,910
12637,40,3,1066
12638,24,2,946
12638,33,1,943
12639,20,2,753
12640,44,2,1303
12641,23,2,784
12641,27,3,1283
12641,37,3,1229
12642,26,2,1135
12642,16,3,1416
12643,7,3,332
12643,43,1,1149
12644,1,3,1038
12644,14,2,1157
12645,26,1,1135
12645,32,1,611
12645,8,2,588
12646,17,2,902
12646,16,3,1416
12646,4,1,516
12647,7,2,332
12648,1,2,1038
12648,42,1,934
12648,46,2,625
12649,45,1,561
12649,44,2,1303
12650,1,1,1038
12651,29,3,1062
12652,47,1,954
12653,5,1,1051
12653,31,3,647
12653,5,3,1051
12654,32,3,611
12654,3,3,748
12655,38,2,1061
12655,43,1,1149
12655,2,2,576
12656,42,3,934
12657,45,2,561
12657,15,1,439
12657,3,1,748
12658,10,3,913
12659,42,1,934
12659,40,2,1066
12659,44,1,1303
12660,24,1,946
12661,26,1,1135
12661,50,3,998
12661,28,3,1057
12662,13,3,954
12663,20,1,753
12663,35,1,815
12663,31,1,647
12664,1,3,1038
12665,15,1,439
12665,32,2,611
12665,21,3,736
12666,20,1,753
12666,12,1,1432
12667,11,1,1047
12667,4,1,516
12667,29,1,1062
12668,13,1,954
12668,9,3,1025
12668,49,2,1172
12669,48,1,553
12669,40,2,1066
12669,34,1,1107
12670,4,3,516
12670,46,3,625
12670,26,3,1135
12671,44,1,1303
12671,44,3,1303
12671,50,1,998
12672,19,3,718
12672,50,1,998
12672,43,2,1149
12673,18,2,649
12674,12,2,1432
12674,4,1,516
12675,48,1,553
12675,28,3,1057
12675,9,3,1025
12676,14,2,1157
12677,37,2,1229
12678,11,2,1047
12678,2,3,576
12678,28,1,1057
12679,49,3,1172
12679,7,2,332
12679,9,1,1025
12680,13,2,954
12680,19,2,718
12681,2,1,576
12681,11,2,1047
12681,41,2,910
12682,23,3,784
12682,43,2,1149
12682,23,1,784
12683,24,1,946
12684,24,3,946
12684,22,3,892
12684,1,2,1038
12685,41,2,910
12685,11,3,1047
12685,4,1,516
12686,39,3,1068
12687,4,1,516
12687,5,3,1051
12688,50,1,998
12688,11,1,1047
12688,44,3,1303
12689,13,3,954
12690,7,1,332
12691,29,1,1062
12691,21,2,736
12692,12,3,1432
12692,15,1,439
12692,6,3,1306
12693,41,3,910
12694,27,1,1283
12695,35,3,815
12696,37,3,1229
12696,50,2,998
12696,20,2,753
12697,35,3,815
12697,38,3,1061
12698,41,3,910
12698,46,3,625
12698,12,3,1432
12699,46,3,625
12700,50,1,998
12701,26,1,1135
12701,25,1,737
12701,50,1,998
12702,27,1,1283
12703,4,2,516
12703,3,3,748
12703,32,3,611
12704,26,3,1135
12704,14,3,1157
12705,28,2,1057
12706,33,3,943
12706,27,1,1283
12707,29,3,1062
12707,10,3,913
12708,43,1,1149
12708,33,1,943
12708,1,1,1038
12709,44,3,1303
12709,45,1,561
12710,27,3,1283
12710,39,3,1068
12710,42,1,934
12711,2,3,576
12711,15,1,439
12712,19,3,718
12713,1,1,1038
12713,12,1,1432
12713,10,1,913
12714,37,1,1229
12714,22,3,892
12714,32,3,611
12715,26,3,1135
12715,33,1,943
12716,2,3,576
12717,20,1,753
12717,20,3,753
12718,12,1,1432
12718,8,1,588
12718,49,1,1172
12719,7,1,332
12719,19,1,718
12720,46,3,625
12720,19,3,718
12720,12,3,1432
12721,46,1,625
12722,4,3,516
12722,37,3,1229
12722,24,1,946
12723,28,2,1057
12723,22,3,892
12724,16,1,1416
12724,42,3,934
12724,40,2,1066
12725,33,2,943
12726,8,3,588
12727,50,3,998
12727,41,1,910
12728,27,3,1283
12729,11,2,1047
12729,19,1,718
12730,39,3,1068
12730,34,3,1107
12730,50,1,998
12731,40,2,1066
12732,20,3,753
12733,11,1,1047
12734,19,3,718
12734,25,1,737
12734,1,2,1038
12735,37,3,1229
12735,30,1,549
12736,45,1,561
12737,48,2,553
12737,41,1,910
12738,33,2,943
12738,18,2,649
12738,15,2,439
12739,2,1,576
12740,10,1,913
12741,25,1,737
12742,49,2,1172
12743,40,2,1066
12744,22,3,892
12744,31,3,647
12745,34,3,1107
12745,7,2,332
12745,40,1,1066
12746,26,1,1135
12746,12,3,1432
12746,22,1,892
12747,32,3,611
12747,31,3,647
12748,26,1,1135
12748,1,1,1038
12748,23,3,784
12749,44,2,1303
12750,37,2,1229
12750,34,3,1107
12750,3,1,748
12751,17,1,902
12752,7,1,332
12753,27,3,1283
12754,11,3,1047
12754,5,3,1051
12754,45,3,561
12755,38,3,1061
12756,50,2,998
12756,41,1,910
12756,47,3,954
12757,30,1,549
12758,33,2,943
12758,48,1,553
12759,1,3,1038
12759,48,2,553
12760,1,2,1038
12760,50,1,998
12760,4,2,516
12761,48,1,553
12761,35,1,815
12762,15,3,439
12762,48,2,553
12762,32,3,611
12763,15,1,439
12764,9,2,1025
12764,11,3,1047
12764,2,1,576
12765,16,2,1416
12765,4,1,516
12766,48,1,553
12767,38,2,1061
12768,50,1,998
12768,7,2,332
12769,11,3,1047
12769,19,1,718
12770,11,2,1047
12770,40,2,1066
12771,7,1,332
12771,11,1,1047
12771,41,3,910
12772,16,3,1416
12772,33,2,943
12772,32,3,611
12773,1,1,1038
12773,7,1,332
12773,47,1,954
12774,24,3,946
12775,39,1,1068
12775,6,1,1306
12776,13,3,954
12776,33,1,943
12776,50,1,998
12777,14,3,1157
12777,39,1,1068
12778,31,2,647
12778,16,3,1416
12778,27,3,1283
12779,47,2,954
12780,1,2,1038
12781,18,1,649
12781,18,1,649
12782,21,3,736
12782,10,2,913
12782,12,3,1432
12783,29,3,1062
12783,39,1,1068
12784,29,3,1062
12785,17,2,902
12785,46,3,625
12785,13,3,954
12786,41,2,910
12786,45,2,561
12787,18,1,649
12787,48,3,553
12787,30,1,549
12788,46,1,625
12788,49,3,1172
12788,8,3,588
12789,43,1,1149
12789,47,1,954
12790,38,3,1061
12791,33,2,943
12792,46,1,625
12792,22,3,892
12792,31,2,647
12793,20,3,753
12793,37,3,1229
12793,14,3,1157
12794,23,3,784
12794,35,2,815
12794,18,1,649
12795,40,3,1066
12795,11,1,1047
12796,25,1,737
12796,15,3,439
12796,22,3,892
12797,38,2,1061
12797,8,3,588
12798,32,1,611
12798,26,1,1135
12798,24,3,946
12799,13,2,954
12799,44,3,1303
12800,50,3,998
12800,23,2,784
12801,4,3,516
12801,15,2,439
12802,4,2,516
12802,7,2,332
12802,37,1,1229
12803,45,3,561
12803,41,1,910
12804,11,2,1047
12805,4,3,516
12805,20,2,753
12806,31,2,647
12806,36,3,847
12807,44,1,1303
12807,49,3,1172
12808,28,1,1057
12808,25,2,737
12809,50,3,998
12810,5,2,1051
12810,46,2,625
12811,2,3,576
12812,39,3,1068
12813,10,1,913
12813,5,3,1051
12813,9,3,1025
12814,33,2,943
12814,20,1,753
12815,21,2,736
12815,28,1,1057
12815,47,3,954
12816,7,3,332
12817,24,1,946
12817,4,1,516
12817,1,2,1038
12818,37,3,1229
12818,43,3,1149
12819,45,3,561
12819,8,1,588
12819,38,1,1061
12820,34,3,1107
12820,26,3,1135
12821,36,2,847
12821,49,1,1172
12821,46,2,625
12822,1,2,1038
12822,24,2,946
12823,40,1,1066
12823,3,2,748
12824,14,1,1157
12825,45,2,561
12826,21,3,736
12827,13,1,954
12827,18,1,649
12827,38,2,1061
12828,29,1,1062
12828,22,1,892
12828,22,3,892
12829,39,1,1068
12829,37,1,1229
12829,8,1,588
12830,9,2,1025
12831,16,3,1416
12831,9,2,1025
12832,13,1,954
12832,9,3,1025
12832,38,3,1061
12833,41,1,910
12834,21,2,736
12834,46,1,625
12835,31,2,647
12835,37,3,1229
12836,26,1,1135
12837,43,3,1149
12838,12,1,1432
12839,28,3,1057
12839,36,1,847
12840,50,1,998
12840,24,2,946
12841,43,2,1149
12841,7,3,332
12842,17,1,902
12843,27,1,1283
12843,41,3,910
12843,39,3,1068
12844,41,2,910
12844,24,1,946
12844,3,1,748
12845,44,2,1303
12846,20,1,753
12846,4,1,516
12847,12,2,1432
12847,36,1,847
12847,8,1,588
12848,35,1,815
12849,9,3,1025
12849,10,3,913
12849,45,2,561
12850,25,2,737
12851,35,2,815
12851,13,2,954
12852,25,3,737
12853,1,2,1038
12853,4,2,516
12854,49,2,1172
12854,17,1,902
12854,44,2,1303
12855,50,3,998
12855,33,3,943
12855,33,1,943
12856,15,2,439
12857,34,3,1107
12858,18,1,649
12859,36,3,847
12859,28,3,1057
12859,38,3,1061
12860,16,3,1416
12860,47,3,954
12860,15,1,439
12861,35,1,815
12861,41,3,910
12861,30,1,549
12862,1,2,1038
12862,17,3,902
12862,48,3,553
12863,50,3,998
12863,6,1,1306
12863,15,3,439
12864,27,2,1283
12864,28,1,1057
12864,31,1,647
12865,3,1,748
12865,7,1,332
12865,10,1,913
12866,31,3,647
12866,28,3,1057
12866,42,1,934
12867,6,2,1306
12867,50,2,998
12867,45,2,561
12868,29,1,1062
12868,5,3,1051
12868,1,1,1038
12869,16,3,1416
12869,8,1,588
12869,48,3,553
12870,33,1,943
12871,30,1,549
12871,23,2,784
12872,6,3,1306
12872,2,3,576
12873,43,3,1149
12873,11,1,1047
12874,5,1,1051
12874,50,2,998
12875,30,3,549
12876,24,1,946
12876,16,3,1416
12876,3,2,748
12877,2,2,576
12877,47,3,954
12877,3,2,748
12878,4,1,516
12878,33,3,943
12879,44,3,1303
12879,11,2,1047
12879,12,3,1432
12880,32,3,611
12880,42,2,934
12881,20,3,753
12881,17,3,902
12882,11,1,1047
12882,37,3,1229
12883,2,2,576
12883,35,3,815
12884,38,3,1061
12885,42,2,934
12885,20,3,753
12886,20,1,753
12886,20,2,753
12886,46,2,625
12887,46,2,625
12888,43,3,1149
12889,37,3,1229
12890,15,2,439
12890,37,2,1229
12891,1,2,1038
12892,10,3,913
12892,2,3,576
12892,37,2,1229
12893,23,3,784
12893,18,3,649
12894,7,2,332
12894,4,3,516
12895,35,1,815
12895,50,2,998
12895,50,2,998
12896,44,3,1303
12896,41,1,910
12896,43,3,1149
12897,39,2,1068
12897,44,2,1303
12897,10,2,913
12898,18,2,649
12899,33,2,943
12899,12,3,1432
12899,29,2,1062
12900,32,2,611
12900,36,2,847
12901,5,1,1051
12901,19,3,718
12902,35,1,815
12902,26,1,1135
12902,9,2,1025
12903,36,2,847
12903,14,3,1157
12904,45,3,561
12904,20,3,753
12905,48,2,553
12906,10,3,913
12906,48,3,553
12906,47,3,954
12907,29,3,1062
12908,5,3,1051
12909,19,1,718
12909,42,3,934
12909,13,2,954
12910,22,3,892
12910,14,3,1157
12910,38,2,1061
12911,31,2,647
12912,37,2,1229
12912,1,1,1038
12913,5,1,1051
12914,34,1,1107
12915,27,3,1283
12915,36,3,847
12916,50,1,998
12916,38,2,1061
12917,2,1,576
12918,46,1,625
12918,29,1,1062
12918,5,1,1051
12919,2,3,576
12919,22,1,892
12920,2,1,576
12920,26,2,1135
12921,46,3,625
12922,4,1,516
12922,20,2,753
12922,18,2,649
12923,17,3,902
12924,25,3,737
12924,12,3,1432
12925,48,3,553
12925,4,2,516
12925,50,2,998
12926,19,1,718
12927,18,3,649
12928,28,3,1057
12928,21,2,736
12928,49,3,1172
12929,28,2,1057
12929,43,2,1149
12930,28,1,1057
12930,42,2,934
12931,1,1,1038
12931,44,3,1303
12931,28,2,1057
12932,14,2,1157
12933,12,2,1432
12933,35,2,815
12934,12,2,1432
12934,27,3,1283
12934,42,2,934
12935,22,3,892
12936,12,1,1432
12936,4,3,516
12936,19,2,718
12937,18,2,649
12938,45,3,561
12938,42,1,934
12939,30,2,549
12939,29,2,1062
12939,34,3,1107
12940,30,3,549
12941,3,2,748
12942,27,2,1283
12942,29,3,1062
12942,25,2,737
12943,41,1,910
12943,10,2,913
12944,41,1,910
12944,5,3,1051
12945,13,1,954
12946,8,1,588
12946,25,1,737
12946,19,1,718
12947,1,3,1038
12947,5,3,1051
12947,23,3,784
12948,47,3,954
12949,41,2,910
12949,27,1,1283
12949,37,3,1229
12950,5,3,1051
12950,2,2,576
12951,43,1,1149
12952,50,1,998
12953,35,2,815
12953,13,2,954
12953,22,3,892
12954,24,2,946
12954,16,3,1416
12955,46,2,625
12956,40,2,1066
12956,14,1,1157
12957,21,3,736
12957,14,1,1157
12957,9,1,1025
12958,24,3,946
12959,41,2,910
12959,36,1,847
12959,13,3,954
12960,5,3,1051
12960,41,1,910
12961,43,1,1149
12961,15,3,439
12961,37,3,1229
12962,13,3,954
12962,47,3,954
12962,39,2,1068
12963,47,2,954
12963,7,1,332
12964,40,3,1066
12965,29,2,1062
12965,47,1,954
12966,4,3,516
12966,17,3,902
12966,49,3,1172
12967,36,3,847
12968,46,3,625
12969,39,3,1068
12969,46,2,625
12970,14,3,1157
12970,19,1,718
12970,21,3,736
12971,34,3,1107
12971,14,2,1157
12971,8,1,588
12972,21,3,736
12972,46,2,625
12973,13,1,954
12974,6,3,1306
12974,27,3,1283
12975,39,2,1068
12975,34,1,1107
12976,45,2,561
12976,47,2,954
12977,43,3,1149
12977,29,1,1062
12977,48,2,553
12978,43,2,1149
12978,47,1,954
12978,5,2,1051
12979,44,3,1303
12979,47,2,954
12980,22,1,892
12980,41,1,910
12981,42,3,934
12981,8,3,588
12982,6,2,1306
12982,6,3,1306
12982,29,3,1062
12983,3,1,748
12983,2,1,576
12983,26,2,1135
12984,39,3,1068
12985,20,2,753
12985,33,1,943
12985,7,3,332
12986,9,2,1025
12986,40,1,1066
12986,10,1,913
12987,24,3,946
12988,23,3,784
12988,18,3,649
12989,29,1,1062
12990,40,3,1066
12991,3,1,748
12992,46,3,625
12992,42,2,934
12993,5,1,1051
12993,33,2,943
12994,2,1,576
12995,21,2,736
12995,18,3,649
12995,36,2,847
12996,26,2,1135
12997,12,1,1432
12997,34,1,1107
12997,8,1,588
12998,35,2,815
12999,32,1,611
12999,18,1,649
12999,49,1,1172
13000,42,1,934
13000,1,3,1038
13001,42,2,934
13001,18,1,649
13001,26,3,1135
13002,24,2,946
13003,2,1,576
13004,1,3,1038
13004,47,2,954
13005,17,2,902
13005,39,2,1068
13005,18,2,649
13006,1,2,1038
13006,24,2,946
13007,34,2,1107
13007,6,1,1306
13007,3,1,748
13008,17,1,902
13008,33,1,943
13009,32,1,611
13009,16,3,1416
13009,13,2,954
13010,35,2,815
13010,44,3,1303
13010,11,1,1047
13011,4,1,516
13011,32,1,611
13011,33,1,943
13012,35,2,815
13012,7,1,332
13012,16,2,1416
13013,45,1,561
13014,11,3,1047
13014,48,2,553
13015,42,3,934
13015,36,1,847
13016,17,2,902
13016,27,1,1283
13017,1,2,1038
13017,3,2,748
13017,24,3,946
13018,39,3,1068
13019,5,3,1051
13019,4,3,516
13019,23,1,784
13020,21,1,736
13020,12,1,1432
13021,43,1,1149
13021,20,3,753
13021,32,1,611
13022,3,1,748
13023,34,3,1107
13023,46,3,625
13023,24,2,946
13024,10,1,913
13025,41,2,910
13025,17,2,902
13025,23,1,784
13026,22,3,892
13027,8,3,588
13027,42,2,934
13027,47,1,954
13028,19,3,718
13029,14,1,1157
13029,41,3,910
13030,28,2,1057
13031,6,3,1306
13032,37,1,1229
13032,16,2,1416
13033,16,3,1416
13034,44,2,1303
13035,19,2,718
13035,11,1,1047
13035,12,3,1432
13036,39,2,1068
13036,16,3,1416
13037,26,3,1135
13037,4,1,516
13037,50,1,998
13038,22,2,892
13038,16,3,1416
13039,39,2,1068
13039,50,3,998
13040,7,2,332
13040,17,1,902
13040,5,1,1051
13041,4,2,516
13041,22,3,892
13042,27,1,1283
13042,13,3,954
13043,29,1,1062
13043,27,3,1283
13044,16,2,1416
13044,7,1,332
13044,40,2,1066
13045,14,3,1157
13045,7,2,332
13045,30,3,549
13046,11,3,1047
13047,31,3,647
13048,10,1,913
13048,21,1,736
13048,17,3,902
13049,18,2,649
13050,22,1,892
13051,41,3,910
13051,24,3,946
13052,47,3,954
13053,32,3,611
13054,33,2,943
13055,14,3,1157
13056,11,3,1047
13057,19,3,718
13057,45,3,561
13058,6,1,1306
13058,34,3,1107
13059,35,1,815
13059,6,2,1306
13059,48,3,553
13060,48,1,553
13060,48,3,553
13060,21,3,736
13061,3,1,748
13061,4,2,516
13061,27,2,1283
13062,42,1,934
13062,37,1,1229
13063,24,3,946
13063,24,2,946
13064,1,1,1038
13064,30,3,549
13064,42,2,934
13065,27,1,1283
13065,21,2,736
13066,50,3,998
13067,2,2,576
13067,10,1,913
13067,43,2,1149
13068,29,1,1062
13068,6,3,1306
13069,26,1,1135
13069,8,2,588
13069,7,2,332
13070,1,2,1038
13070,37,2,1229
13070,44,3,1303
13071,1,3,1038
13072,37,1,1229
13072,9,2,1025
13073,44,3,1303
13074,50,2,998
13075,31,2,647
13075,36,2,847
13075,31,2,647
13076,12,1,1432
13076,16,1,1416
13076,27,2,1283
13077,12,2,1432
13077,31,2,647
13078,12,2,1432
13078,7,3,332
13079,49,3,1172
13079,40,3,1066
13079,16,3,1416
13080,19,1,718
13080,34,2,1107
13080,46,2,625
13081,23,2,784
13081,7,1,332
13081,32,2,611
13082,47,1,954
13082,10,2,913
13083,37,2,1229
13083,46,3,625
13083,32,1,611
13084,26,3,1135
13085,37,3,1229
13086,24,1,946
13087,4,2,516
13087,11,3,1047
13087,37,2,1229
13088,41,2,910
13088,41,3,910
13088,17,2,902
13089,40,1,1066
13089,45,3,561
13090,9,2,1025
13090,48,2,553
13091,17,1,902
13091,37,2,1229
13092,43,3,1149
13092,17,1,902
13093,42,1,934
13093,24,2,946
13093,47,1,954
13094,18,1,649
13094,9,2,1025
13094,44,1,1303
13095,23,2,784
13095,36,3,847
13095,33,3,943
13096,10,1,913
13096,16,2,1416
13096,29,3,1062
13097,47,1,954
13097,5,2,1051
13097,22,2,892
13098,37,2,1229
13098,32,2,611
13099,9,1,1025
13100,25,1,737
13101,3,1,748
13102,15,2,439
13102,8,2,588
13103,43,3,1149
13104,47,2,954
13104,22,1,892
13104,49,1,1172
13105,37,2,1229
13106,39,2,1068
13107,22,1,892
13107,45,2,561
13108,26,1,1135
13108,4,2,516
13108,46,3,625
13109,40,2,1066
13109,9,2,1025
13109,5,1,1051
13110,20,3,753
13110,37,1,1229
13110,16,1,1416
13111,32,3,611
13111,10,3,913
13111,38,3,1061
13112,3,1,748
13112,30,2,549
13113,23,1,784
13113,3,2,748
13114,41,2,910
13115,38,1,1061
13115,31,3,647
13116,9,3,1025
13116,20,3,753
13117,50,2,998
13117,46,1,625
13118,23,3,784
13118,7,3,332
13118,7,1,332
13119,24,1,946
13119,17,3,902
13120,22,2,892
13120,4,2,516
13120,43,3,1149
13121,17,3,902
13121,2,1,576
13121,43,2,1149
13122,13,2,954
13123,20,1,753
13123,22,2,892
13124,30,3,549
13124,18,3,649
13125,50,1,998
13126,20,2,753
13126,30,2,549
13127,13,2,954
13127,12,1,1432
13127,27,1,1283
13128,7,3,332
13129,47,1,954
13130,7,2,332
13130,38,3,1061
13130,10,2,913
13131,19,2,718
13131,6,2,1306
13132,10,2,913
13132,32,2,611
13133,12,2,1432
13134,28,1,1057
13134,5,2,1051
13134,8,2,588
13135,30,1,549
13135,12,1,1432
13135,35,1,815
13136,15,3,439
13136,31,2,647
13137,41,3,910
13138,22,1,892
13138,22,2,892
13138,2,3,576
13139,23,3,784
13140,31,1,647
13140,29,2,1062
13141,28,2,1057
13141,10,3,913
13141,2,1,576
13142,8,2,588
13143,35,3,815
13143,35,1,815
13144,48,3,553
13145,50,1,998
13145,18,1,649
13146,41,1,910
13146,25,1,737
13147,36,1,847
13147,49,1,1172
13147,17,3,902
13148,17,1,902
13149,37,1,1229
13149,18,1,649
13149,23,2,784
13150,2,3,576
13151,50,2,998
13152,26,3,1135
13152,31,3,647
13152,17,3,902
13153,9,2,1025
13153,36,2,847
13154,1,2,1038
13155,28,1,1057
13155,45,1,561
13155,28,1,1057
13156,45,3,561
13157,24,3,946
13158,42,2,934
13159,22,2,892
13159,14,1,1157
13159,7,3,332
13160,2,2,576
13160,17,2,902
13161,25,3,737
13162,26,3,1135
13162,30,1,549
13163,37,1,1229
13164,43,2,1149
13164,43,2,1149
13165,20,3,753
13165,2,1,576
13166,34,3,1107
13166,47,1,954
13167,39,1,1068
13168,46,3,625
13168,34,3,1107
13168,32,3,611
13169,41,1,910
13170,30,1,549
13171,1,2,1038
13172,29,1,1062
13173,20,3,753
13173,22,3,892
13173,20,2,753
13174,26,1,1135
13175,1,2,1038
13175,20,3,753
13176,43,2,1149
13177,47,3,954
13178,36,3,847
13179,17,1,902
13179,20,3,753
13180,33,1,943
13181,38,3,1061
13181,21,1,736
13182,8,1,588
13183,34,1,1107
13183,43,3,1149
13184,22,2,892
13184,46,3,625
13185,40,2,1066
13186,24,2,946
13186,42,1,934
13187,10,1,913
13187,45,3,561
13187,39,1,1068
13188,27,1,1283
13188,47,3,954
13189,26,3,1135
13189,12,1,1432
13190,3,3,748
13190,12,2,1432
13191,39,2,1068
13191,8,3,588
13191,19,3,718
13192,34,2,1107
13192,23,1,784
13193,21,1,736
13193,26,3,1135
13193,27,2,1283
13194,49,1,1172
13194,34,3,1107
13194,34,1,1107
13195,7,1,332
13195,29,2,1062
13196,19,1,718
13196,17,3,902
13196,37,1,1229
13197,40,1,1066
13197,45,2,561
13197,3,2,748
13198,8,2,588
13199,47,1,954
13199,16,1,1416
13199,40,1,1066
13200,48,1,553
13200,27,1,1283
13200,8,2,588
13201,4,1,516
13202,18,2,649
13203,41,3,910
13203,43,1,1149
13203,20,1,753
13204,34,1,1107
13205,32,2,611
13206,29,2,1062
13206,33,2,943
13206,15,3,439
13207,17,3,902
13207,1,1,1038
13208,35,2,815
13208,33,3,943
13209,5,3,1051
13209,9,2,1025
13210,23,3,784
13210,18,1,649
13210,11,1,1047
13211,42,1,934
13212,24,1,946
13212,14,1,1157
13212,37,3,1229
13213,3,3,748
13213,13,3,954
13213,50,3,998
13214,11,2,1047
13214,41,1,910
13215,39,2,1068
13216,19,3,718
13217,38,1,1061
13217,12,2,1432
13217,40,3,1066
13218,2,2,576
13218,30,2,549
13219,23,2,784
13220,50,1,998
13220,11,1,1047
13221,40,3,1066
13221,3,3,748
13221,23,2,784
13222,33,1,943
13223,4,1,516
13223,17,1,902
13223,8,3,588
13224,2,2,576
13225,15,2,439
13225,41,3,910
13225,20,2,753
13226,39,1,1068
13226,22,1,892
13226,22,3,892
13227,34,1,1107
13227,50,3,998
13228,42,2,934
13229,13,1,954
13229,16,1,1416
13230,9,3,1025
13230,10,2,913
13231,22,3,892
13231,10,1,913
13231,14,2,1157
13232,49,2,1172
13232,36,1,847
13233,7,1,332
13233,3,2,748
13234,1,1,1038
13235,43,3,1149
13236,27,1,1283
13236,38,2,1061
13237,10,2,913
13238,11,2,1047
13239,9,1,1025
13239,47,1,954
13240,14,1,1157
13240,19,2,718
13241,10,3,913
13242,38,1,1061
13242,31,1,647
13243,46,1,625
13244,3,2,748
13244,16,3,1416
13244,40,2,1066
13245,48,1,553
13246,8,1,588
13247,8,2,588
13247,35,1,815
13248,20,1,753
13249,32,3,611
13249,41,3,910
13250,31,3,647
13250,30,2,549
13250,19,2,718
13251,33,2,943
13251,5,1,1051
13251,43,3,1149
13252,20,2,753
13252,32,1,611
13253,38,2,1061
13253,32,1,611
13254,15,1,439
13255,47,2,954
13256,31,2,647
13257,30,3,549
13257,16,2,1416
13258,20,2,753
13258,41,3,910
13259,20,2,753
13259,16,2,1416
13259,3,3,748
13260,25,2,737
13261,11,1,1047
13261,34,2,1107
13261,21,3,736
13262,16,1,1416
13263,37,1,1229
13263,47,2,954
13264,33,2,943
13265,12,3,1432
13266,41,3,910
13266,7,3,332
13266,11,2,1047
13267,3,1,748
13267,22,1,892
13268,20,1,753
13268,17,1,902
13268,5,2,1051
13269,42,2,934
13269,33,3,943
13269,19,3,718
13270,43,3,1149
13270,30,2,549
13271,25,2,737
13272,8,1,588
13273,50,1,998
13273,35,1,815
13273,9,2,1025
13274,19,2,718
13274,3,2,748
13274,13,3,954
13275,5,2,1051
13275,30,1,549
13276,23,3,784
13276,31,2,647
13277,8,2,588
13278,39,1,1068
13278,17,2,902
13278,22,3,892
13279,35,2,815
13279,8,3,588
13280,34,1,1107
13281,9,1,1025
13281,27,3,1283
13282,7,1,332
13282,34,2,1107
13282,37,2,1229
13283,15,2,439
13284,30,3,549
13284,17,1,902
13284,18,1,649
13285,25,1,737
13286,43,2,1149
13287,3,1,748
13287,30,2,549
13287,44,2,1303
13288,37,1,1229
13289,34,2,1107
13289,21,2,736
13290,31,1,647
13290,19,1,718
13290,19,3,718
13291,47,1,954
13291,11,1,1047
13292,6,1,1306
13292,13,3,954
13293,44,1,1303
13293,31,1,647
13294,39,2,1068
13295,2,1,576
13295,1,1,1038
13295,7,1,332
13296,3,1,748
13297,11,2,1047
13298,49,2,1172
13298,12,3,1432
13299,40,3,1066
13300,49,1,1172
13300,13,1,954
13300,3,2,748
13301,23,3,784
13301,21,1,736
13301,2,2,576
13302,20,3,753
13302,15,2,439
13302,20,3,753
13303,40,1,1066
13303,18,2,649
13303,35,3,815
13304,41,2,910
13304,22,1,892
13305,12,3,1432
13305,33,3,943
13305,5,2,1051
13306,49,3,1172
13306,49,2,1172
13307,2,1,576
13307,27,2,1283
13307,3,1,748
13308,50,2,998
13308,42,2,934
13308,19,2,718
13309,14,3,1157
13309,48,3,553
13309,14,3,1157
13310,34,2,1107
13310,23,1,784
13310,14,3,1157
13311,20,3,753
13311,29,3,1062
13311,20,3,753
13312,17,1,902
13312,46,1,625
13312,26,2,1135
13313,23,1,784
13313,24,3,946
13314,20,2,753
13314,5,2,1051
13315,27,2,1283
13315,21,3,736
13315,9,3,1025
13316,13,1,954
13316,40,1,1066
13316,4,1,516
13317,18,1,649
13317,42,3,934
13318,44,3,1303
13318,28,2,1057
13318,18,3,649
13319,40,3,1066
13319,6,3,1306
13320,37,3,1229
13320,41,2,910
13320,26,2,1135
13321,49,2,1172
13321,13,1,954
13322,31,1,647
13323,20,2,753
13323,12,2,1432
13323,14,2,1157
13324,42,2,934
13324,48,2,553
13325,31,3,647
13325,38,1,1061
13326,35,2,815
13326,31,2,647
13326,32,3,611
13327,49,3,1172
13327,13,3,954
13328,25,2,737
13329,8,3,588
13329,35,3,815
13330,12,3,1432
13331,13,3,954
13331,4,1,516
13332,8,3,588
13332,3,2,748
13332,39,2,1068
13333,24,3,946
13334,6,3,1306
13334,28,2,1057
13334,29,2,1062
13335,18,2,649
13335,14,1,1157
13336,34,2,1107
13336,23,1,784
13336,46,3,625
13337,49,2,1172
13337,9,2,1025
13337,17,1,902
13338,20,3,753
13338,21,2,736
13338,50,2,998
13339,43,1,1149
13339,18,1,649
13340,1,3,1038
13341,45,2,561
13342,32,2,611
13342,14,2,1157
13342,13,2,954
13343,36,2,847
13343,49,3,1172
13344,39,1,1068
13344,19,2,718
13345,23,2,784
13345,39,2,1068
13345,30,2,549
13346,6,2,1306
13346,20,2,753
13347,9,2,1025
13347,9,1,1025
13347,23,1,784
13348,2,1,576
13349,13,3,954
13349,18,2,649
13349,27,1,1283
13350,11,3,1047
13350,3,2,748
13351,13,1,954
13351,18,3,649
13351,21,1,736
13352,40,2,1066
13352,19,3,718
13352,26,2,1135
13353,6,3,1306
13353,8,1,588
13353,47,1,954
13354,44,1,1303
13354,2,2,576
13354,26,3,1135
13355,19,2,718
13355,1,1,1038
13355,17,3,902
13356,32,1,611
13357,50,1,998
13357,40,1,1066
13358,4,3,516
13358,30,1,549
13358,47,1,954
13359,13,1,954
13360,3,1,748
13360,23,3,784
13360,6,1,1306
13361,50,3,998
13362,33,1,943
13363,45,1,561
13363,21,1,736
13363,45,1,561
13364,12,1,1432
13365,32,1,611
13365,13,2,954
13366,43,1,1149
13366,14,1,1157
13367,14,1,1157
13367,19,2,718
13368,20,1,753
13368,30,1,549
13369,17,3,902
13369,15,3,439
13369,48,1,553
13370,34,3,1107
13371,23,2,784
13372,44,1,1303
13373,38,3,1061
13373,33,1,943
13373,32,1,611
13374,25,2,737
13375,43,2,1149
13375,49,2,1172
13376,15,1,439
13377,45,3,561
13377,31,1,647
13378,49,1,1172
13378,14,2,1157
13379,33,1,943
13379,41,1,910
13380,29,2,1062
13380,22,3,892
13381,40,3,1066
13381,2,2,576
13382,4,2,516
13383,44,1,1303
13383,47,3,954
13383,45,1,561
13384,16,1,1416
13385,15,3,439
13386,25,3,737
13386,44,2,1303
13386,19,2,718
13387,32,3,611
13387,11,2,1047
13388,29,1,1062
13389,9,2,1025
13389,13,3,954
13390,2,1,576
13391,50,2,998
13391,39,2,1068
13392,21,1,736
13393,7,1,332
13394,8,1,588
13395,31,2,647
13395,3,3,748
13396,30,3,549
13396,18,1,649
13396,46,2,625
13397,21,2,736
13398,38,1,1061
13398,9,3,1025
13399,22,2,892
13400,37,2,1229
13401,34,1,1107
13402,26,2,1135
13402,5,2,1051
13402,6,2,1306
13403,33,3,943
13403,32,3,611
13403,29,2,1062
13404,33,2,943
13404,26,3,1135
13404,15,2,439
13405,8,2,588
13406,10,1,913
13406,24,1,946
13407,21,2,736
13408,5,3,1051
13408,43,1,1149
13408,33,3,943
13409,18,3,649
13409,36,1,847
13410,40,2,1066
13411,36,3,847
13411,19,3,718
13411,20,3,753
13412,13,1,954
13412,41,3,910
13413,28,3,1057
13413,21,1,736
13413,7,2,332
13414,4,3,516
13414,24,2,946
13414,5,1,1051
13415,7,3,332
13416,42,1,934
13416,36,1,847
13417,2,2,576
13417,19,1,718
13417,19,3,718
13418,3,2,748
13418,34,3,1107
13419,9,1,1025
13420,38,3,1061
13420,19,1,718
13421,13,1,954
13422,49,2,1172
13423,33,3,943
13423,6,1,1306
13424,33,2,943
13424,33,2,943
13424,26,3,1135
13425,20,1,753
13426,29,3,1062
13426,3,3,748
13427,17,3,902
13427,40,1,1066
13427,31,3,647
13428,28,1,1057
13429,39,1,1068
13429,23,3,784
13430,40,2,1066
13430,13,2,954
13430,37,3,1229
13431,27,3,1283
13432,22,3,892
13432,22,2,892
13433,30,3,549
13433,37,3,1229
13433,43,1,1149
13434,4,3,516
13434,42,3,934
13434,28,3,1057
13435,23,2,784
13435,29,1,1062
13435,47,1,954
13436,23,1,784
13436,19,3,718
13437,5,2,1051
13437,11,3,1047
13437,41,3,910
13438,47,3,954
13438,9,1,1025
13438,28,3,1057
13439,45,1,561
13440,28,1,1057
13440,1,2,1038
13440,43,1,1149
13441,44,3,1303
13441,19,3,718
13442,34,1,1107
13443,23,2,784
13443,45,3,561
13444,4,3,516
13444,30,2,549
13444,6,1,1306
13445,23,3,784
13445,37,3,1229
13445,4,1,516
13446,42,1,934
13447,28,3,1057
13447,2,1,576
13447,21,3,736
13448,1,3,1038
13448,19,2,718
13449,11,2,1047
13449,15,1,439
13449,21,3,736
13450,26,3,1135
13450,17,3,902
13450,20,2,753
13451,14,3,1157
13451,44,2,1303
13451,12,2,1432
13452,46,3,625
13452,37,3,1229
13452,38,1,1061
13453,3,1,748
13454,22,2,892
13454,30,1,549
13455,24,3,946
13455,20,2,753
13455,30,3,549
13456,19,1,718
13457,45,3,561
13457,45,3,561
13458,24,1,946
13458,13,1,954
13458,3,2,748
13459,46,3,625
13459,6,2,1306
13460,41,2,910
13460,45,1,561
13461,49,1,1172
13461,23,3,784
13462,9,2,1025
13462,46,2,625
13463,30,2,549
13464,13,1,954
13464,23,2,784
13464,28,1,1057
13465,43,2,1149
13465,49,2,1172
13466,19,2,718
13466,4,3,516
13466,24,3,946
13467,41,1,910
13468,34,2,1107
13469,43,2,1149
13469,4,3,516
13470,4,1,516
13471,20,1,753
13471,25,2,737
13472,28,2,1057
13473,31,2,647
13473,47,2,954
13473,50,1,998
13474,29,3,1062
13475,14,1,1157
13476,20,2,753
13476,48,1,553
13477,39,3,1068
13477,15,1,439
13477,29,1,1062
13478,37,2,1229
13478,46,3,625
13479,12,3,1432
13479,47,1,954
13480,9,2,1025
13480,24,2,946
13480,29,1,1062
13481,18,1,649
13482,27,1,1283
13482,3,2,748
13483,20,2,753
13483,31,3,647
13484,4,1,516
13484,47,1,954
13485,6,2,1306
13485,28,1,1057
13485,5,2,1051
13486,45,2,561
13486,41,1,910
13487,29,3,1062
13488,47,2,954
13489,33,1,943
13489,12,2,1432
13490,6,1,1306
13490,4,1,516
13491,7,3,332
13492,24,1,946
13492,44,3,1303
13492,21,3,736
13493,46,1,625
13493,43,1,1149
13493,12,1,1432
13494,26,2,1135
13495,49,1,1172
13495,31,2,647
13495,32,3,611
13496,3,1,748
13496,41,3,910
13496,10,2,913
13497,8,2,588
13497,11,2,1047
13497,33,3,943
13498,50,2,998
13498,3,1,748
13499,38,2,1061
13500,27,2,1283
13500,33,3,943
13500,10,1,913
13501,2,3,576
13501,5,3,1051
13501,40,3,1066
13502,37,1,1229
13502,41,1,910
13502,46,2,625
13503,44,3,1303
13504,49,1,1172
13505,5,2,1051
13506,23,1,784
13506,31,2,647
13506,41,3,910
13507,8,1,588
13507,47,3,954
13508,38,1,1061
13509,48,1,553
13510,12,3,1432
13511,16,2,1416
13511,2,3,576
13512,47,1,954
13512,21,3,736
13513,48,1,553
13513,42,2,934
13514,47,1,954
13515,7,3,332
13516,25,2,737
13516,18,3,649
13517,24,1,946
13518,41,2,910
13518,13,2,954
13518,12,2,1432
13519,24,1,946
13520,28,1,1057
13520,21,3,736
13520,3,3,748
13521,2,3,576
13521,45,3,561
13522,26,3,1135
13523,32,2,611
13524,15,3,439
13524,1,3,1038
13524,33,2,943
13525,41,2,910
13525,29,3,1062
13525,29,1,1062
13526,36,3,847
13527,30,2,549
13527,46,1,625
13528,43,1,1149
13529,26,2,1135
13529,9,1,1025
13530,18,2,649
13530,49,2,1172
13530,24,2,946
13531,37,1,1229
13531,48,3,553
13531,46,2,625
13532,5,3,1051
13532,8,2,588
13533,15,2,439
13533,3,1,748
13533,31,2,647
13534,47,2,954
13535,21,3,736
13535,39,2,1068
13536,17,2,902
13537,34,1,1107
13537,46,1,625
13537,41,2,910
13538,33,1,943
13538,49,2,1172
13538,38,1,1061
13539,8,1,588
13540,27,2,1283
13540,27,2,1283
13541,4,2,516
13541,19,3,718
13542,21,3,736
13542,19,3,718
13543,2,2,576
13544,22,3,892
13544,45,1,561
13544,22,3,892
13545,6,2,1306
13545,28,2,1057
13545,17,3,902
13546,28,1,1057
13546,28,2,1057
13546,26,2,1135
13547,6,1,1306
13547,34,3,1107
13547,30,3,549
13548,33,3,943
13549,23,3,784
13549,7,3,332
13549,37,1,1229
13550,19,1,718
13550,33,3,943
13550,29,2,1062
13551,18,1,649
13551,31,1,647
13551,18,3,649
13552,22,2,892
13552,33,1,943
13553,15,2,439
13553,21,3,736
13553,27,2,1283
13554,10,2,913
13554,6,3,1306
13554,14,1,1157
13555,7,3,332
13556,18,3,649
13556,42,3,934
13557,50,3,998
13557,26,1,1135
13557,39,1,1068
13558,26,1,1135
13558,47,1,954
13558,22,2,892
13559,8,2,588
13559,28,2,1057
13560,7,1,332
13560,15,3,439
13560,22,1,892
13561,15,1,439
13561,16,3,1416
13561,23,2,784
13562,37,3,1229
13562,10,2,913
13562,34,2,1107
13563,34,3,1107
13564,2,1,576
13564,18,1,649
13565,11,1,1047
13565,25,2,737
13565,23,1,784
13566,42,2,934
13567,20,3,753
13567,20,1,753
13568,29,2,1062
13568,46,3,625
13569,11,1,1047
13570,15,2,439
13570,25,1,737
13571,20,3,753
13571,30,1,549
13572,9,1,1025
13572,29,3,1062
13572,38,1,1061
13573,39,2,1068
13574,42,3,934
13575,7,1,332
13575,47,2,954
13575,14,1,1157
13576,11,3,1047
13577,6,3,1306
13578,15,1,439
13578,36,3,847
13578,46,3,625
13579,10,3,913
13580,40,3,1066
13580,39,1,1068
13580,7,2,332
13581,3,2,748
13581,27,3,1283
13581,41,2,910
13582,3,1,748
13583,28,3,1057
13584,37,2,1229
13584,11,3,1047
13584,17,2,902
13585,10,2,913
13585,20,1,753
13586,6,2,1306
13587,38,1,1061
13587,7,3,332
13588,7,2,332
13589,50,1,998
13590,50,2,998
13590,36,2,847
13590,26,3,1135
13591,32,1,611
13591,25,3,737
13591,33,3,943
13592,35,3,815
13592,20,1,753
13593,37,2,1229
13594,45,1,561
13594,25,2,737
13595,7,1,332
13596,15,3,439
13597,19,2,718
13598,8,1,588
13598,5,2,1051
13599,39,2,1068
13599,3,2,748
13599,1,3,1038
13600,44,1,1303
13601,41,3,910
13601,23,1,784
13602,14,1,1157
13602,25,3,737
13603,17,3,902
13603,45,1,561
13604,4,2,516
13604,12,2,1432
13604,20,2,753
13605,5,2,1051
13605,13,1,954
13605,30,3,549
13606,28,2,1057
13607,31,2,647
13608,14,3,1157
13608,17,3,902
13608,20,3,753
13609,38,3,1061
13609,3,1,748
13610,15,2,439
13610,42,3,934
13611,32,3,611
13612,24,1,946
13612,33,3,943
13612,3,3,748
13613,17,1,902
13613,30,1,549
13613,33,2,943
13614,48,1,553
13615,16,1,1416
13615,1,1,1038
13616,16,3,1416
13616,49,1,1172
13617,36,3,847
13618,50,1,998
13619,41,2,910
13620,39,1,1068
13620,34,3,1107
13621,40,3,1066
13622,38,1,1061
13622,26,2,1135
13623,13,3,954
13623,11,2,1047
13624,10,1,913
13624,50,3,998
13625,11,1,1047
13626,26,3,1135
13627,18,1,649
13627,13,3,954
13628,22,2,892
13629,44,1,1303
13629,43,2,1149
13629,35,2,815
13630,6,1,1306
13630,50,3,998
13631,18,2,649
13631,29,3,1062
13631,19,1,718
13632,17,2,902
13632,48,2,553
13632,13,3,954
13633,20,3,753
13633,39,3,1068
13633,37,1,1229
13634,50,3,998
13635,2,1,576
13636,38,1,1061
13636,42,1,934
13637,41,2,910
13637,46,3,625
13638,36,1,847
13638,40,2,1066
13638,9,2,1025
13639,34,1,1107
13639,42,2,934
13639,14,1,1157
13640,32,2,611
13640,31,1,647
13640,5,3,1051
13641,1,2,1038
13641,42,3,934
13642,25,2,737
13642,9,2,1025
13643,20,3,753
13643,41,2,910
13644,14,1,1157
13644,8,1,588
13644,11,2,1047
13645,10,3,913
13645,6,1,1306
13645,18,2,649
13646,25,1,737
13646,10,3,913
13646,7,2,332
13647,10,3,913
13648,30,3,549
13649,32,3,611
13650,13,3,954
13650,40,2,1066
13651,50,2,998
13652,46,2,625
13653,15,1,439
13654,8,2,588
13654,41,2,910
13655,28,2,1057
13656,41,1,910
13656,35,1,815
13657,5,3,1051
13657,4,2,516
13658,22,2,892
13658,13,1,954
13658,38,2,1061
13659,5,3,1051
13659,30,3,549
13659,22,1,892
13660,45,3,561
13661,48,3,553
13661,20,1,753
13661,45,3,561
13662,4,2,516
13663,21,1,736
13663,36,2,847
13664,48,3,553
13664,48,1,553
13664,22,1,892
13665,45,3,561
13665,47,3,954
13666,33,2,943
13666,22,3,892
13667,11,2,1047
13668,10,3,913
13668,13,3,954
13668,23,1,784
13669,13,1,954
13670,41,1,910
13671,32,2,611
13671,29,3,1062
13671,12,3,1432
13672,50,3,998
13672,8,3,588
13673,19,1,718
13673,44,3,1303
13674,40,3,1066
13675,1,2,1038
13675,31,3,647
13675,38,1,1061
13676,28,2,1057
13676,11,1,1047
13677,25,1,737
13678,45,3,561
13678,25,1,737
13679,5,2,1051
13679,39,1,1068
13680,8,2,588
13681,18,1,649
13682,48,2,553
13682,12,3,1432
13683,39,3,1068
13683,3,1,748
13683,28,2,1057
13684,16,2,1416
13685,44,3,1303
13686,24,3,946
13686,3,1,748
13687,19,1,718
13688,1,3,1038
13688,48,2,553
13689,40,2,1066
13690,36,2,847
13690,45,1,561
13691,4,2,516
13691,49,1,1172
13691,18,3,649
13692,49,3,1172
13693,25,1,737
13694,19,2,718
13695,46,3,625
13696,29,3,1062
13696,20,1,753
13697,16,3,1416
13697,7,3,332
13698,6,3,1306
13698,50,2,998
13698,39,3,1068
13699,38,2,1061
13699,47,3,954
13699,48,1,553
13700,36,2,847
13700,24,1,946
13700,9,2,1025
13701,48,3,553
13702,8,1,588
13702,33,3,943
13702,40,2,1066
13703,24,1,946
13704,3,3,748
13705,48,3,553
13705,39,3,1068
13705,21,1,736
13706,32,3,611
13707,23,2,784
13707,18,3,649
13707,42,3,934
13708,26,2,1135
13708,5,2,1051
13709,11,1,1047
13710,9,1,1025
13710,29,2,1062
13710,30,1,549
13711,32,1,611
13711,9,3,1025
13712,26,3,1135
13713,25,1,737
13713,24,3,946
13714,4,1,516
13714,34,3,1107
13715,28,3,1057
13716,40,3,1066
13716,36,2,847
13717,5,3,1051
13717,46,3,625
13717,43,2,1149
13718,50,2,998
13718,14,3,1157
13718,6,2,1306
13719,25,2,737
13719,21,3,736
13720,13,2,954
13721,16,1,1416
13721,21,3,736
13721,47,3,954
13722,24,1,946
13722,18,2,649
13722,7,2,332
13723,26,1,1135
13723,28,1,1057
13723,10,1,913
13724,18,3,649
13724,28,2,1057
13724,23,3,784
13725,24,2,946
13725,41,2,910
13725,37,3,1229
13726,37,1,1229
13726,31,2,647
13726,25,2,737
13727,23,1,784
13727,47,1,954
13727,14,2,1157
13728,9,1,1025
13728,42,1,934
13728,19,2,718
13729,46,1,625
13729,12,1,1432
13729,35,2,815
13730,21,3,736
13730,47,3,954
13731,22,3,892
13731,20,3,753
13731,42,1,934
13732,24,1,946
13733,49,1,1172
13734,11,2,1047
13734,49,2,1172
13735,41,1,910
13736,35,3,815
13736,30,3,549
13736,46,2,625
13737,36,3,847
13738,12,2,1432
13739,31,3,647
13739,14,1,1157
13740,43,3,1149
13740,32,1,611
13741,41,2,910
13741,10,2,913
13742,13,2,954
13742,50,1,998
13743,38,1,1061
13743,18,3,649
13744,3,2,748
13745,33,2,943
13745,35,3,815
13746,48,1,553
13747,39,3,1068
13747,43,3,1149
13747,22,2,892
13748,46,2,625
13748,28,1,1057
13748,28,2,1057
13749,5,2,1051
13750,40,3,1066
13750,46,1,625
13751,7,2,332
13751,3,2,748
13751,42,1,934
13752,23,1,784
13752,38,3,1061
13752,17,3,902
13753,31,3,647
13754,24,3,946
13754,18,1,649
13754,23,1,784
13755,30,1,549
13755,33,1,943
13755,25,3,737
13756,43,2,1149
13756,37,3,1229
13756,5,3,1051
13757,11,3,1047
13757,34,3,1107
13758,49,3,1172
13758,44,2,1303
13759,1,1,1038
13759,43,3,1149
13760,26,1,1135
13760,6,3,1306
13761,35,2,815
13761,39,1,1068
13762,40,3,1066
13763,25,3,737
13764,18,1,649
13764,29,2,1062
13765,38,2,1061
13765,2,1,576
13765,12,3,1432
13766,4,1,516
13766,29,3,1062
13766,19,2,718
13767,15,3,439
13767,44,2,1303
13768,3,3,748
13769,10,3,913
13769,9,2,1025
13770,29,3,1062
13770,18,3,649
13771,23,3,784
13772,32,2,611
13772,31,3,647
13773,26,2,1135
13773,18,1,649
13773,29,3,1062
13774,4,2,516
13774,8,1,588
13775,43,3,1149
13776,25,3,737
13776,4,3,516
13777,4,3,516
13777,32,1,611
13777,41,3,910
13778,1,2,1038
13779,20,1,753
13779,25,1,737
13779,38,1,1061
13780,3,1,748
13781,24,3,946
13781,23,3,784
13782,43,3,1149
13782,28,1,1057
13783,28,2,1057
13783,22,3,892
13784,42,2,934
13784,28,2,1057
13785,27,1,1283
13786,15,1,439
13786,19,2,718
13786,4,1,516
13787,18,2,649
13787,10,2,913
13788,46,1,625
13789,47,2,954
13790,48,2,553
13790,23,2,784
13791,45,3,561
13791,49,2,1172
13791,18,1,649
13792,2,3,576
13792,20,1,753
13792,22,1,892
13793,19,2,718
13794,29,3,1062
13794,49,1,1172
13794,46,1,625
13795,23,3,784
13796,43,2,1149
13796,16,1,1416
13796,26,1,1135
13797,20,3,753
13797,19,3,718
13797,12,3,1432
13798,15,2,439
13798,27,2,1283
13798,32,3,611
13799,6,1,1306
13800,46,3,625
13800,43,2,1149
13800,4,1,516
13801,2,2,576
13801,32,2,611
13802,41,1,910
13803,49,2,1172
13803,20,3,753
13803,25,1,737
13804,1,1,1038
13804,21,2,736
13804,40,2,1066
13805,16,1,1416
13805,5,2,1051
13805,5,2,1051
13806,28,3,1057
13806,21,3,736
13806,14,1,1157
13807,10,1,913
13807,30,3,549
13807,37,2,1229
13808,43,2,1149
13809,11,2,1047
13809,29,1,1062
13810,3,1,748
13810,36,3,847
13811,36,3,847
13812,16,3,1416
13812,10,1,913
13813,6,2,1306
13814,33,1,943
13814,8,2,588
13814,26,1,1135
13815,21,1,736
13815,7,3,332
13815,13,3,954
13816,41,3,910
13816,50,2,998
13817,28,3,1057
13817,4,2,516
13818,23,2,784
13818,10,3,913
13818,6,1,1306
13819,17,2,902
13820,18,3,649
13820,33,1,943
13821,11,1,1047
13821,37,3,1229
13821,28,1,1057
13822,28,1,1057
13823,15,2,439
13823,2,2,576
13823,12,2,1432
13824,49,1,1172
13824,3,3,748
13825,1,2,1038
13826,24,1,946
13827,48,2,553
13827,29,1,1062
13828,28,1,1057
13829,39,2,1068
13829,14,1,1157
13829,3,2,748
13830,29,1,1062
13830,24,2,946
13830,41,3,910
13831,9,2,1025
13831,41,1,910
13832,5,3,1051
13832,25,1,737
13832,22,2,892
13833,20,2,753
13834,34,2,1107
13835,22,2,892
13835,26,2,1135
13836,22,1,892
13836,47,3,954
13837,23,2,784
13837,28,3,1057
13838,12,2,1432
13839,41,1,910
13840,34,1,1107
13840,3,3,748
13841,15,2,439
13841,25,1,737
13841,11,1,1047
13842,42,1,934
13842,4,3,516
13843,31,3,647
13843,31,2,647
13843,19,2,718
13844,37,2,1229
13845,45,1,561
13845,8,3,588
13845,49,1,1172
13846,44,2,1303
13846,12,3,1432
13846,6,1,1306
13847,16,3,1416
13847,47,2,954
13848,44,3,1303
13848,46,3,625
13848,46,1,625
13849,21,1,736
13849,21,2,736
13849,37,2,1229
13850,24,2,946
13850,37,2,1229
13850,36,2,847
13851,47,1,954
13851,12,1,1432
13852,36,1,847
13853,2,1,576
13854,50,3,998
13854,32,3,611
13855,17,1,902
13856,23,2,784
13856,48,1,553
13856,16,1,1416
13857,45,1,561
13858,38,3,1061
13858,6,1,1306
13859,21,2,736
13860,26,3,1135
13860,46,1,625
13860,20,3,753
13861,27,1,1283
13861,21,3,736
13862,42,3,934
13862,13,2,954
13863,26,3,1135
13864,47,1,954
13864,5,1,1051
13865,26,3,1135
13866,14,3,1157
13866,20,3,753
13866,32,2,611
13867,26,2,1135
13868,45,2,561
13868,48,3,553
13869,20,2,753
13870,21,2,736
13870,28,2,1057
13871,5,1,1051
13872,50,2,998
13872,22,2,892
13872,49,1,1172
13873,15,1,439
13873,17,2,902
13874,22,3,892
13875,9,2,1025
13876,8,2,588
13876,25,3,737
13876,26,1,1135
13877,23,3,784
13877,29,1,1062
13877,34,1,1107
13878,24,1,946
13878,5,3,1051
13879,22,2,892
13879,42,3,934
13880,30,1,549
13881,40,3,1066
13882,6,3,1306
13883,1,3,1038
13883,4,2,516
13883,28,2,1057
13884,23,3,784
13884,17,2,902
13885,16,3,1416
13885,41,2,910
13886,11,2,1047
13886,9,1,1025
13887,46,1,625
13887,46,1,625
13887,1,1,1038
13888,39,1,1068
13889,9,3,1025
13890,35,2,815
13890,22,2,892
13891,46,3,625
13892,29,3,1062
13892,21,2,736
13893,38,1,1061
13893,33,2,943
13893,37,3,1229
13894,14,1,1157
13894,24,2,946
13894,42,3,934
13895,4,3,516
13896,2,2,576
13896,29,1,1062
13897,10,2,913
13898,9,1,1025
13899,48,3,553
13899,34,1,1107
13899,23,3,784
13900,2,3,576
13900,32,2,611
13900,37,3,1229
13901,36,1,847
13901,25,1,737
13901,41,1,910
13902,12,3,1432
13902,15,2,439
13902,50,1,998
13903,6,2,1306
13903,34,3,1107
13903,23,2,784
13904,31,2,647
13904,47,1,954
13904,35,2,815
13905,41,3,910
13905,35,1,815
13906,10,2,913
13906,38,2,1061
13906,10,3,913
13907,31,1,647
13907,22,2,892
13907,49,2,1172
13908,26,2,1135
13908,26,2,1135
13909,17,2,902
13910,3,1,748
13910,19,1,718
13910,49,1,1172
13911,15,1,439
13911,45,3,561
13911,48,3,553
13912,33,2,943
13912,45,3,561
13913,13,1,954
13913,1,2,1038
13914,26,2,1135
13914,7,2,332
13914,24,2,946
13915,31,3,647
13916,37,2,1229
13917,11,3,1047
13917,13,2,954
13918,2,1,576
13919,30,1,549
13919,29,3,1062
13919,6,3,1306
13920,6,3,1306
13920,25,2,737
13920,40,1,1066
13921,15,1,439
13921,31,1,647
13921,9,2,1025
13922,14,3,1157
13922,50,1,998
13922,37,3,1229
13923,9,1,1025
13924,17,2,902
13924,28,3,1057
13925,43,3,1149
13925,23,3,784
13926,20,1,753
13927,22,3,892
13927,31,3,647
13927,2,1,576
13928,27,2,1283
13928,23,1,784
13929,15,3,439
13930,9,1,1025
13931,4,1,516
13931,9,1,1025
13932,20,2,753
13933,48,1,553
13933,46,3,625
13934,14,1,1157
13934,45,2,561
13935,44,3,1303
13935,14,2,1157
13936,44,2,1303
13936,36,1,847
13937,49,1,1172
13937,20,1,753
13937,42,1,934
13938,50,3,998
13938,23,1,784
13938,28,1,1057
13939,14,2,1157
13939,20,2,753
13940,8,2,588
13940,38,1,1061
13940,12,3,1432
13941,26,2,1135
13941,25,2,737
13941,42,3,934
13942,41,1,910
13942,2,3,576
13943,10,1,913
13943,45,3,561
13944,45,3,561
13944,34,3,1107
13945,3,3,748
13945,21,1,736
13945,4,3,516
13946,14,2,1157
13947,42,2,934
13948,2,2,576
13949,22,3,892
13949,4,3,516
13949,18,1,649
13950,9,2,1025
13950,2,2,576
13950,38,1,1061
13951,9,3,1025
13951,45,1,561
13951,17,1,902
13952,12,3,1432
13953,4,3,516
13953,23,1,784
13953,6,1,1306
13954,44,2,1303
13954,36,2,847
13954,18,2,649
13955,19,3,718
13956,39,1,1068
13957,11,3,1047
13957,15,1,439
13957,15,2,439
13958,35,1,815
13958,14,1,1157
13958,21,1,736
13959,30,3,549
13959,8,3,588
13960,2,2,576
13961,27,2,1283
13961,21,1,736
13962,8,1,588
13962,42,3,934
13963,23,2,784
13963,3,3,748
13963,14,3,1157
13964,35,1,815
13965,43,2,1149
13965,26,3,1135
13965,34,2,1107
13966,50,2,998
13966,9,2,1025
13966,2,3,576
13967,50,2,998
13968,7,2,332
13968,17,3,902
13968,3,3,748
13969,14,1,1157
13969,29,3,1062
13969,50,3,998
13970,22,3,892
13970,25,2,737
13971,29,1,1062
13971,42,2,934
13972,23,1,784
13973,43,1,1149
13973,21,2,736
13973,45,3,561
13974,22,1,892
13975,50,3,998
13975,39,3,1068
13975,37,3,1229
13976,38,2,1061
13977,4,3,516
13978,6,3,1306
13979,13,1,954
13980,2,2,576
13980,7,2,332
13980,22,2,892
13981,23,2,784
13981,39,1,1068
13982,44,2,1303
13983,4,2,516
13983,11,1,1047
13984,26,1,1135
13984,4,2,516
13985,29,2,1062
13986,31,2,647
13986,28,2,1057
13986,21,2,736
13987,2,2,576
13987,45,2,561
13988,31,3,647
13988,26,3,1135
13989,13,3,954
13989,36,1,847
13989,15,3,439
13990,4,2,516
13990,39,2,1068
13991,24,1,946
13991,35,1,815
13991,13,3,954
13992,42,1,934
13992,5,2,1051
13993,46,2,625
13993,43,2,1149
13993,38,1,1061
13994,1,3,1038
13995,13,3,954
13996,6,3,1306
13997,6,2,1306
13997,48,2,553
13997,18,3,649
13998,21,2,736
13998,3,3,748
13999,30,1,549
13999,31,1,647
13999,40,1,1066
14000,11,2,1047
14000,37,1,1229
14001,40,2,1066
14001,46,2,625
14001,15,2,439
14002,32,2,611
14002,28,1,1057
14003,45,3,561
14003,36,3,847
14004,10,3,913
14005,18,2,649
14005,44,1,1303
14006,48,2,553
14006,44,1,1303
14006,22,1,892
14007,37,1,1229
14007,19,1,718
14007,40,3,1066
14008,29,2,1062
14008,35,2,815
14008,21,1,736
14009,11,2,1047
14009,18,3,649
14010,1,2,1038
14011,11,2,1047
14011,9,2,1025
14011,38,1,1061
14012,23,1,784
14013,2,1,576
14014,1,1,1038
14015,6,3,1306
14015,46,3,625
14016,29,2,1062
14016,5,1,1051
14016,29,1,1062
14017,25,2,737
14018,6,2,1306
14019,43,3,1149
14020,17,2,902
14020,39,3,1068
14020,6,3,1306
14021,19,2,718
14021,43,2,1149
14022,23,3,784
14022,26,1,1135
14022,36,2,847
14023,22,2,892
14023,9,1,1025
14024,14,3,1157
14024,21,3,736
14024,1,1,1038
14025,12,1,1432
14025,41,2,910
14026,8,1,588
14027,9,1,1025
14028,7,3,332
14028,29,2,1062
14029,21,3,736
14030,21,2,736
14030,40,2,1066
14030,39,3,1068
14031,8,2,588
14031,20,1,753
14031,36,2,847
14032,42,3,934
14032,35,1,815
14033,17,3,902
14034,42,1,934
14034,14,1,1157
14034,43,1,1149
14035,35,2,815
14035,36,3,847
14036,36,2,847
14036,43,3,1149
14037,44,1,1303
14038,45,2,561
14038,6,3,1306
14038,14,3,1157
14039,17,2,902
14039,2,2,576
14040,32,2,611
14040,7,1,332
14041,18,2,649
14041,26,3,1135
14041,4,3,516
14042,17,3,902
14042,3,3,748
14042,24,1,946
14043,9,1,1025
14043,46,1,625
14043,14,3,1157
14044,34,2,1107
14044,13,2,954
14045,43,1,1149
14046,46,3,625
14046,3,3,748
14046,5,3,1051
14047,29,2,1062
14048,46,2,625
14048,31,2,647
14048,11,3,1047
14049,19,2,718
14050,18,3,649
14051,31,2,647
14052,31,1,647
14052,37,1,1229
14053,39,1,1068
14054,4,2,516
14054,28,3,1057
14055,21,3,736
14055,43,3,1149
14055,27,3,1283
14056,43,2,1149
14056,22,1,892
14057,27,3,1283
14057,48,1,553
14058,27,2,1283
14058,34,1,1107
14058,20,3,753
14059,18,1,649
14060,47,3,954
14060,32,2,611
14060,6,3,1306
14061,37,1,1229
14061,23,3,784
14061,18,1,649
14062,14,1,1157
14062,50,3,998
14062,50,2,998
14063,9,2,1025
14063,35,1,815
14064,34,2,1107
14064,45,3,561
14064,26,3,1135
14065,22,2,892
14065,44,3,1303
14066,18,1,649
14067,33,2,943
14068,24,2,946
14068,39,1,1068
14069,33,2,943
14070,30,3,549
14070,20,3,753
14071,50,2,998
14071,34,3,1107
14071,9,3,1025
14072,11,3,1047
14073,47,1,954
14073,1,1,1038
14074,50,3,998
14075,44,2,1303
14076,19,2,718
14076,5,3,1051
14077,11,3,1047
14077,47,2,954
14077,31,2,647
14078,39,2,1068
14079,21,2,736
14079,8,1,588
14079,37,3,1229
14080,42,3,934
14080,43,3,1149
14080,10,2,913
14081,22,2,892
14081,37,1,1229
14082,17,2,902
14083,37,1,1229
14083,17,1,902
14084,4,1,516
14084,21,2,736
14085,5,3,1051
14085,3,3,748
14086,10,3,913
14087,30,3,549
14088,31,1,647
14088,14,3,1157
14088,23,2,784
14089,35,2,815
14090,13,2,954
14090,33,3,943
14091,44,2,1303
14092,3,2,748
14093,19,3,718
14093,23,1,784
14094,18,1,649
14094,3,3,748
14094,16,3,1416
14095,36,2,847
14095,44,1,1303
14095,49,2,1172
14096,25,1,737
14097,2,1,576
14097,38,2,1061
14098,26,1,1135
14098,31,3,647
14098,11,2,1047
14099,20,1,753
14099,9,2,1025
14099,35,1,815
14100,23,2,784
14100,6,1,1306
14100,14,3,1157
14101,35,1,815
14101,49,2,1172
14102,21,2,736
14103,17,1,902
14103,26,3,1135
14104,20,3,753
14105,27,3,1283
14106,17,2,902
14107,14,2,1157
14107,23,3,784
14107,17,3,902
14108,18,2,649
14108,12,1,1432
14108,35,2,815
14109,12,3,1432
14109,16,1,1416
14109,2,2,576
14110,40,3,1066
14110,6,1,1306
14111,49,3,1172
14111,13,1,954
14111,14,1,1157
14112,4,3,516
14113,23,3,784
14114,41,1,910
14114,20,3,753
14115,44,3,1303
14115,20,3,753
14115,49,1,1172
14116,15,3,439
14116,21,3,736
14117,41,3,910
14118,14,3,1157
14119,4,3,516
14119,15,1,439
14120,49,3,1172
14121,32,1,611
14121,46,2,625
14122,14,2,1157
14122,16,1,1416
14123,34,2,1107
14124,31,2,647
14125,6,1,1306
14125,32,1,611
14126,30,3,549
14126,30,1,549
14126,30,1,549
14127,49,1,1172
14127,6,2,1306
14128,36,3,847
14128,2,2,576
14129,11,1,1047
14130,33,1,943
14131,10,1,913
14131,7,1,332
14132,18,2,649
14132,27,2,1283
14132,14,3,1157
14133,48,2,553
14133,22,1,892
14134,41,3,910
14134,35,3,815
14134,41,3,910
14135,19,2,718
14136,46,2,625
14136,18,3,649
14136,8,2,588
14137,46,2,625
14138,39,1,1068
14138,8,1,588
14138,14,1,1157
14139,21,1,736
14140,35,2,815
14140,36,1,847
14141,15,3,439
14141,31,2,647
14141,4,3,516
14142,38,1,1061
14142,22,2,892
14143,45,2,561
14144,47,2,954
14144,30,1,549
14145,45,2,561
14145,19,3,718
14146,33,2,943
14147,36,3,847
14148,14,2,1157
14148,3,1,748
14149,40,2,1066
14149,17,3,902
14150,41,1,910
14150,42,1,934
14151,33,2,943
14151,25,2,737
14152,38,1,1061
14152,19,3,718
14153,30,1,549
14153,22,2,892
14153,5,3,1051
14154,5,2,1051
14154,18,3,649
14155,29,3,1062
14155,47,1,954
14155,43,2,1149
14156,47,3,954
14156,39,2,1068
14156,15,3,439
14157,20,1,753
14157,35,3,815
14157,36,2,847
14158,37,2,1229
14159,35,1,815
14159,24,2,946
14159,23,3,784
14160,8,1,588
14160,27,1,1283
14160,31,2,647
14161,48,2,553
14161,14,3,1157
14161,28,3,1057
14162,20,1,753
14162,13,3,954
14162,23,1,784
14163,10,2,913
14163,37,1,1229
14163,41,1,910
14164,4,2,516
14165,14,3,1157
14165,12,2,1432
14166,10,3,913
14166,37,3,1229
14166,1,3,1038
14167,49,1,1172
14167,32,1,611
14167,34,3,1107
14168,23,2,784
14168,18,1,649
14169,47,3,954
14169,13,2,954
14170,49,3,1172
14170,12,2,1432
14171,4,1,516
14172,8,1,588
14172,13,3,954
14172,49,1,1172
14173,26,2,1135
14173,33,3,943
14174,49,3,1172
14175,40,2,1066
14175,5,2,1051
14175,11,2,1047
14176,26,1,1135
14177,50,3,998
14177,3,1,748
14177,3,1,748
14178,27,2,1283
14179,17,2,902
14179,27,2,1283
14179,16,3,1416
14180,16,2,1416
14180,13,2,954
14181,12,3,1432
14182,26,3,1135
14183,30,2,549
14183,9,2,1025
14184,26,1,1135
14184,32,2,611
14184,18,3,649
14185,24,3,946
14186,49,2,1172
14187,21,3,736
14187,40,2,1066
14188,4,3,516
14188,15,2,439
14189,43,3,1149
14189,32,2,611
14190,12,3,1432
14190,44,3,1303
14191,39,1,1068
14192,43,2,1149
14192,8,3,588
14193,22,2,892
14193,3,1,748
14193,35,2,815
14194,15,1,439
14195,41,2,910
14195,30,1,549
14196,15,1,439
14197,3,3,748
14197,9,1,1025
14197,40,1,1066
14198,49,3,1172
14198,9,2,1025
14199,30,3,549
14199,2,1,576
14199,24,2,946
14200,6,1,1306
14200,2,2,576
14200,49,3,1172
14201,21,3,736
14201,12,1,1432
14201,20,1,753
14202,12,1,1432
14203,29,2,1062
14204,33,2,943
14204,42,1,934
14204,17,1,902
14205,37,3,1229
14205,4,2,516
14205,20,2,753
14206,26,2,1135
14206,33,1,943
14206,17,1,902
14207,35,2,815
14207,32,1,611
14207,50,3,998
14208,39,1,1068
14209,10,2,913
14209,5,3,1051
14210,8,1,588
14210,32,1,611
14210,12,2,1432
14211,26,2,1135
14212,5,3,1051
14213,10,2,913
14213,30,2,549
14214,17,2,902
14215,42,3,934
14215,2,1,576
14216,44,2,1303
14216,12,2,1432
14217,29,1,1062
14217,3,1,748
14218,22,2,892
14218,21,2,736
14218,2,2,576
14219,25,2,737
14220,8,1,588
14221,13,1,954
14221,11,3,1047
14221,30,3,549
14222,18,3,649
14222,19,2,718
14222,7,2,332
14223,16,1,1416
14223,29,1,1062
14224,31,1,647
14224,43,3,1149
14224,27,1,1283
14225,7,3,332
14225,34,2,1107
14225,18,1,649
14226,9,1,1025
14226,1,2,1038
14227,2,3,576
14227,34,3,1107
14227,27,2,1283
14228,7,2,332
14228,1,2,1038
14228,17,2,902
14229,11,3,1047
14230,26,3,1135
14230,39,2,1068
14230,13,3,954
14231,31,3,647
14231,35,1,815
14232,29,3,1062
14232,32,3,611
14232,39,1,1068
14233,37,3,1229
14233,43,3,1149
14233,41,3,910
14234,37,3,1229
14235,3,3,748
14236,1,1,1038
14236,2,2,576
14236,19,3,718
14237,27,2,1283
14238,10,3,913
14238,14,2,1157
14239,7,3,332
14240,19,2,718
14240,20,2,753
14240,2,3,576
14241,10,2,913
14241,50,1,998
14242,46,1,625
14242,44,3,1303
14242,3,2,748
14243,4,2,516
14243,10,1,913
14244,34,1,1107
14245,44,2,1303
14246,22,1,892
14246,21,2,736
14247,11,3,1047
14248,38,2,1061
14248,11,1,1047
14249,4,3,516
14249,21,3,736
14249,26,3,1135
14250,40,2,1066
14251,13,1,954
14251,16,3,1416
14252,6,2,1306
14252,13,2,954
14253,13,1,954
14253,46,1,625
14254,25,1,737
14254,27,1,1283
14254,4,1,516
14255,6,3,1306
14256,21,1,736
14256,20,2,753
14257,29,3,1062
14257,18,3,649
14258,16,3,1416
14258,33,2,943
14259,8,2,588
14260,5,1,1051
14260,3,1,748
14261,28,2,1057
14261,14,3,1157
14261,37,3,1229
14262,32,3,611
14262,37,1,1229
14262,22,1,892
14263,50,2,998
14263,30,3,549
14264,20,3,753
14265,32,2,611
14265,21,3,736
14265,25,3,737
14266,33,1,943
14266,34,2,1107
14267,23,3,784
14267,40,2,1066
14268,21,1,736
14269,4,3,516
14269,18,3,649
14269,29,3,1062
14270,31,2,647
14271,40,1,1066
14271,40,1,1066
14272,23,1,784
14272,10,1,913
14272,8,1,588
14273,43,1,1149
14274,33,1,943
14274,30,1,549
14275,42,2,934
14275,8,1,588
14275,14,3,1157
14276,33,1,943
14276,27,2,1283
14277,5,3,1051
14278,44,3,1303
14278,20,2,753
14278,26,2,1135
14279,30,3,549
14280,17,1,902
14281,26,1,1135
14281,5,2,1051
14282,1,2,1038
14282,30,1,549
14283,14,2,1157
14284,31,1,647
14284,35,3,815
14285,48,3,553
14285,47,1,954
14285,29,1,1062
14286,19,2,718
14287,7,3,332
14288,44,1,1303
14289,31,3,647
14289,14,3,1157
14290,22,3,892
14291,36,3,847
14291,2,1,576
14291,17,2,902
14292,38,3,1061
14292,32,2,611
14293,12,3,1432
14293,28,3,1057
14293,18,3,649
14294,18,3,649
14294,6,3,1306
14294,37,1,1229
14295,12,2,1432
14295,5,3,1051
14296,50,3,998
14297,33,2,943
14297,5,1,1051
14298,32,2,611
14298,13,3,954
14298,10,3,913
14299,1,3,1038
14300,46,1,625
14300,41,3,910
14301,42,2,934
14302,11,2,1047
14302,7,1,332
14302,35,1,815
14303,36,2,847
14303,24,2,946
14303,26,2,1135
14304,5,3,1051
14304,34,2,1107
14304,17,1,902
14305,25,2,737
14305,40,1,1066
14306,6,3,1306
14306,3,1,748
14306,44,2,1303
14307,34,2,1107
14308,23,2,784
14309,23,2,784
14310,15,3,439
14310,16,3,1416
14310,4,2,516
14311,25,2,737
14311,48,1,553
14311,13,1,954
14312,21,2,736
14312,1,1,1038
14312,36,2,847
14313,46,3,625
14314,2,1,576
14314,3,2,748
14315,50,1,998
14315,25,1,737
14315,34,1,1107
14316,5,2,1051
14316,35,3,815
14317,25,3,737
14317,29,2,1062
14317,19,3,718
14318,11,1,1047
14319,16,2,1416
14320,24,2,946
14321,22,2,892
14322,33,1,943
14322,33,1,943
14322,11,2,1047
14323,31,3,647
14324,16,3,1416
14324,14,3,1157
14324,27,2,1283
14325,31,2,647
14326,40,1,1066
14327,7,1,332
14327,18,1,649
14327,42,3,934
14328,29,2,1062
14328,48,2,553
14328,20,2,753
14329,11,2,1047
14329,31,2,647
14329,4,1,516
14330,25,3,737
14330,9,3,1025
14330,13,3,954
14331,11,3,1047
14331,29,3,1062
14332,21,2,736
14332,48,1,553
14333,50,1,998
14334,33,3,943
14335,20,1,753
14336,46,3,625
14337,35,3,815
14337,46,1,625
14338,26,2,1135
14339,46,3,625
14339,37,2,1229
14339,24,1,946
14340,17,3,902
14341,14,3,1157
14341,15,2,439
14342,23,1,784
14342,8,3,588
14343,46,1,625
14343,8,3,588
14344,17,3,902
14345,10,1,913
14345,20,1,753
14345,24,3,946
14346,40,3,1066
14346,7,3,332
14346,29,1,1062
14347,10,3,913
14347,8,2,588
14348,47,1,954
14349,10,2,913
14349,48,3,553
14349,50,1,998
14350,46,1,625
14350,26,2,1135
14351,34,2,1107
14351,21,1,736
14351,36,3,847
14352,19,2,718
14353,42,1,934
14353,29,2,1062
14354,28,3,1057
14354,4,1,516
14355,11,1,1047
14356,18,1,649
14356,26,3,1135
14356,46,1,625
14357,8,3,588
14358,30,2,549
14359,27,3,1283
14359,36,1,847
14360,3,2,748
14360,8,3,588
14360,31,1,647
14361,10,2,913
14362,43,3,1149
14362,3,3,748
14363,9,2,1025
14363,9,2,1025
14364,31,2,647
14364,7,1,332
14364,48,2,553
14365,20,2,753
14365,27,3,1283
14366,31,2,647
14367,32,2,611
14368,30,3,549
14368,8,3,588
14369,18,1,649
14369,23,3,784
14370,31,1,647
14370,14,1,1157
14370,14,3,1157
14371,8,3,588
14371,50,1,998
14372,18,2,649
14372,39,2,1068
14372,45,2,561
14373,1,2,1038
14373,43,1,1149
14374,10,3,913
14374,19,2,718
14375,44,3,1303
14375,4,3,516
14375,48,2,553
14376,27,1,1283
14377,46,1,625
14377,49,2,1172
14377,47,3,954
14378,45,2,561
14378,38,1,1061
14379,6,2,1306
14379,5,1,1051
14380,50,3,998
14380,12,1,1432
14381,11,2,1047
14381,48,1,553
14382,28,2,1057
14382,11,3,1047
14383,27,2,1283
14383,3,3,748
14383,21,3,736
14384,50,2,998
14384,1,2,1038
14384,31,1,647
14385,4,1,516
14386,26,1,1135
14387,34,3,1107
14387,50,1,998
14388,44,2,1303
14388,35,3,815
14388,9,3,1025
14389,42,3,934
14390,41,2,910
14390,43,2,1149
14391,15,1,439
14392,26,2,1135
14392,13,2,954
14392,39,1,1068
14393,1,2,1038
14394,44,2,1303
14394,5,3,1051
14395,9,2,1025
14395,30,1,549
14395,18,1,649
14396,21,1,736
14396,4,1,516
14397,30,2,549
14397,46,2,625
14397,16,2,1416
14398,45,2,561
14398,37,2,1229
14398,25,3,737
14399,1,1,1038
14399,25,3,737
14399,25,3,737
14400,27,3,1283
14400,10,1,913
14401,8,1,588
14401,1,3,1038
14401,15,2,439
14402,36,2,847
14403,13,3,954
14404,10,3,913
14404,6,1,1306
14404,23,1,784
14405,15,3,439
14405,44,1,1303
14406,30,3,549
14406,35,3,815
14407,35,3,815
14407,42,3,934
14408,12,1,1432
14408,28,1,1057
14409,16,2,1416
14409,44,1,1303
14409,10,2,913
14410,41,2,910
14411,27,1,1283
14411,8,2,588
14411,9,3,1025
14412,47,1,954
14412,1,2,1038
14413,2,1,576
14413,35,1,815
14414,17,1,902
14415,14,2,1157
14415,20,3,753
14415,12,3,1432
14416,4,1,516
14416,30,3,549
14416,40,3,1066
14417,8,3,588
14418,1,1,1038
14418,17,3,902
14418,32,1,611
14419,10,3,913
14420,24,2,946
14420,9,1,1025
14420,43,2,1149
14421,14,1,1157
14421,29,2,1062
14422,5,1,1051
14422,44,1,1303
14423,42,2,934
14423,44,3,1303
14424,22,2,892
14424,35,2,815
14424,10,2,913
14425,40,1,1066
14425,27,3,1283
14426,32,3,611
14426,39,1,1068
14426,6,1,1306
14427,17,3,902
14427,49,2,1172
14427,9,3,1025
14428,32,2,611
14428,42,1,934
14428,9,1,1025
14429,48,3,553
14429,24,3,946
14430,11,1,1047
14430,44,1,1303
14430,17,1,902
14431,37,3,1229
14431,44,3,1303
14432,35,3,815
14432,2,1,576
14433,22,3,892
14434,29,1,1062
14434,11,3,1047
14434,35,1,815
14435,22,2,892
14435,40,3,1066
14435,37,1,1229
14436,44,3,1303
14436,22,2,892
14437,37,1,1229
14437,24,3,946
14437,31,2,647
14438,28,2,1057
14439,27,1,1283
14439,41,2,910
14439,9,3,1025
14440,28,2,1057
14441,18,2,649
14441,7,2,332
14441,11,2,1047
14442,39,3,1068
14442,31,2,647
14442,32,2,611
14443,20,1,753
14443,48,2,553
14444,38,2,1061
14444,50,1,998
14444,28,2,1057
14445,37,1,1229
14445,47,1,954
14445,33,1,943
14446,19,2,718
14446,20,2,753
14447,30,3,549
14448,8,2,588
14448,16,2,1416
14448,42,2,934
14449,6,3,1306
14450,14,1,1157
14450,34,3,1107
14451,21,2,736
14451,2,2,576
14451,24,1,946
14452,26,1,1135
14452,6,2,1306
14453,2,3,576
14453,37,3,1229
14454,19,3,718
14455,39,2,1068
14456,7,1,332
14456,26,1,1135
14456,22,1,892
14457,9,2,1025
14457,4,3,516
14458,22,2,892
14459,40,2,1066
14460,22,1,892
14461,46,2,625
14461,35,3,815
14462,8,1,588
14463,27,3,1283
14464,41,2,910
14464,43,3,1149
14464,16,2,1416
14465,33,1,943
14466,43,1,1149
14467,25,2,737
14467,8,3,588
14467,28,2,1057
14468,45,2,561
14468,3,2,748
14469,11,2,1047
14469,22,2,892
14470,23,3,784
14470,9,3,1025
14470,48,2,553
14471,43,3,1149
14471,45,2,561
14472,30,1,549
14472,36,1,847
14473,44,1,1303
14474,35,3,815
14474,20,1,753
14475,12,2,1432
14476,29,1,1062
14477,44,1,1303
14477,14,3,1157
14477,9,3,1025
14478,31,3,647
14478,38,1,1061
14479,7,3,332
14480,7,3,332
14480,45,1,561
14480,39,1,1068
14481,38,1,1061
14481,8,2,588
14482,3,1,748
14482,18,1,649
14483,22,2,892
14484,18,1,649
14484,41,1,910
14484,10,1,913
14485,41,2,910
14485,16,2,1416
14485,34,2,1107
14486,19,1,718
14486,18,2,649
14486,16,1,1416
14487,3,1,748
14488,31,1,647
14489,9,2,1025
14489,11,3,1047
14490,9,2,1025
14491,34,2,1107
14492,23,1,784
14493,21,1,736
14494,27,3,1283
14494,12,1,1432
14495,7,2,332
14495,28,2,1057
14496,13,1,954
14497,38,2,1061
14497,10,1,913
14498,7,1,332
14499,1,3,1038
14500,13,1,954
14500,10,1,913
14500,17,2,902
14501,16,2,1416
14501,13,3,954
14502,46,2,625
14502,12,1,1432
14502,22,2,892
14503,41,1,910
14503,48,2,553
14503,31,1,647
14504,19,3,718
14505,22,1,892
14506,25,1,737
14507,48,2,553
14508,24,3,946
14508,44,1,1303
14509,14,2,1157
14509,8,2,588
14509,28,1,1057
14510,37,2,1229
14510,35,2,815
14510,13,1,954
14511,9,1,1025
14511,5,1,1051
14511,19,3,718
14512,6,1,1306
14512,34,2,1107
14512,17,3,902
14513,41,3,910
14513,30,3,549
14513,20,2,753
14514,32,1,611
14515,18,2,649
14515,18,1,649
14515,21,3,736
14516,20,3,753
14517,25,2,737
14517,44,3,1303
14518,28,3,1057
14519,36,1,847
14520,36,1,847
14520,37,2,1229
14520,13,3,954
14521,35,2,815
14521,19,2,718
14521,34,1,1107
14522,5,2,1051
14522,31,2,647
14523,49,1,1172
14523,9,1,1025
14524,5,3,1051
14524,42,3,934
14525,33,2,943
14525,42,2,934
14526,42,2,934
14527,40,1,1066
14528,42,1,934
14528,37,2,1229
14528,40,1,1066
14529,23,2,784
14529,7,1,332
14529,32,3,611
14530,7,1,332
14530,44,1,1303
14531,21,2,736
14531,7,2,332
14531,45,3,561
14532,34,2,1107
14533,47,1,954
14533,20,3,753
14534,17,1,902
14534,17,1,902
14534,6,1,1306
14535,39,3,1068
14535,17,1,902
14536,40,3,1066
14537,3,3,748
14537,31,1,647
14537,19,2,718
14538,30,1,549
14538,28,2,1057
14539,18,1,649
14539,20,3,753
14539,11,2,1047
14540,1,3,1038
14540,28,3,1057
14540,44,3,1303
14541,12,2,1432
14541,37,1,1229
14542,29,2,1062
14543,16,3,1416
14543,30,2,549
14544,24,2,946
14545,14,2,1157
14546,12,2,1432
14547,1,3,1038
14548,19,1,718
14548,46,1,625
14548,15,3,439
14549,39,3,1068
14549,28,2,1057
14549,50,1,998
14550,32,3,611
14551,47,3,954
14551,4,1,516
14551,49,2,1172
14552,1,3,1038
14552,17,2,902
14553,30,2,549
14553,43,2,1149
14553,40,1,1066
14554,20,1,753
14554,43,1,1149
14555,3,3,748
14555,8,1,588
14556,46,3,625
14556,24,1,946
14556,22,1,892
14557,17,3,902
14557,19,3,718
14557,12,2,1432
14558,7,1,332
14558,33,2,943
14559,1,2,1038
14560,8,2,588
14560,21,2,736
14560,33,2,943
14561,49,3,1172
14562,47,1,954
14562,49,2,1172
14562,31,2,647
14563,2,1,576
14564,50,2,998
14564,30,3,549
14565,21,1,736
14565,24,3,946
14566,17,1,902
14566,1,2,1038
14567,41,2,910
14568,15,3,439
14568,14,1,1157
14568,34,2,1107
14569,17,2,902
14570,47,3,954
14570,37,3,1229
14571,28,3,1057
14572,39,2,1068
14572,21,3,736
14572,20,1,753
14573,41,1,910
14573,3,2,748
14573,39,2,1068
14574,10,3,913
14574,32,3,611
14575,15,2,439
14576,46,1,625
14577,2,1,576
14578,45,3,561
14578,39,2,1068
14579,5,1,1051
14579,50,3,998
14580,19,2,718
14580,34,3,1107
14581,27,3,1283
14581,27,2,1283
14581,39,3,1068
14582,22,3,892
14582,27,2,1283
14583,8,1,588
14583,17,1,902
14584,46,3,625
14584,14,3,1157
14584,11,2,1047
14585,37,3,1229
14585,41,1,910
14586,46,3,625
14587,40,2,1066
14587,22,2,892
14588,21,1,736
14588,45,1,561
14588,21,1,736
14589,10,1,913
14590,19,1,718
14590,4,2,516
14590,7,2,332
14591,5,3,1051
14591,28,2,1057
14592,23,2,784
14593,27,2,1283
14594,45,2,561
14595,46,1,625
14595,31,3,647
14596,21,3,736
14596,49,1,1172
14597,46,3,625
14597,10,1,913
14598,26,2,1135
14599,47,2,954
14600,7,2,332
14601,5,1,1051
14602,41,1,910
14603,36,3,847
14603,23,2,784
14604,19,2,718
14604,6,3,1306
14605,43,2,1149
14605,32,3,611
14605,25,2,737
14606,13,3,954
14607,34,3,1107
14608,19,1,718
14608,41,1,910
14608,9,1,1025
14609,8,1,588
14609,25,2,737
14610,25,3,737
14610,32,3,611
14611,29,3,1062
14612,41,3,910
14612,19,1,718
14613,42,1,934
14613,19,2,718
14613,30,3,549
14614,20,2,753
14614,5,1,1051
14615,40,1,1066
14615,3,2,748
14616,8,3,588
14616,18,3,649
14616,22,2,892
14617,41,2,910
14617,39,3,1068
14618,10,1,913
14619,2,3,576
14619,35,2,815
14619,47,1,954
14620,50,1,998
14621,18,3,649
14621,49,1,1172
14622,33,3,943
14622,43,1,1149
14622,14,3,1157
14623,47,1,954
14623,7,2,332
14624,37,1,1229
14624,10,1,913
14624,23,1,784
14625,29,2,1062
14626,10,2,913
14626,32,3,611
14627,3,1,748
14627,26,3,1135
14627,28,1,1057
14628,13,2,954
14628,35,3,815
14628,38,1,1061
14629,37,2,1229
14629,33,3,943
14630,46,2,625
14631,4,2,516
14631,8,2,588
14632,10,3,913
14633,24,1,946
14634,17,3,902
14634,41,3,910
14635,39,3,1068
14635,25,1,737
14636,35,3,815
14637,50,2,998
14638,32,1,611
14639,14,1,1157
14639,50,2,998
14639,2,2,576
14640,21,1,736
14641,26,3,1135
14641,12,3,1432
14641,19,3,718
14642,46,3,625
14642,25,3,737
14642,7,2,332
14643,19,2,718
14644,24,2,946
14645,26,2,1135
14645,44,3,1303
14646,26,1,1135
14646,24,1,946
14647,16,1,1416
14647,37,2,1229
14648,49,2,1172
14648,39,2,1068
14648,47,3,954
14649,22,3,892
14649,26,3,1135
14650,47,1,954
14651,38,3,1061
14651,4,1,516
14651,24,1,946
14652,19,2,718
14652,9,3,1025
14652,47,1,954
14653,45,3,561
14654,43,1,1149
14655,10,1,913
14655,33,1,943
14655,37,3,1229
14656,14,1,1157
14657,13,3,954
14657,50,1,998
14658,40,1,1066
14658,20,1,753
14659,35,2,815
14660,20,1,753
14660,11,3,1047
14661,35,3,815
14662,32,3,611
14663,40,3,1066
14664,23,3,784
14664,9,2,1025
14665,29,3,1062
14665,24,1,946
14665,30,3,549
14666,16,3,1416
14666,30,1,549
14666,35,1,815
14667,47,1,954
14667,1,1,1038
14667,4,2,516
14668,44,2,1303
14668,33,3,943
14669,36,2,847
14669,6,1,1306
14670,12,2,1432
14670,45,1,561
14671,21,2,736
14671,7,3,332
14671,18,3,649
14672,46,2,625
14672,7,2,332
14673,3,2,748
14673,12,1,1432
14674,5,3,1051
14675,12,2,1432
14676,6,2,1306
14676,3,2,748
14677,6,2,1306
14677,21,3,736
14678,7,3,332
14678,22,3,892
14679,22,3,892
14679,44,1,1303
14680,2,1,576
14680,9,2,1025
14680,7,3,332
14681,49,2,1172
14681,19,2,718
14681,48,1,553
14682,21,3,736
14682,15,1,439
14682,7,1,332
14683,28,2,1057
14684,3,3,748
14684,39,1,1068
14684,29,2,1062
14685,41,3,910
14686,24,2,946
14686,27,3,1283
14686,42,1,934
14687,28,1,1057
14687,50,2,998
14688,44,1,1303
14689,45,1,561
14689,49,1,1172
14690,26,3,1135
14690,14,2,1157
14691,41,1,910
14691,49,2,1172
14692,30,2,549
14693,37,3,1229
14693,32,3,611
14693,21,2,736
14694,24,2,946
14695,20,3,753
14695,35,2,815
14696,36,1,847
14696,4,3,516
14696,7,2,332
14697,43,2,1149
14697,10,1,913
14697,3,2,748
14698,9,3,1025
14698,23,3,784
14698,7,2,332
14699,43,1,1149
14700,10,3,913
14700,45,3,561
14700,12,2,1432
14701,23,1,784
14701,9,3,1025
14702,43,1,1149
14703,46,3,625
14703,49,2,1172
14704,43,1,1149
14704,43,3,1149
14704,9,1,1025
14705,39,2,1068
14705,7,1,332
14705,19,1,718
14706,3,2,748
14706,24,2,946
14707,4,3,516
14708,21,1,736
14709,46,1,625
14710,7,3,332
14711,43,1,1149
14711,13,3,954
14711,36,3,847
14712,46,1,625
14713,17,1,902
14713,37,2,1229
14714,22,3,892
14715,45,2,561
14716,29,2,1062
14717,38,2,1061
14718,3,1,748
14718,33,3,943
14718,15,3,439
14719,50,3,998
14719,39,2,1068
14719,20,1,753
14720,17,3,902
14721,48,1,553
14722,41,1,910
14722,31,1,647
14723,50,3,998
14724,39,1,1068
14724,20,1,753
14725,11,1,1047
14725,19,3,718
14726,12,1,1432
14726,4,3,516
14727,33,2,943
14728,15,1,439
14728,14,2,1157
14729,49,2,1172
14729,15,2,439
14729,24,1,946
14730,23,2,784
14730,10,1,913
14731,11,3,1047
14732,8,3,588
14733,17,2,902
14733,20,2,753
14734,8,1,588
14734,35,3,815
14734,9,3,1025
14735,23,1,784
14735,15,3,439
14736,49,1,1172
14736,26,3,1135
14736,16,1,1416
14737,46,1,625
14738,4,1,516
14738,2,2,576
14738,47,2,954
14739,20,3,753
14740,21,3,736
14740,7,1,332
14740,32,1,611
14741,23,3,784
14742,16,2,1416
14742,42,3,934
14743,33,3,943
14743,1,3,1038
14744,7,2,332
14744,5,1,1051
14745,40,3,1066
14745,45,2,561
14745,14,3,1157
14746,39,3,1068
14746,21,1,736
14746,25,2,737
14747,4,3,516
14747,48,1,553
14748,48,1,553
14748,14,2,1157
14748,39,2,1068
14749,21,2,736
14749,7,3,332
14749,44,2,1303
14750,10,2,913
14750,16,3,1416
14751,12,3,1432
14751,30,1,549
14752,41,1,910
14753,28,1,1057
14753,47,1,954
14754,2,1,576
14755,19,1,718
14755,15,2,439
14755,12,1,1432
14756,3,1,748
14756,39,3,1068
14757,25,2,737
14758,4,1,516
14759,40,1,1066
14759,49,3,1172
14760,27,1,1283
14760,23,1,784
14760,28,3,1057
14761,32,2,611
14761,34,1,1107
14762,9,1,1025
14762,42,2,934
14762,8,3,588
14763,28,1,1057
14763,17,2,902
14763,20,1,753
14764,22,1,892
14765,36,1,847
14765,24,2,946
14765,47,2,954
14766,3,1,748
14766,27,3,1283
14767,20,1,753
14768,47,1,954
14768,21,2,736
14768,41,1,910
14769,1,1,1038
14770,31,2,647
14770,27,2,1283
14770,35,1,815
14771,24,1,946
14771,20,3,753
14772,45,2,561
14772,28,1,1057
14773,18,1,649
14773,42,3,934
14773,8,3,588
14774,41,1,910
14774,25,2,737
14774,6,2,1306
14775,8,1,588
14775,23,3,784
14775,21,3,736
14776,43,3,1149
14776,25,1,737
14777,26,2,1135
14777,1,1,1038
14778,33,3,943
14778,4,2,516
14779,41,3,910
14779,29,3,1062
14779,19,2,718
14780,38,1,1061
14780,14,3,1157
14780,42,1,934
14781,30,1,549
14781,1,2,1038
14781,13,2,954
14782,48,1,553
14782,27,1,1283
14782,11,1,1047
14783,6,2,1306
14784,1,3,1038
14784,8,2,588
14784,31,3,647
14785,34,2,1107
14785,17,2,902
14785,8,2,588
14786,39,1,1068
14787,10,2,913
14787,16,1,1416
14788,32,1,611
14789,16,1,1416
14789,9,1,1025
14790,16,3,1416
14791,23,1,784
14792,28,1,1057
14793,21,3,736
14793,22,3,892
14794,33,3,943
14794,48,3,553
14795,25,3,737
14795,6,3,1306
14796,34,3,1107
14796,22,2,892
14797,17,3,902
14798,34,3,1107
14798,12,3,1432
14798,20,1,753
14799,11,3,1047
14800,47,3,954
14801,23,2,784
14801,28,2,1057
14802,36,1,847
14802,47,1,954
14802,42,1,934
14803,17,3,902
14804,29,3,1062
14804,36,3,847
14804,41,2,910
14805,37,3,1229
14806,23,3,784
14806,41,1,910
14806,3,2,748
14807,35,2,815
14807,22,3,892
14808,44,1,1303
14808,45,1,561
14808,32,3,611
14809,42,2,934
14810,36,2,847
14810,11,1,1047
14810,39,1,1068
14811,12,2,1432
14812,1,3,1038
14812,40,3,1066
14812,7,1,332
14813,19,3,718
14814,31,2,647
14815,49,3,1172
14815,15,2,439
14816,21,2,736
14816,47,2,954
14817,46,3,625
14817,11,1,1047
14817,27,3,1283
14818,13,2,954
14818,8,3,588
14818,41,3,910
14819,48,1,553
14819,26,3,1135
14820,50,2,998
14821,14,2,1157
14821,48,1,553
14822,11,1,1047
14823,3,2,748
14823,33,2,943
14824,22,3,892
14824,28,2,1057
14824,14,2,1157
14825,16,2,1416
14825,45,1,561
14826,25,1,737
14826,8,2,588
14827,18,3,649
14827,10,1,913
14827,29,3,1062
14828,22,2,892
14828,14,1,1157
14829,12,3,1432
14829,22,2,892
14829,37,1,1229
14830,34,2,1107
14831,23,3,784
14832,18,2,649
14832,36,3,847
14833,3,3,748
14833,5,1,1051
14834,19,1,718
14834,33,2,943
14834,32,3,611
14835,21,2,736
14836,25,1,737
14837,31,3,647
14837,15,2,439
14838,30,2,549
14839,42,2,934
14839,16,3,1416
14839,39,1,1068
14840,49,1,1172
14840,17,3,902
14840,42,1,934
14841,5,3,1051
14842,16,3,1416
14842,48,2,553
14842,41,3,910
14843,47,1,954
14844,39,1,1068
14845,17,2,902
14845,1,3,1038
14846,50,1,998
14846,36,3,847
14847,5,1,1051
14847,27,2,1283
14848,4,2,516
14848,17,3,902
14849,45,3,561
14849,21,2,736
14850,30,3,549
14850,2,2,576
14851,45,2,561
14851,48,3,553
14852,16,1,1416
14852,49,1,1172
14852,10,1,913
14853,19,2,718
14853,39,3,1068
14854,11,2,1047
14854,26,2,1135
14854,42,1,934
14855,45,3,561
14855,41,3,910
14855,24,1,946
14856,41,2,910
14857,7,1,332
14857,38,1,1061
14857,1,1,1038
14858,12,2,1432
14858,17,1,902
14859,43,2,1149
14859,29,1,1062
14859,28,1,1057
14860,14,3,1157
14860,49,3,1172
14861,42,3,934
14861,6,3,1306
14861,6,2,1306
14862,29,1,1062
14862,25,2,737
14863,14,2,1157
14864,44,2,1303
14865,46,1,625
14865,11,2,1047
14865,7,3,332
14866,48,3,553
14866,24,3,946
14867,19,1,718
14867,47,2,954
14868,32,2,611
14869,18,1,649
14869,39,2,1068
14869,26,1,1135
14870,5,2,1051
14871,38,2,1061
14872,13,1,954
14872,33,3,943
14872,10,2,913
14873,47,3,954
14873,12,1,1432
14873,31,2,647
14874,20,3,753
14874,45,1,561
14875,13,3,954
14876,42,3,934
14877,21,3,736
14878,24,2,946
14878,37,2,1229
14879,37,2,1229
14879,23,2,784
14879,31,2,647
14880,4,2,516
14880,41,2,910
14880,37,3,1229
14881,2,3,576
14882,45,1,561
14882,40,2,1066
14883,5,2,1051
14883,50,1,998
14883,33,2,943
14884,3,1,748
14884,13,3,954
14884,22,1,892
14885,26,1,1135
14885,20,2,753
14886,30,2,549
14886,12,3,1432
14887,34,2,1107
14887,39,1,1068
14887,26,2,1135
14888,35,2,815
14888,19,3,718
14888,3,1,748
14889,5,2,1051
14890,15,1,439
14890,18,3,649
14891,2,1,576
14891,49,2,1172
14892,50,1,998
14892,46,3,625
14893,42,3,934
14893,33,1,943
14893,8,3,588
14894,12,2,1432
14894,23,1,784
14895,38,3,1061
14896,16,3,1416
14896,5,2,1051
14897,42,1,934
14897,18,1,649
14897,14,3,1157
14898,40,1,1066
14898,19,1,718
14899,5,3,1051
14900,31,3,647
14900,7,1,332
14900,8,3,588
14901,41,1,910
14901,7,3,332
14901,12,2,1432
14902,34,2,1107
14902,36,1,847
14902,27,2,1283
14903,32,2,611
14903,18,2,649
14903,10,2,913
14904,18,1,649
14904,14,2,1157
14905,42,1,934
14905,47,2,954
14906,39,3,1068
14906,5,2,1051
14907,41,3,910
14907,48,1,553
14907,46,1,625
14908,46,3,625
14909,17,3,902
14909,41,1,910
14910,4,2,516
14911,5,3,1051
14911,43,2,1149
14911,41,1,910
14912,23,1,784
14912,19,3,718
14913,47,3,954
14914,3,1,748
14915,23,3,784
14915,31,1,647
14916,10,3,913
14917,25,3,737
14917,32,2,611
14918,12,2,1432
14919,26,1,1135
14919,20,2,753
14920,38,3,1061
14920,14,2,1157
14921,3,2,748
14921,48,3,553
14922,15,1,439
14923,47,2,954
14923,27,2,1283
14924,20,2,753
14925,46,1,625
14926,36,3,847
14927,34,2,1107
14927,20,1,753
14928,30,1,549
14928,42,1,934
14928,22,1,892
14929,32,3,611
14930,33,2,943
14930,25,2,737
14930,28,3,1057
14931,7,1,332
14931,25,3,737
14932,47,2,954
14933,16,3,1416
14933,12,3,1432
14933,40,3,1066
14934,35,3,815
14935,5,3,1051
14935,2,2,576
14935,29,1,1062
14936,29,2,1062
14937,36,1,847
14938,48,2,553
14938,48,3,553
14938,11,2,1047
14939,27,2,1283
14940,22,3,892
14941,32,3,611
14941,34,2,1107
14941,1,3,1038
14942,21,1,736
14942,3,2,748
14943,8,2,588
14943,36,3,847
14944,4,3,516
14945,50,1,998
14946,22,3,892
14946,4,1,516
14946,41,1,910
14947,6,1,1306
14947,45,2,561
14947,30,1,549
14948,1,1,1038
14948,47,1,954
14949,30,2,549
14950,18,1,649
14950,44,3,1303
14951,47,2,954
14951,23,1,784
14951,43,2,1149
14952,44,2,1303
14952,43,2,1149
14952,45,1,561
14953,9,3,1025
14954,18,1,649
14955,48,1,553
14955,47,2,954
14956,13,3,954
14956,35,1,815
14957,43,3,1149
14958,12,3,1432
14958,15,2,439
14958,30,2,549
14959,18,3,649
14960,41,2,910
14961,29,1,1062
14961,14,1,1157
14961,27,3,1283
14962,37,3,1229
14962,32,2,611
14963,2,3,576
14963,22,3,892
14963,6,3,1306
14964,26,1,1135
14964,22,2,892
14965,15,2,439
14965,37,3,1229
14965,7,2,332
14966,24,1,946
14967,37,3,1229
14967,35,1,815
14967,10,1,913
14968,24,2,946
14968,38,1,1061
14968,31,2,647
14969,11,1,1047
14969,30,1,549
14970,33,3,943
14971,44,2,1303
14971,1,2,1038
14971,25,2,737
14972,26,1,1135
14972,48,3,553
14972,29,2,1062
14973,9,3,1025
14973,32,2,611
14974,16,2,1416
14974,20,1,753
14975,26,1,1135
14975,20,2,753
14975,35,1,815
14976,13,3,954
14976,45,2,561
14976,41,3,910
14977,12,3,1432
14977,21,1,736
14978,1,3,1038
14979,41,2,910
14979,33,3,943
14979,3,3,748
14980,19,3,718
14981,47,2,954
14981,31,1,647
14981,35,2,815
14982,47,3,954
14982,25,3,737
14983,26,3,1135
14984,16,2,1416
14984,21,1,736
14984,46,3,625
14985,45,2,561
14985,16,1,1416
14985,37,3,1229
14986,15,3,439
14986,8,3,588
14987,17,2,902
14988,38,3,1061
14988,6,1,1306
14989,14,1,1157
14990,42,2,934
14991,30,3,549
14991,28,2,1057
14991,9,1,1025
14992,31,2,647
14992,34,2,1107
14993,44,2,1303
14994,28,2,1057
14995,42,3,934
14996,7,1,332
14996,44,2,1303
14997,36,2,847
14998,6,2,1306
14998,29,3,1062
14999,5,2,1051
15000,31,2,647
15001,50,1,998
15001,1,2,1038
15002,25,1,737
15002,19,2,718
15002,24,3,946
15003,22,3,892
15003,19,1,718
15004,41,3,910
15004,9,2,1025
15005,39,1,1068
15006,35,3,815
15007,17,3,902
15007,48,1,553
15008,8,1,588
15009,17,1,902
15010,21,1,736
15010,47,2,954
15010,8,2,588
15011,44,1,1303
15012,22,2,892
15013,16,2,1416
15013,44,2,1303
15013,39,1,1068
15014,35,1,815
15015,37,3,1229
15015,38,3,1061
15015,9,3,1025
15016,3,3,748
15016,7,2,332
15017,9,3,1025
15017,41,3,910
15017,7,3,332
15018,23,1,784
15018,23,3,784
15018,39,2,1068
15019,24,2,946
15019,14,1,1157
15019,38,1,1061
15020,47,2,954
15021,23,2,784
15022,42,3,934
15022,45,1,561
15023,7,1,332
15024,15,3,439
15025,16,3,1416
15025,27,3,1283
15025,7,3,332
15026,19,2,718
15026,29,1,1062
15027,14,1,1157
15027,35,2,815
15028,17,1,902
15028,32,2,611
15029,29,3,1062
15029,5,3,1051
15030,8,2,588
15030,10,2,913
15030,41,3,910
15031,15,3,439
15032,34,1,1107
15032,4,2,516
15033,30,3,549
15034,39,3,1068
15034,19,2,718
15035,48,3,553
15036,49,3,1172
15036,6,3,1306
15036,27,2,1283
15037,41,1,910
15037,45,1,561
15038,21,2,736
15039,9,2,1025
15039,37,1,1229
15039,22,3,892
15040,10,2,913
15041,14,3,1157
15042,20,1,753
15042,43,3,1149
15042,34,1,1107
15043,48,1,553
15043,6,2,1306
15044,35,3,815
15045,25,3,737
15045,1,3,1038
15046,45,1,561
15046,28,1,1057
15047,26,2,1135
15047,47,2,954
15047,20,2,753
15048,17,2,902
15049,6,2,1306
15049,24,3,946
15050,31,3,647
15050,35,2,815
15051,22,2,892
15051,47,1,954
15052,3,1,748
15053,39,3,1068
15054,18,3,649
15054,45,1,561
15054,42,3,934
15055,12,2,1432
15055,14,3,1157
15055,31,1,647
15056,26,1,1135
15056,3,2,748
15057,31,1,647
15058,42,3,934
15058,17,1,902
15058,10,1,913
15059,50,3,998
15060,10,3,913
15060,41,1,910
15060,11,1,1047
15061,46,2,625
15062,2,2,576
15062,15,2,439
15063,5,2,1051
15063,27,3,1283
15063,1,2,1038
15064,27,3,1283
15064,8,1,588
15064,36,1,847
15065,38,3,1061
15065,44,1,1303
15065,12,2,1432
15066,34,1,1107
15067,26,1,1135
15067,36,3,847
15068,3,2,748
15069,27,3,1283
15069,12,3,1432
15070,26,1,1135
15070,47,3,954
15070,20,1,753
15071,37,1,1229
15071,23,1,784
15072,42,3,934
15072,4,1,516
15073,22,1,892
15074,20,2,753
15074,38,3,1061
15075,43,2,1149
15075,21,3,736
15075,18,1,649
15076,50,1,998
15076,4,1,516
15077,2,3,576
15077,40,3,1066
15078,11,1,1047
15079,34,1,1107
15080,34,3,1107
15081,20,3,753
15081,38,1,1061
15081,43,1,1149
15082,42,1,934
15082,45,3,561
15083,1,2,1038
15084,32,3,611
15085,8,3,588
15085,27,3,1283
15085,48,3,553
15086,41,3,910
15086,44,1,1303
15086,49,1,1172
15087,22,1,892
15088,40,2,1066
15088,9,3,1025
15089,16,3,1416
15089,33,2,943
15090,45,3,561
15091,34,2,1107
15092,11,1,1047
15092,28,1,1057
15093,47,1,954
15093,29,2,1062
15094,28,3,1057
15095,44,3,1303
15095,49,2,1172
15095,41,2,910
15096,4,3,516
15096,28,2,1057
15097,31,1,647
15097,34,1,1107
15098,11,1,1047
15098,14,2,1157
15098,34,1,1107
15099,48,3,553
15099,28,2,1057
15100,36,2,847
15100,7,1,332
15101,38,1,1061
15102,14,2,1157
15102,19,3,718
15102,31,2,647
15103,38,1,1061
15103,8,1,588
15103,39,3,1068
15104,32,2,611
15104,10,3,913
15105,10,3,913
15106,36,3,847
15107,14,2,1157
15108,4,1,516
15109,19,3,718
15109,39,2,1068
15110,36,1,847
15110,25,1,737
15111,8,2,588
15111,22,1,892
15112,21,2,736
15112,20,3,753
15112,10,1,913
15113,49,2,1172
15114,38,3,1061
15114,25,3,737
15114,12,2,1432
15115,31,3,647
15115,36,1,847
15115,20,2,753
15116,4,2,516
15116,42,2,934
15116,32,2,611
15117,11,1,1047
15117,34,2,1107
15117,23,3,784
15118,42,2,934
15118,38,2,1061
15119,15,3,439
15120,13,1,954
15120,13,2,954
15121,31,3,647
15121,15,2,439
15121,27,3,1283
15122,50,2,998
15122,26,3,1135
15122,15,3,439
15123,2,3,576
15123,3,3,748
15124,46,2,625
15125,40,1,1066
15125,43,1,1149
15126,41,3,910
15126,12,2,1432
15126,24,2,946
15127,34,3,1107
15127,20,3,753
15128,42,2,934
15129,40,2,1066
15130,38,3,1061
15130,29,2,1062
15130,36,2,847
15131,26,1,1135
15131,11,3,1047
15131,17,2,902
15132,1,3,1038
15133,28,3,1057
15133,50,2,998
15134,3,1,748
15134,29,2,1062
15135,39,1,1068
15135,9,2,1025
15136,47,2,954
15136,41,1,910
15136,11,3,1047
15137,17,1,902
15137,20,3,753
15137,23,1,784
15138,9,1,1025
15138,49,3,1172
15139,31,2,647
15140,42,2,934
15141,30,3,549
15141,26,2,1135
15141,37,2,1229
15142,14,1,1157
15142,27,1,1283
15143,18,2,649
15144,19,3,718
15144,49,2,1172
15145,2,3,576
15145,25,3,737
15146,39,2,1068
15147,9,2,1025
15147,14,3,1157
15148,25,1,737
15148,20,3,753
15149,14,1,1157
15149,18,3,649
15150,50,3,998
15150,50,3,998
15151,16,3,1416
15152,14,1,1157
15153,35,2,815
15154,31,2,647
15154,45,3,561
15155,20,2,753
15155,2,1,576
15156,46,2,625
15157,49,2,1172
15158,4,2,516
15158,20,2,753
15159,2,1,576
15159,34,3,1107
15160,26,1,1135
15160,47,1,954
15160,34,1,1107
15161,19,1,718
15161,27,3,1283
15161,17,1,902
15162,4,2,516
15163,12,2,1432
15163,15,2,439
15164,36,1,847
15164,23,1,784
15164,27,2,1283
15165,5,2,1051
15165,22,1,892
15165,43,2,1149
15166,2,1,576
15166,9,2,1025
15167,24,2,946
15167,26,1,1135
15167,30,3,549
15168,28,3,1057
15169,6,3,1306
15170,14,2,1157
15170,4,1,516
15170,6,3,1306
15171,14,3,1157
15172,9,1,1025
15172,7,1,332
15172,15,2,439
15173,38,1,1061
15174,37,2,1229
15174,48,1,553
15175,40,1,1066
15175,39,1,1068
15176,19,2,718
15176,50,1,998
15176,24,1,946
15177,4,3,516
15177,19,1,718
15178,32,1,611
15179,13,1,954
15180,16,3,1416
15180,26,1,1135
15181,22,3,892
15181,44,2,1303
15181,17,1,902
15182,17,1,902
15183,46,1,625
15184,36,1,847
15184,4,1,516
15185,36,1,847
15185,16,1,1416
15186,17,1,902
15186,37,1,1229
15187,29,3,1062
15187,36,3,847
15187,43,3,1149
15188,10,1,913
15188,5,1,1051
15188,1,1,1038
15189,41,2,910
15189,32,2,611
15190,13,2,954
15191,22,3,892
15191,36,1,847
15192,44,1,1303
15192,37,2,1229
15193,47,3,954
15193,11,3,1047
15193,25,1,737
15194,30,2,549
15195,25,1,737
15196,9,1,1025
15196,44,2,1303
15196,46,1,625
15197,33,3,943
15198,39,2,1068
15198,5,1,1051
15199,16,2,1416
15199,9,2,1025
15199,1,1,1038
15200,38,2,1061
15200,45,1,561
15201,46,2,625
15201,23,1,784
15201,50,2,998
15202,26,1,1135
15203,33,2,943
15204,48,1,553
15205,24,3,946
15205,16,3,1416
15206,30,3,549
15207,16,3,1416
15208,7,3,332
15208,16,3,1416
15208,20,3,753
15209,46,3,625
15210,11,2,1047
15211,18,3,649
15211,14,1,1157
15212,29,2,1062
15212,3,2,748
15212,7,3,332
15213,33,3,943
15213,16,3,1416
15214,9,3,1025
15214,43,1,1149
15214,20,1,753
15215,28,2,1057
15215,27,2,1283
15216,46,3,625
15216,8,3,588
15217,45,3,561
15217,19,1,718
15217,10,3,913
15218,26,2,1135
15219,45,2,561
15220,35,1,815
15220,6,1,1306
15220,20,3,753
15221,21,3,736
15221,11,3,1047
15222,22,3,892
15222,20,1,753
15222,17,2,902
15223,32,3,611
15224,41,3,910
15224,28,2,1057
15224,44,3,1303
15225,39,1,1068
15226,50,3,998
15226,19,2,718
15226,31,3,647
15227,4,3,516
15227,20,1,753
15228,33,3,943
15228,37,2,1229
15229,3,3,748
15229,20,1,753
15230,37,1,1229
15230,49,2,1172
15231,1,2,1038
15231,43,3,1149
15231,23,3,784
15232,5,1,1051
15232,5,3,1051
15232,37,1,1229
15233,15,2,439
15234,38,1,1061
15234,37,3,1229
15235,46,3,625
15235,24,3,946
15236,24,3,946
15237,24,3,946
15238,49,1,1172
15239,18,1,649
15239,1,3,1038
15240,13,2,954
15240,23,1,784
15240,35,3,815
15241,35,3,815
15241,24,1,946
15241,26,1,1135
15242,6,3,1306
15242,28,3,1057
15242,20,3,753
15243,4,2,516
15243,13,1,954
15243,4,1,516
15244,6,2,1306
15244,15,3,439
15244,19,2,718
15245,4,1,516
15246,9,2,1025
15246,29,2,1062
15246,15,1,439
15247,23,2,784
15247,4,3,516
15248,36,3,847
15248,12,3,1432
15248,50,1,998
15249,42,1,934
15249,42,3,934
15250,22,2,892
15250,42,2,934
15251,29,3,1062
15252,23,3,784
15252,31,1,647
15252,44,2,1303
15253,38,3,1061
15254,26,1,1135
15254,23,3,784
15254,4,1,516
15255,47,3,954
15255,27,3,1283
15255,14,2,1157
15256,34,1,1107
15256,12,3,1432
15257,13,1,954
15258,31,3,647
15258,30,1,549
15258,21,2,736
15259,50,2,998
15260,41,2,910
15261,41,2,910
15261,42,2,934
15261,43,3,1149
15262,3,3,748
15262,41,1,910
15263,31,2,647
15263,6,2,1306
15263,41,3,910
15264,3,3,748
15265,18,2,649
15266,37,1,1229
15266,44,1,1303
15266,4,3,516
15267,32,2,611
15267,39,2,1068
15267,22,1,892
15268,17,3,902
15268,45,2,561
15268,15,3,439
15269,46,2,625
15269,7,3,332
15269,3,2,748
15270,17,2,902
15271,39,1,1068
15271,39,3,1068
15271,28,2,1057
15272,22,3,892
15273,14,3,1157
15273,30,3,549
15274,46,1,625
15274,48,3,553
15274,7,1,332
15275,2,2,576
15275,26,3,1135
15276,45,2,561
15276,9,1,1025
15277,16,3,1416
15277,42,1,934
15278,49,1,1172
15278,22,2,892
15279,28,1,1057
15279,42,2,934
15280,32,1,611
15280,4,3,516
15281,46,2,625
15281,47,1,954
15281,26,2,1135
15282,36,1,847
15282,50,3,998
15282,32,1,611
15283,43,1,1149
15283,47,1,954
15283,3,3,748
15284,44,2,1303
15284,10,2,913
15285,12,1,1432
15285,29,2,1062
15286,37,2,1229
15286,42,2,934
15287,48,2,553
15287,44,2,1303
15288,46,3,625
15288,49,3,1172
15289,12,3,1432
15289,36,1,847
15290,33,2,943
15291,9,1,1025
15291,25,3,737
15292,37,2,1229
15292,38,3,1061
15292,14,3,1157
15293,37,3,1229
15294,7,2,332
15295,18,1,649
15296,38,2,1061
15296,39,3,1068
15296,1,2,1038
15297,15,2,439
15298,23,3,784
15299,42,1,934
15300,27,1,1283
15300,23,3,784
15300,50,2,998
15301,28,3,1057
15302,21,3,736
15302,40,2,1066
15302,35,1,815
15303,12,3,1432
15304,35,3,815
15304,46,3,625
15305,15,2,439
15305,47,1,954
15305,6,2,1306
15306,20,3,753
15306,6,1,1306
15307,9,3,1025
15307,20,1,753
15308,16,1,1416
15308,34,2,1107
15309,40,2,1066
15309,27,3,1283
15310,21,1,736
15310,12,2,1432
15310,49,2,1172
15311,29,2,1062
15311,21,1,736
15312,48,1,553
15313,30,3,549
15313,7,1,332
15313,49,3,1172
15314,1,1,1038
15315,28,3,1057
15315,45,3,561
15315,35,3,815
15316,50,3,998
15316,36,3,847
15316,44,3,1303
15317,27,1,1283
15318,25,1,737
15318,1,3,1038
15319,30,2,549
15319,41,3,910
15319,36,2,847
15320,13,2,954
15321,26,3,1135
15321,32,3,611
15322,21,2,736
15322,2,3,576
15322,25,2,737
15323,42,1,934
15323,14,1,1157
15323,43,1,1149
15324,11,2,1047
15325,34,3,1107
15325,20,2,753
15325,11,3,1047
15326,35,1,815
15326,40,2,1066
15326,33,2,943
15327,24,3,946
15327,18,2,649
15327,22,3,892
15328,30,2,549
15328,33,1,943
15328,37,2,1229
15329,32,1,611
15330,19,2,718
15331,30,2,549
15331,42,2,934
15332,6,1,1306
15332,14,2,1157
15333,45,3,561
15333,4,3,516
15333,1,3,1038
15334,17,3,902
15335,17,3,902
15335,47,2,954
15335,50,3,998
15336,48,3,553
15337,50,3,998
15338,17,1,902
15339,3,3,748
15340,42,1,934
15340,21,3,736
15340,24,1,946
15341,29,1,1062
15341,28,2,1057
15342,39,2,1068
15343,47,2,954
15343,37,3,1229
15343,5,1,1051
15344,31,2,647
15345,28,3,1057
15345,27,2,1283
15346,36,3,847
15346,14,3,1157
15346,40,1,1066
15347,8,2,588
15347,21,2,736
15347,26,1,1135
15348,37,3,1229
15348,32,3,611
15348,17,3,902
15349,34,2,1107
15349,29,3,1062
15350,35,3,815
15350,22,1,892
15351,27,1,1283
15351,21,1,736
15351,1,1,1038
15352,1,2,1038
15352,7,2,332
15353,16,3,1416
15354,33,3,943
15354,24,2,946
15354,14,3,1157
15355,50,1,998
15355,20,1,753
15356,22,1,892
15356,22,3,892
15357,15,1,439
15358,16,2,1416
15359,9,3,1025
15360,2,1,576
15360,49,3,1172
15360,8,3,588
15361,32,2,611
15361,9,2,1025
15361,20,1,753
15362,6,1,1306
15362,31,1,647
15363,38,3,1061
15363,28,1,1057
15363,43,1,1149
15364,38,1,1061
15365,42,3,934
15365,17,2,902
15366,18,3,649
15366,45,1,561
15366,23,1,784
15367,5,1,1051
15367,15,2,439
15368,25,1,737
15368,2,3,576
15368,37,3,1229
15369,8,1,588
15369,6,2,1306
15370,36,2,847
15371,6,2,1306
15372,11,2,1047
15372,10,2,913
15372,9,1,1025
15373,47,2,954
15373,14,3,1157
15373,7,1,332
15374,33,2,943
15374,24,1,946
15374,3,3,748
15375,48,1,553
15376,43,2,1149
15377,25,3,737
15377,13,1,954
15378,25,3,737
15379,18,3,649
15380,13,1,954
15380,24,3,946
15380,6,3,1306
15381,5,3,1051
15381,19,3,718
15382,40,2,1066
15382,49,3,1172
15382,41,3,910
15383,23,3,784
15383,34,1,1107
15384,16,1,1416
15385,26,1,1135
15385,33,3,943
15386,42,1,934
15386,1,2,1038
15386,24,2,946
15387,19,2,718
15388,6,3,1306
15388,15,3,439
15389,6,2,1306
15390,38,2,1061
15390,44,2,1303
15390,9,1,1025
15391,13,3,954
15391,22,2,892
15391,14,2,1157
15392,32,2,611
15392,37,2,1229
15393,34,1,1107
15393,20,1,753
15394,12,3,1432
15395,14,1,1157
15395,46,1,625
15396,35,3,815
15396,22,3,892
15397,17,2,902
15397,26,3,1135
15398,49,1,1172
15398,9,3,1025
15399,32,3,611
15399,43,3,1149
15399,20,2,753
15400,22,3,892
15400,2,1,576
15401,39,2,1068
15402,44,2,1303
15403,3,3,748
15403,21,2,736
15404,15,3,439
15404,34,2,1107
15404,13,2,954
15405,40,3,1066
15405,10,1,913
15406,9,3,1025
15406,28,2,1057
15406,28,1,1057
15407,23,2,784
15407,32,3,611
15407,2,2,576
15408,8,1,588
15408,16,2,1416
15408,33,2,943
15409,12,3,1432
15409,11,1,1047
15410,19,2,718
15410,11,1,1047
15410,2,2,576
15411,17,1,902
15411,40,2,1066
15411,35,1,815
15412,13,1,954
15412,23,2,784
15413,9,3,1025
15413,24,2,946
15414,9,2,1025
15415,11,2,1047
15415,45,3,561
15415,17,3,902
15416,46,2,625
15417,22,3,892
15417,5,2,1051
15418,19,3,718
15418,48,2,553
15419,29,1,1062
15419,43,3,1149
15419,15,1,439
15420,34,3,1107
15421,32,3,611
15421,16,3,1416
15422,34,1,1107
15423,40,3,1066
15423,37,3,1229
15424,49,1,1172
15424,37,3,1229
15425,49,2,1172
15426,4,3,516
15426,3,3,748
15426,45,1,561
15427,35,2,815
15428,49,1,1172
15428,35,3,815
15429,39,3,1068
15429,1,3,1038
15430,10,2,913
15430,6,3,1306
15430,41,2,910
15431,1,2,1038
15431,31,3,647
15432,15,3,439
15433,17,1,902
15434,42,1,934
15435,42,2,934
15436,4,1,516
15436,32,2,611
15437,32,1,611
15437,38,3,1061
15438,21,3,736
15438,23,1,784
15439,46,3,625
15439,48,1,553
15439,24,3,946
15440,4,3,516
15441,21,3,736
15441,37,2,1229
15442,47,2,954
15442,36,3,847
15442,43,1,1149
15443,39,3,1068
15443,50,3,998
15443,24,1,946
15444,22,2,892
15444,5,1,1051
15445,36,2,847
15445,44,1,1303
15445,15,3,439
15446,19,2,718
15446,46,3,625
15446,33,1,943
15447,35,3,815
15448,3,3,748
15448,9,3,1025
15449,43,1,1149
15449,16,1,1416
15450,35,3,815
15451,19,3,718
15451,11,1,1047
15452,48,2,553
15452,29,3,1062
15452,15,2,439
15453,8,1,588
15453,35,1,815
15454,7,2,332
15454,38,2,1061
15455,31,1,647
15455,19,2,718
15455,35,3,815
15456,12,2,1432
15456,47,3,954
15456,21,3,736
15457,21,1,736
15457,49,1,1172
15457,4,3,516
15458,12,1,1432
15458,5,2,1051
15458,13,1,954
15459,13,1,954
15459,9,1,1025
15460,39,2,1068
15461,41,3,910
15462,32,2,611
15463,4,3,516
15463,47,1,954
15463,8,3,588
15464,38,1,1061
15464,33,2,943
15465,11,1,1047
15466,18,2,649
15466,42,3,934
15467,48,2,553
15468,14,2,1157
15469,1,1,1038
15469,29,1,1062
15469,26,3,1135
15470,41,2,910
15470,16,2,1416
15470,17,2,902
15471,4,2,516
15472,32,3,611
15473,7,3,332
15473,22,3,892
15473,41,3,910
15474,49,2,1172
15474,15,1,439
15475,9,2,1025
15475,8,2,588
15475,47,2,954
15476,29,1,1062
15477,39,2,1068
15477,11,1,1047
15477,24,2,946
15478,45,1,561
15479,10,1,913
15480,17,3,902
15480,13,1,954
15480,25,3,737
15481,31,1,647
15481,36,3,847
15481,21,3,736
15482,19,1,718
15482,17,1,902
15483,48,2,553
15484,2,3,576
15484,24,1,946
15484,31,2,647
15485,30,1,549
15485,29,1,1062
15485,25,2,737
15486,3,1,748
15486,38,2,1061
15486,40,1,1066
15487,14,1,1157
15487,13,1,954
15487,43,3,1149
15488,41,1,910
15488,1,1,1038
15488,46,2,625
15489,4,2,516
15489,34,3,1107
15490,38,3,1061
15491,49,2,1172
15491,17,3,902
15492,22,3,892
15493,6,3,1306
15493,44,3,1303
15494,46,2,625
15494,6,1,1306
15495,33,2,943
15495,37,1,1229
15495,41,2,910
15496,16,3,1416
15497,42,1,934
15498,31,1,647
15498,14,3,1157
15499,3,3,748
15499,20,1,753
15500,38,3,1061
15500,33,3,943
15500,24,2,946
15501,45,3,561
15502,31,1,647
15502,32,2,611
15503,29,3,1062
15503,3,2,748
15503,33,3,943
15504,16,1,1416
15505,6,2,1306
15505,4,1,516
15505,40,1,1066
15506,7,1,332
15506,20,1,753
15506,13,2,954
15507,30,3,549
15507,24,1,946
15507,46,3,625
15508,28,1,1057
15508,22,3,892
15509,12,2,1432
15509,49,3,1172
15510,47,2,954
15510,49,2,1172
15511,28,3,1057
15512,39,1,1068
15512,27,3,1283
15513,13,3,954
15514,24,2,946
15514,49,3,1172
15514,10,1,913
15515,39,3,1068
15516,4,1,516
15517,2,3,576
15518,19,3,718
15518,8,3,588
15518,2,1,576
15519,6,1,1306
15519,14,2,1157
15519,30,1,549
15520,36,2,847
15520,21,3,736
15520,15,3,439
15521,4,1,516
15521,12,3,1432
15521,20,3,753
15522,49,1,1172
15523,22,2,892
15523,32,2,611
15524,46,1,625
15524,16,1,1416
15525,26,3,1135
15526,22,2,892
15526,22,3,892
15526,9,2,1025
15527,23,2,784
15527,21,2,736
15527,47,3,954
15528,22,2,892
15528,30,3,549
15528,20,3,753
15529,2,1,576
15529,18,2,649
15530,22,3,892
15530,7,1,332
15531,28,2,1057
15532,22,3,892
15532,10,3,913
15533,19,1,718
15533,47,1,954
15533,45,2,561
15534,32,3,611
15534,49,1,1172
15534,43,1,1149
15535,24,2,946
15535,43,3,1149
15535,7,1,332
15536,8,1,588
15536,1,1,1038
15537,38,3,1061
15537,13,2,954
15538,11,3,1047
15539,32,3,611
15539,37,1,1229
15540,21,3,736
15541,20,2,753
15542,37,3,1229
15542,5,1,1051
15543,29,2,1062
15543,27,3,1283
15544,8,3,588
15545,11,3,1047
15545,17,2,902
15545,26,3,1135
15546,33,1,943
15546,43,2,1149
15547,32,1,611
15548,26,2,1135
15549,10,1,913
15549,10,2,913
15549,31,1,647
15550,42,3,934
15550,15,3,439
15551,36,2,847
15552,7,2,332
15553,48,2,553
15554,5,1,1051
15554,46,1,625
15555,8,2,588
15556,41,3,910
15556,13,2,954
15556,45,3,561
15557,41,3,910
15557,3,2,748
15557,27,3,1283
15558,23,1,784
15558,4,3,516
15559,35,2,815
15559,8,3,588
15560,47,2,954
15560,12,1,1432
15561,14,1,1157
15561,2,3,576
15561,28,3,1057
15562,15,2,439
15563,17,3,902
15564,41,2,910
15565,16,2,1416
15566,45,3,561
15566,11,2,1047
15567,47,1,954
15567,25,2,737
15567,9,3,1025
15568,27,3,1283
15568,1,1,1038
15568,33,1,943
15569,43,3,1149
15569,40,3,1066
15570,6,1,1306
15570,50,1,998
15571,10,1,913
15572,9,1,1025
15572,15,1,439
15573,11,2,1047
15573,43,1,1149
15574,11,3,1047
15575,25,3,737
15575,16,2,1416
15575,9,1,1025
15576,36,2,847
15576,15,2,439
15576,12,1,1432
15577,17,1,902
15578,41,2,910
15579,20,1,753
15579,28,3,1057
15579,40,2,1066
15580,2,3,576
15581,33,3,943
15581,38,3,1061
15581,40,1,1066
15582,39,3,1068
15582,4,3,516
15582,48,3,553
15583,41,2,910
15583,47,2,954
15584,6,2,1306
15585,26,2,1135
15585,46,2,625
15586,35,2,815
15586,7,1,332
15587,25,3,737
15587,2,3,576
15587,39,1,1068
15588,46,3,625
15588,22,1,892
15589,45,1,561
15589,27,1,1283
15590,46,2,625
15590,23,3,784
15590,19,3,718
15591,3,2,748
15592,13,2,954
15593,12,1,1432
15593,35,3,815
15594,25,2,737
15594,26,2,1135
15594,43,2,1149
15595,38,3,1061
15595,28,2,1057
15595,50,1,998
15596,17,2,902
15596,7,3,332
15596,6,2,1306
15597,10,2,913
15598,4,2,516
15598,9,2,1025
15598,34,1,1107
15599,6,3,1306
15600,45,2,561
15600,4,2,516
15601,24,2,946
15601,21,3,736
15601,42,3,934
15602,9,2,1025
15603,46,1,625
15604,4,3,516
15604,7,2,332
15605,7,3,332
15605,15,1,439
15605,6,2,1306
15606,17,1,902
15606,31,2,647
15606,37,3,1229
15607,44,2,1303
15607,9,1,1025
15607,7,1,332
15608,49,2,1172
15609,36,1,847
15609,18,1,649
15609,38,3,1061
15610,44,3,1303
15611,4,2,516
15611,34,3,1107
15611,24,2,946
15612,5,3,1051
15613,37,1,1229
15613,14,2,1157
15614,47,2,954
15614,1,3,1038
15614,5,2,1051
15615,4,1,516
15615,15,3,439
15615,41,3,910
15616,5,3,1051
15616,34,1,1107
15617,13,3,954
15617,19,2,718
15617,3,2,748
15618,32,1,611
15618,1,1,1038
15619,41,2,910
15619,50,3,998
15619,34,3,1107
15620,22,1,892
15620,48,3,553
15621,20,1,753
15621,29,3,1062
15621,36,1,847
15622,4,2,516
15623,38,1,1061
15623,7,1,332
15623,13,2,954
15624,46,3,625
15624,8,3,588
15625,46,2,625
15625,21,1,736
15626,32,1,611
15626,15,1,439
15626,13,2,954
15627,21,2,736
15627,3,1,748
15627,4,2,516
15628,2,3,576
15628,22,1,892
15628,27,1,1283
15629,19,3,718
15629,29,3,1062
15629,7,1,332
15630,20,1,753
15630,4,1,516
15631,20,3,753
15631,43,1,1149
15631,43,1,1149
15632,16,1,1416
15632,44,1,1303
15633,39,1,1068
15633,24,1,946
15633,8,3,588
15634,38,3,1061
15635,27,1,1283
15635,31,3,647
15636,41,3,910
15636,31,3,647
15636,45,2,561
15637,17,1,902
15638,2,3,576
15639,10,3,913
15639,5,1,1051
15640,36,2,847
15640,28,2,1057
15640,30,2,549
15641,33,2,943
15641,45,2,561
15642,34,1,1107
15643,36,1,847
15643,17,3,902
15643,36,1,847
15644,16,2,1416
15644,33,3,943
15644,38,1,1061
15645,1,3,1038
15646,45,1,561
15647,50,3,998
15647,6,1,1306
15647,17,1,902
15648,5,1,1051
15648,50,2,998
15648,1,2,1038
15649,22,2,892
15650,4,1,516
15651,31,3,647
15652,41,1,910
15652,45,2,561
15652,7,3,332
15653,15,3,439
15653,26,2,1135
15654,24,2,946
15654,17,3,902
15655,21,1,736
15656,32,2,611
15656,49,3,1172
15657,5,1,1051
15657,38,2,1061
15657,18,2,649
15658,8,1,588
15659,28,3,1057
15659,24,1,946
15660,32,1,611
15661,28,2,1057
15661,32,3,611
15661,43,2,1149
15662,18,2,649
15662,47,1,954
15662,28,1,1057
15663,37,1,1229
15663,45,2,561
15663,23,3,784
15664,17,2,902
15664,35,2,815
15664,45,1,561
15665,8,3,588
15665,32,3,611
15665,25,2,737
15666,13,2,954
15667,49,2,1172
15668,37,3,1229
15669,45,1,561
15669,7,1,332
15669,28,2,1057
15670,24,1,946
15671,18,2,649
15671,13,1,954
15671,41,2,910
15672,1,1,1038
15672,49,1,1172
15672,13,2,954
15673,50,3,998
15674,1,3,1038
15674,36,3,847
15675,1,3,1038
15675,1,3,1038
15676,19,3,718
15677,15,3,439
15678,46,1,625
15678,16,3,1416
15678,34,3,1107
15679,44,3,1303
15679,4,3,516
15680,6,2,1306
15681,39,1,1068
15681,35,3,815
15682,26,1,1135
15682,2,2,576
15683,4,2,516
15683,46,1,625
15684,37,3,1229
15685,18,1,649
15685,16,3,1416
15686,32,2,611
15686,46,2,625
15686,19,1,718
15687,46,1,625
15688,27,3,1283
15688,19,1,718
15688,15,2,439
15689,11,1,1047
15689,21,2,736
15689,49,1,1172
15690,12,1,1432
15690,46,1,625
15690,40,3,1066
15691,22,3,892
15692,27,3,1283
15692,13,3,954
15692,38,3,1061
15693,19,1,718
15694,18,2,649
15695,18,1,649
15696,43,1,1149
15696,47,3,954
15696,47,1,954
15697,39,3,1068
15697,7,2,332
15698,23,2,784
15698,14,3,1157
15698,45,3,561
15699,2,1,576
15699,33,3,943
15700,33,1,943
15701,50,2,998
15701,1,3,1038
15702,44,2,1303
15703,37,2,1229
15703,19,3,718
15704,33,3,943
15704,39,3,1068
15704,33,3,943
15705,36,1,847
15706,48,2,553
15706,44,3,1303
15707,42,3,934
15707,44,3,1303
15708,13,1,954
15708,25,2,737
15708,16,3,1416
15709,48,3,553
15709,19,3,718
15710,6,2,1306
15710,37,2,1229
15711,16,1,1416
15712,32,2,611
15712,28,2,1057
15712,47,3,954
15713,23,3,784
15713,22,1,892
15714,43,1,1149
15714,13,2,954
15715,9,3,1025
15716,14,3,1157
15716,30,1,549
15716,13,2,954
15717,10,2,913
15718,14,3,1157
15718,22,2,892
15718,11,3,1047
15719,16,2,1416
15720,6,2,1306
15721,32,1,611
15721,9,3,1025
15722,40,1,1066
15722,49,2,1172
15723,34,2,1107
15723,12,1,1432
15723,24,2,946
15724,47,1,954
15724,48,3,553
15725,45,1,561
15725,17,3,902
15725,24,2,946
15726,6,3,1306
15726,40,1,1066
15726,28,3,1057
15727,1,3,1038
15727,17,1,902
15728,15,2,439
15728,13,3,954
15728,47,2,954
15729,23,1,784
15729,39,3,1068
15729,18,3,649
15730,2,3,576
15730,35,2,815
15731,49,2,1172
15731,6,2,1306
15732,31,3,647
15732,8,3,588
15733,43,3,1149
15733,48,1,553
15734,19,3,718
15735,20,3,753
15735,11,1,1047
15736,8,2,588
15736,15,1,439
15737,44,2,1303
15737,1,3,1038
15738,18,2,649
15738,9,3,1025
15739,35,1,815
15740,27,3,1283
15740,11,1,1047
15741,50,2,998
15741,37,3,1229
15741,21,3,736
15742,43,3,1149
15742,37,2,1229
15742,26,3,1135
15743,3,2,748
15744,26,3,1135
15744,38,2,1061
15744,24,1,946
15745,15,3,439
15745,41,3,910
15746,32,2,611
15747,27,1,1283
15747,43,3,1149
15748,3,1,748
15748,37,3,1229
15748,29,2,1062
15749,23,1,784
15750,19,2,718
15750,50,2,998
15750,41,1,910
15751,28,1,1057
15752,41,3,910
15752,15,2,439
15753,22,3,892
15754,44,2,1303
15755,17,1,902
15755,5,1,1051
15756,42,2,934
15756,18,2,649
15757,35,2,815
15757,3,2,748
15757,42,3,934
15758,22,1,892
15758,39,2,1068
15758,48,2,553
15759,2,2,576
15759,28,1,1057
15759,8,2,588
15760,12,2,1432
15761,50,2,998
15762,34,1,1107
15762,18,2,649
15762,43,3,1149
15763,48,3,553
15763,46,3,625
15764,30,1,549
15765,1,2,1038
15766,25,2,737
15766,32,2,611
15766,9,1,1025
15767,41,1,910
15768,37,3,1229
15768,2,3,576
15769,30,1,549
15769,5,1,1051
15769,20,3,753
15770,5,3,1051
15771,1,1,1038
15771,27,3,1283
15772,5,3,1051
15773,28,3,1057
15773,25,3,737
15773,22,1,892
15774,49,2,1172
15775,24,1,946
15775,43,3,1149
15775,28,1,1057
15776,19,1,718
15777,40,2,1066
15777,18,3,649
15778,43,3,1149
15779,49,1,1172
15779,49,3,1172
15779,5,2,1051
15780,29,1,1062
15780,36,3,847
15781,14,2,1157
15781,29,2,1062
15781,24,3,946
15782,13,1,954
15782,41,2,910
15782,37,3,1229
15783,18,3,649
15784,35,3,815
15784,49,2,1172
15785,13,3,954
15786,25,1,737
15786,26,3,1135
15787,36,2,847
15788,34,1,1107
15789,13,1,954
15789,50,1,998
15789,44,1,1303
15790,12,2,1432
15790,13,2,954
15790,37,2,1229
15791,37,1,1229
15792,29,1,1062
15792,14,3,1157
15792,9,3,1025
15793,28,2,1057
15793,40,1,1066
15794,6,1,1306
15795,8,2,588
15796,9,2,1025
15797,42,1,934
15797,49,2,1172
15797,45,2,561
15798,2,1,576
15798,42,1,934
15798,6,1,1306
15799,32,2,611
15799,41,3,910
15799,48,2,553
15800,50,2,998
15800,27,2,1283
15800,27,3,1283
15801,41,2,910
15801,43,2,1149
15801,22,1,892
15802,7,2,332
15803,13,2,954
15803,34,3,1107
15803,22,1,892
15804,41,3,910
15805,8,1,588
15805,8,3,588
15806,23,3,784
15807,7,1,332
15807,10,2,913
15808,24,2,946
15808,19,3,718
15809,35,1,815
15809,1,2,1038
15810,24,1,946
15810,18,1,649
15810,3,1,748
15811,41,1,910
15812,28,3,1057
15812,37,3,1229
15812,21,1,736
15813,48,2,553
15814,22,1,892
15814,47,3,954
15814,39,3,1068
15815,41,2,910
15815,2,1,576
15816,4,1,516
15817,25,1,737
15818,17,1,902
15818,40,1,1066
15818,39,3,1068
15819,1,2,1038
15820,36,1,847
15820,15,3,439
15821,46,2,625
15821,4,2,516
15821,25,1,737
15822,22,2,892
15822,30,1,549
15822,11,2,1047
15823,47,2,954
15823,45,2,561
15824,40,3,1066
15824,45,3,561
15824,50,2,998
15825,17,3,902
15825,9,1,1025
15825,6,1,1306
15826,20,3,753
15826,37,2,1229
15826,29,2,1062
15827,30,2,549
15827,19,3,718
15827,30,1,549
15828,12,1,1432
15828,9,3,1025
15828,6,1,1306
15829,21,1,736
15830,28,3,1057
15830,9,3,1025
15830,21,1,736
15831,45,3,561
15832,7,2,332
15833,7,1,332
15833,45,1,561
15834,11,3,1047
15835,13,3,954
15835,42,1,934
15835,37,3,1229
15836,44,3,1303
15837,44,3,1303
15837,17,2,902
15838,47,2,954
15838,49,1,1172
15839,32,2,611
15839,8,3,588
15840,3,1,748
15841,44,1,1303
15841,29,3,1062
15842,47,3,954
15842,37,2,1229
15843,6,2,1306
15843,2,1,576
15844,40,3,1066
15844,22,2,892
15844,43,2,1149
15845,35,1,815
15846,7,1,332
15846,41,2,910
15846,40,1,1066
15847,37,3,1229
15848,14,1,1157
15848,1,1,1038
15849,3,3,748
15850,42,1,934
15851,46,2,625
15852,8,1,588
15852,33,1,943
15853,8,1,588
15854,37,3,1229
15855,5,3,1051
15855,23,2,784
15856,42,3,934
15857,45,1,561
15857,40,3,1066
15857,36,2,847
15858,2,1,576
15858,25,2,737
15859,46,1,625
15859,23,1,784
15860,45,3,561
15860,21,2,736
15860,28,3,1057
15861,9,3,1025
15861,38,2,1061
15862,11,2,1047
15862,35,3,815
15862,7,1,332
15863,39,3,1068
15863,8,1,588
15863,8,1,588
15864,26,2,1135
15865,1,1,1038
15865,29,1,1062
15866,16,1,1416
15866,35,1,815
15867,16,2,1416
15867,46,1,625
15868,24,3,946
15868,3,3,748
15869,20,3,753
15869,5,1,1051
15869,27,2,1283
15870,2,1,576
15870,34,1,1107
15870,7,3,332
15871,28,2,1057
15872,35,2,815
15873,48,2,553
15874,50,2,998
15874,22,1,892
15875,30,3,549
15876,25,3,737
15876,19,2,718
15876,29,3,1062
15877,48,1,553
15878,36,3,847
15878,28,1,1057
15878,21,2,736
15879,16,3,1416
15880,20,3,753
15880,9,2,1025
15880,29,1,1062
15881,11,2,1047
15882,34,2,1107
15882,14,1,1157
15882,14,3,1157
15883,3,3,748
15884,21,1,736
15884,25,3,737
15884,8,1,588
15885,47,1,954
15885,49,3,1172
15886,12,3,1432
15886,47,2,954
15886,16,3,1416
15887,39,1,1068
15888,34,1,1107
15888,42,3,934
15889,5,1,1051
15890,38,3,1061
15891,43,3,1149
15891,44,3,1303
15892,6,1,1306
15893,21,3,736
15894,50,1,998
15894,10,3,913
15895,23,1,784
15895,25,1,737
15895,34,2,1107
15896,10,2,913
15897,25,3,737
15897,22,1,892
15897,32,2,611
15898,41,1,910
15898,37,3,1229
15898,16,2,1416
15899,33,2,943
15899,35,3,815
15899,33,2,943
15900,37,2,1229
15900,40,2,1066
15901,11,1,1047
15901,22,2,892
15901,32,1,611
15902,32,2,611
15902,48,3,553
15903,25,1,737
15903,36,3,847
15903,30,1,549
15904,13,2,954
15905,27,3,1283
15905,1,1,1038
15905,8,1,588
15906,45,3,561
15906,35,2,815
15907,38,3,1061
15908,30,3,549
15908,11,1,1047
15908,46,1,625
15909,27,2,1283
15909,10,2,913
15910,4,1,516
15911,11,1,1047
15911,11,3,1047
15911,11,2,1047
15912,28,3,1057
15912,20,3,753
15913,47,1,954
15914,21,2,736
15914,47,3,954
15915,37,1,1229
15916,20,1,753
15917,30,2,549
15917,3,3,748
15918,29,3,1062
15919,33,2,943
15920,45,3,561
15920,6,1,1306
15920,44,3,1303
15921,2,3,576
15921,46,2,625
15921,2,2,576
15922,3,2,748
15923,22,2,892
15924,13,2,954
15924,21,2,736
15925,49,3,1172
15925,7,3,332
15926,19,3,718
15927,22,2,892
15927,47,2,954
15927,17,3,902
15928,8,3,588
15928,39,3,1068
15929,48,2,553
15930,22,1,892
15930,49,3,1172
15930,20,3,753
15931,19,3,718
15932,20,1,753
15932,31,1,647
15933,42,1,934
15933,19,1,718
15934,48,2,553
15935,26,2,1135
15935,28,1,1057
15936,20,1,753
15936,40,3,1066
15937,33,3,943
15938,32,2,611
15938,26,2,1135
15938,45,3,561
15939,28,2,1057
15939,22,1,892
15940,32,1,611
15940,4,2,516
15941,26,2,1135
15942,6,1,1306
15942,24,3,946
15943,3,2,748
15944,41,3,910
15945,50,2,998
15946,45,1,561
15946,10,1,913
15947,39,1,1068
15947,10,1,913
15947,40,2,1066
15948,15,1,439
15949,33,3,943
15950,37,2,1229
15951,30,1,549
15952,7,1,332
15952,35,3,815
15952,46,3,625
15953,44,1,1303
15954,50,2,998
15955,48,3,553
15955,38,1,1061
15955,33,1,943
15956,27,3,1283
15957,48,3,553
15957,35,1,815
15958,6,3,1306
15958,34,2,1107
15958,44,1,1303
15959,44,3,1303
15960,42,1,934
15961,49,3,1172
15961,44,3,1303
15961,28,2,1057
15962,38,2,1061
15963,29,2,1062
15963,49,3,1172
15963,35,3,815
15964,43,1,1149
15964,9,2,1025
15965,31,3,647
15966,20,3,753
15966,39,1,1068
15967,35,2,815
15967,3,1,748
15968,46,3,625
15969,16,3,1416
15969,11,2,1047
15969,41,3,910
15970,45,1,561
15970,46,1,625
15971,34,3,1107
15971,21,3,736
15971,50,2,998
15972,35,3,815
15973,35,3,815
15974,17,1,902
15975,4,3,516
15975,9,2,1025
15975,48,2,553
15976,36,3,847
15976,19,1,718
15976,21,1,736
15977,31,1,647
15978,42,3,934
15978,43,1,1149
15979,33,1,943
15979,29,2,1062
15979,47,3,954
15980,1,2,1038
15981,36,3,847
15981,17,1,902
15981,15,2,439
15982,43,1,1149
15982,18,1,649
15983,42,1,934
15984,23,2,784
15984,49,2,1172
15985,29,2,1062
15985,33,1,943
15986,2,1,576
15986,32,3,611
15987,19,3,718
15987,25,1,737
15988,27,2,1283
15988,31,2,647
15988,13,3,954
15989,22,3,892
15990,3,1,748
15990,11,3,1047
15990,25,2,737
15991,40,3,1066
15991,27,3,1283
15992,10,3,913
15992,11,2,1047
15993,1,2,1038
15993,32,2,611
15994,42,3,934
15994,20,2,753
15994,18,1,649
15995,20,1,753
15995,50,3,998
15995,38,2,1061
15996,9,2,1025
15996,49,1,1172
15997,12,2,1432
15998,1,2,1038
15998,5,1,1051
15999,41,1,910
15999,34,3,1107
16000,2,3,576
16001,36,3,847
16001,43,1,1149
16002,3,2,748
16002,36,2,847
16003,38,2,1061
16004,2,2,576
16004,18,3,649
16004,1,2,1038
16005,27,3,1283
16005,45,3,561
16005,11,2,1047
16006,9,1,1025
16006,13,3,954
16006,20,2,753
16007,10,2,913
16007,9,2,1025
16007,3,2,748
16008,12,1,1432
16008,48,2,553
16009,45,1,561
16010,3,2,748
16010,46,3,625
16011,43,2,1149
16011,36,1,847
16012,44,1,1303
16013,6,3,1306
16014,18,3,649
16014,35,3,815
16014,41,3,910
16015,18,3,649
16015,32,2,611
16016,21,3,736
16016,5,3,1051
16016,28,1,1057
16017,23,2,784
16017,30,2,549
16018,7,3,332
16019,33,3,943
16020,49,2,1172
16020,21,1,736
16021,44,1,1303
16021,10,2,913
16022,44,1,1303
16023,50,3,998
16023,9,1,1025
16024,45,1,561
16024,27,3,1283
16024,44,2,1303
16025,32,1,611
16026,18,1,649
16027,35,3,815
16027,36,1,847
16027,40,3,1066
16028,21,3,736
16029,28,2,1057
16030,12,2,1432
16031,22,1,892
16031,42,3,934
16031,49,2,1172
16032,38,3,1061
16032,5,1,1051
16033,30,3,549
16033,36,3,847
16034,48,1,553
16034,20,3,753
16034,31,2,647
16035,29,1,1062
16036,43,3,1149
16037,47,3,954
16037,17,3,902
16037,42,3,934
16038,26,3,1135
16038,29,1,1062
16039,10,3,913
16040,19,3,718
16040,50,2,998
16041,17,3,902
16041,46,3,625
16042,1,1,1038
16042,43,1,1149
16042,7,3,332
16043,37,3,1229
16044,49,3,1172
16045,18,3,649
16045,1,3,1038
16046,17,3,902
16046,32,2,611
16047,2,1,576
16048,12,2,1432
16048,29,2,1062
16049,35,3,815
16049,39,3,1068
16050,30,3,549
16050,37,3,1229
16051,34,1,1107
16051,36,1,847
16052,28,3,1057
16052,45,1,561
16053,4,1,516
16053,37,1,1229
16054,21,2,736
16054,19,1,718
16054,25,1,737
16055,37,3,1229
16055,45,2,561
16055,14,3,1157
16056,1,3,1038
16056,7,1,332
16057,33,3,943
16057,46,3,625
16058,12,2,1432
16058,34,3,1107
16058,13,3,954
16059,27,3,1283
16060,47,1,954
16060,9,1,1025
16061,1,2,1038
16061,30,3,549
16062,50,2,998
16062,29,3,1062
16063,4,2,516
16064,3,2,748
16064,5,3,1051
16064,1,2,1038
16065,15,3,439
16065,20,1,753
16066,8,1,588
16066,33,3,943
16067,48,1,553
16067,30,2,549
16067,13,2,954
16068,38,3,1061
16068,6,1,1306
16068,50,2,998
16069,26,1,1135
16069,15,1,439
16070,11,3,1047
16071,5,3,1051
16071,43,1,1149
16071,44,3,1303
16072,6,2,1306
16072,6,2,1306
16072,50,1,998
16073,5,3,1051
16074,35,2,815
16074,46,3,625
16074,2,2,576
16075,19,2,718
16075,23,3,784
16075,34,2,1107
16076,6,1,1306
16077,34,1,1107
16077,48,3,553
16078,49,3,1172
16078,37,2,1229
16078,23,1,784
16079,29,1,1062
16080,26,2,1135
16081,7,2,332
16081,12,2,1432
16081,24,1,946
16082,22,3,892
16082,11,3,1047
16083,40,2,1066
16083,30,1,549
16084,15,2,439
16085,2,3,576
16085,28,3,1057
16085,18,2,649
16086,34,1,1107
16087,29,3,1062
16087,39,2,1068
16088,4,2,516
16088,40,3,1066
16088,2,1,576
16089,37,3,1229
16089,41,2,910
16090,11,3,1047
16090,26,1,1135
16090,33,2,943
16091,39,2,1068
16091,20,1,753
16092,32,3,611
16092,49,2,1172
16093,37,2,1229
16093,19,2,718
16093,13,3,954
16094,12,3,1432
16094,5,3,1051
16094,2,3,576
16095,24,3,946
16095,12,3,1432
16095,17,1,902
16096,45,1,561
16096,26,1,1135
16097,37,2,1229
16097,5,2,1051
16097,33,2,943
16098,17,1,902
16098,48,2,553
16099,20,2,753
16099,42,3,934
16099,49,3,1172
16100,2,2,576
16101,17,2,902
16102,31,1,647
16102,37,2,1229
16103,37,2,1229
16103,34,2,1107
16104,42,1,934
16104,38,1,1061
16104,14,2,1157
16105,32,1,611
16105,9,3,1025
16105,1,2,1038
16106,39,1,1068
16106,50,2,998
16107,34,1,1107
16108,22,3,892
16108,32,2,611
16108,36,1,847
16109,50,3,998
16109,18,2,649
16109,18,3,649
16110,21,2,736
16110,19,3,718
16110,19,2,718
16111,4,3,516
16111,9,2,1025
16112,29,1,1062
16112,13,2,954
16112,29,1,1062
16113,8,2,588
16113,2,3,576
16113,12,3,1432
16114,5,3,1051
16114,3,1,748
16114,17,2,902
16115,33,1,943
16115,46,1,625
16116,37,1,1229
16116,1,3,1038
16117,33,1,943
16117,17,1,902
16118,10,1,913
16118,37,1,1229
16119,16,2,1416
16119,8,3,588
16119,23,1,784
16120,14,3,1157
16121,23,1,784
16121,50,1,998
16121,42,3,934
16122,27,1,1283
16122,30,2,549
16123,14,3,1157
16123,3,1,748
16123,1,3,1038
16124,18,1,649
16124,29,3,1062
16125,14,3,1157
16125,43,1,1149
16125,23,1,784
16126,16,2,1416
16126,39,1,1068
16127,22,1,892
16127,36,2,847
16127,39,3,1068
16128,22,3,892
16128,43,1,1149
16128,40,3,1066
16129,1,3,1038
16130,25,2,737
16130,17,2,902
16130,22,2,892
16131,10,3,913
16131,40,3,1066
16131,10,1,913
16132,4,2,516
16132,46,1,625
16133,47,3,954
16133,20,2,753
16134,41,2,910
16134,22,1,892
16135,24,1,946
16136,5,1,1051
16137,11,2,1047
16137,2,2,576
16137,21,2,736
16138,12,1,1432
16139,49,3,1172
16139,27,1,1283
16139,21,1,736
16140,19,3,718
16140,14,3,1157
16141,38,2,1061
16141,26,2,1135
16141,11,3,1047
16142,23,1,784
16142,6,1,1306
16142,21,2,736
16143,23,2,784
16143,1,1,1038
16143,7,1,332
16144,38,2,1061
16145,32,2,611
16145,1,3,1038
16146,1,2,1038
16146,30,1,549
16146,7,3,332
16147,41,3,910
16147,39,1,1068
16147,6,3,1306
16148,13,3,954
16148,49,3,1172
16148,24,1,946
16149,24,2,946
16149,39,2,1068
16150,13,2,954
16151,42,3,934
16151,13,1,954
16151,30,2,549
16152,28,1,1057
16152,20,2,753
16152,24,3,946
16153,45,1,561
16154,9,2,1025
16154,7,3,332
16155,45,1,561
16155,42,2,934
16155,18,3,649
16156,9,3,1025
16156,48,2,553
16157,34,3,1107
16157,20,1,753
16158,26,1,1135
16158,27,2,1283
16159,25,2,737
16159,32,3,611
16160,45,2,561
16160,45,2,561
16160,50,1,998
16161,34,2,1107
16161,17,3,902
16161,7,1,332
16162,29,2,1062
16162,37,1,1229
16163,30,1,549
16163,37,2,1229
16163,18,2,649
16164,42,2,934
16164,42,3,934
16165,7,1,332
16165,45,3,561
16166,25,1,737
16166,10,3,913
16166,24,3,946
16167,17,1,902
16167,41,3,910
16167,3,1,748
16168,11,2,1047
16169,50,2,998
16170,37,3,1229
16171,46,3,625
16171,25,1,737
16171,11,2,1047
16172,40,2,1066
16172,17,3,902
16173,37,2,1229
16173,43,2,1149
16174,16,1,1416
16175,43,3,1149
16176,19,1,718
16177,1,1,1038
16177,30,3,549
16178,42,1,934
16178,13,1,954
16179,42,2,934
16180,32,2,611
16180,35,3,815
16181,34,2,1107
16181,35,1,815
16181,2,3,576
16182,42,1,934
16183,5,2,1051
16184,50,2,998
16184,38,1,1061
16184,8,2,588
16185,11,2,1047
16186,9,2,1025
16186,3,1,748
16186,34,3,1107
16187,12,3,1432
16187,27,3,1283
16188,9,1,1025
16188,29,1,1062
16188,6,2,1306
16189,26,3,1135
16190,33,3,943
16191,26,2,1135
16192,9,1,1025
16193,7,2,332
16193,39,3,1068
16194,44,1,1303
16195,34,1,1107
16196,17,1,902
16196,33,2,943
16197,39,2,1068
16198,25,3,737
16199,16,2,1416
16199,28,2,1057
16199,3,1,748
16200,6,2,1306
16200,40,2,1066
16201,41,1,910
16202,36,3,847
16203,4,1,516
16203,13,3,954
16204,17,2,902
16204,6,3,1306
16204,11,2,1047
16205,2,2,576
16205,43,3,1149
16205,36,3,847
16206,8,1,588
16206,20,1,753
16206,47,1,954
16207,26,1,1135
16208,2,1,576
16209,46,3,625
16209,38,2,1061
16210,3,2,748
16211,21,2,736
16212,38,1,1061
16213,22,2,892
16213,22,1,892
16214,12,1,1432
16214,19,3,718
16214,12,2,1432
16215,33,3,943
16215,45,3,561
16216,42,3,934
16216,7,1,332
16217,10,1,913
16217,34,3,1107
16218,45,1,561
16219,12,1,1432
16219,15,2,439
16219,41,1,910
16220,21,1,736
16220,3,2,748
16221,43,3,1149
16221,45,3,561
16221,2,2,576
16222,15,3,439
16222,44,2,1303
16222,9,1,1025
16223,3,3,748
16223,21,2,736
16223,1,2,1038
16224,37,2,1229
16225,43,2,1149
16225,26,1,1135
16225,45,2,561
16226,48,2,553
16226,1,2,1038
16227,26,1,1135
16227,20,2,753
16228,31,3,647
16229,19,2,718
16229,17,3,902
16229,50,1,998
16230,8,3,588
16231,2,2,576
16231,16,2,1416
16231,50,1,998
16232,16,3,1416
16232,21,1,736
16233,30,3,549
16234,7,2,332
16234,16,1,1416
16235,8,1,588
16236,19,1,718
16236,6,1,1306
16237,11,2,1047
16237,33,2,943
16237,30,2,549
16238,47,3,954
16238,39,1,1068
16238,39,2,1068
16239,44,3,1303
16239,37,1,1229
16239,21,1,736
16240,35,1,815
16241,34,3,1107
16241,45,2,561
16242,21,2,736
16243,11,2,1047
16243,41,1,910
16243,43,3,1149
16244,1,1,1038
16244,20,2,753
16245,19,2,718
16245,42,1,934
16245,50,2,998
16246,46,1,625
16246,39,3,1068
16247,12,3,1432
16247,45,1,561
16247,50,2,998
16248,43,3,1149
16248,27,2,1283
16248,31,2,647
16249,47,3,954
16249,49,2,1172
16250,1,3,1038
16250,38,2,1061
16250,27,3,1283
16251,37,2,1229
16251,21,3,736
16251,11,3,1047
16252,50,3,998
16253,2,3,576
16253,41,1,910
16253,30,2,549
16254,8,2,588
16254,7,3,332
16255,17,2,902
16256,15,2,439
16256,31,3,647
16256,23,3,784
16257,47,1,954
16258,2,3,576
16259,10,1,913
16260,23,2,784
16260,46,2,625
16260,18,2,649
16261,28,1,1057
16262,17,3,902
16262,2,2,576
16262,46,2,625
16263,37,3,1229
16264,50,1,998
16264,21,2,736
16264,48,3,553
16265,25,1,737
16265,12,3,1432
16266,4,2,516
16266,45,3,561
16267,7,3,332
16267,45,3,561
16267,33,3,943
16268,43,3,1149
16269,33,2,943
16270,36,2,847
16270,35,3,815
16270,29,1,1062
16271,6,3,1306
16271,35,1,815
16271,44,2,1303
16272,12,2,1432
16273,17,1,902
16274,46,1,625
16274,13,3,954
16274,40,1,1066
16275,20,3,753
16275,25,2,737
16276,34,1,1107
16276,12,2,1432
16276,49,1,1172
16277,31,2,647
16278,14,1,1157
16278,10,2,913
16279,36,3,847
16279,24,1,946
16280,7,2,332
16280,35,3,815
16281,33,3,943
16281,28,2,1057
16281,50,3,998
16282,24,2,946
16282,8,2,588
16282,11,1,1047
16283,12,2,1432
16284,10,2,913
16284,22,2,892
16285,37,3,1229
16285,6,1,1306
16285,4,3,516
16286,26,1,1135
16286,13,1,954
16287,20,1,753
16288,26,1,1135
16289,46,3,625
16289,25,2,737
16289,10,3,913
16290,20,3,753
16290,48,1,553
16291,34,1,1107
16291,22,3,892
16292,21,2,736
16293,44,2,1303
16294,22,2,892
16294,23,3,784
16294,18,1,649
16295,40,1,1066
16295,14,1,1157
16296,9,3,1025
16296,18,3,649
16296,16,3,1416
16297,20,2,753
16297,35,3,815
16297,4,2,516
16298,25,1,737
16298,14,3,1157
16299,49,3,1172
16299,37,2,1229
16299,8,1,588
16300,6,3,1306
16300,35,3,815
16300,47,2,954
16301,29,2,1062
16301,18,1,649
16302,42,2,934
16302,38,1,1061
16303,41,1,910
16303,33,2,943
16304,15,1,439
16304,23,1,784
16305,12,3,1432
16305,38,3,1061
16306,35,2,815
16306,42,2,934
16306,50,1,998
16307,48,1,553
16307,50,2,998
16308,39,2,1068
16308,15,3,439
16308,6,1,1306
16309,31,2,647
16309,28,3,1057
16309,22,1,892
16310,13,2,954
16310,36,3,847
16311,31,3,647
16311,19,3,718
16311,17,1,902
16312,21,1,736
16312,34,1,1107
16312,20,2,753
16313,26,2,1135
16313,44,3,1303
16313,49,2,1172
16314,30,3,549
16314,45,2,561
16314,6,3,1306
16315,50,2,998
16316,30,1,549
16316,15,2,439
16317,46,2,625
16317,41,3,910
16317,7,2,332
16318,45,1,561
16318,35,3,815
16318,25,1,737
16319,16,1,1416
16319,9,3,1025
16319,24,2,946
16320,41,3,910
16321,11,1,1047
16321,50,2,998
16322,38,2,1061
16322,7,3,332
16323,1,2,1038
16323,11,1,1047
16323,44,3,1303
16324,10,1,913
16324,50,1,998
16324,47,3,954
16325,31,2,647
16326,7,3,332
16326,16,2,1416
16326,12,3,1432
16327,26,2,1135
16327,39,1,1068
16328,28,1,1057
16329,23,3,784
16329,25,3,737
16330,18,2,649
16330,13,1,954
16331,20,1,753
16332,6,2,1306
16333,39,3,1068
16333,15,2,439
16334,41,2,910
16334,26,1,1135
16335,2,1,576
16336,12,3,1432
16336,46,3,625
16336,21,2,736
16337,44,3,1303
16337,26,3,1135
16338,12,1,1432
16338,46,2,625
16338,49,3,1172
16339,17,1,902
16339,12,3,1432
16340,45,2,561
16340,48,1,553
16340,18,2,649
16341,18,1,649
16341,22,2,892
16342,14,1,1157
16342,4,2,516
16342,5,3,1051
16343,5,1,1051
16343,31,2,647
16343,12,3,1432
16344,44,3,1303
16345,36,3,847
16345,23,3,784
16345,47,3,954
16346,8,1,588
16346,8,2,588
16347,18,2,649
16347,12,1,1432
16348,23,2,784
16348,14,2,1157
16348,4,3,516
16349,33,2,943
16350,38,2,1061
16350,47,2,954
16350,41,3,910
16351,15,2,439
16352,2,1,576
16352,17,3,902
16353,31,3,647
16354,40,3,1066
16355,39,3,1068
16356,5,1,1051
16357,14,2,1157
16358,2,3,576
16358,30,3,549
16358,38,2,1061
16359,36,1,847
16359,39,3,1068
16360,45,3,561
16360,22,2,892
16360,30,2,549
16361,11,1,1047
16362,17,2,902
16362,30,2,549
16363,21,3,736
16363,29,3,1062
16364,49,2,1172
16364,9,3,1025
16364,11,1,1047
16365,45,2,561
16366,1,1,1038
16367,10,1,913
16367,2,3,576
16368,31,3,647
16368,15,3,439
16369,2,3,576
16369,7,3,332
16370,10,3,913
16370,39,3,1068
16371,6,1,1306
16372,38,3,1061
16372,43,2,1149
16372,23,2,784
16373,21,1,736
16373,19,3,718
16374,12,2,1432
16374,22,1,892
16375,39,1,1068
16375,50,2,998
16376,7,2,332
16376,31,1,647
16377,14,3,1157
16377,32,1,611
16378,48,1,553
16379,9,1,1025
16379,37,1,1229
16379,35,3,815
16380,16,3,1416
16380,26,1,1135
16381,35,1,815
16381,46,2,625
16382,48,2,553
16382,24,3,946
16382,36,3,847
16383,32,3,611
16384,40,1,1066
16384,27,2,1283
16384,50,1,998
16385,31,2,647
16386,29,3,1062
16387,18,1,649
16387,2,1,576
16387,19,3,718
16388,23,2,784
16388,10,3,913
16388,35,2,815
16389,42,3,934
16389,14,3,1157
16390,18,3,649
16391,36,1,847
16391,40,1,1066
16392,49,3,1172
16393,25,3,737
16393,9,3,1025
16393,2,1,576
16394,29,1,1062
16395,38,1,1061
16395,18,1,649
16396,27,3,1283
16396,17,3,902
16397,17,3,902
16398,26,1,1135
16398,42,2,934
16398,50,1,998
16399,8,2,588
16399,18,3,649
16399,31,1,647
16400,18,2,649
16400,38,3,1061
16400,37,1,1229
16401,39,1,1068
16401,2,2,576
16402,8,1,588
16402,1,2,1038
16403,46,1,625
16404,32,1,611
16404,38,1,1061
16404,13,1,954
16405,50,1,998
16405,12,2,1432
16406,16,1,1416
16407,31,3,647
16407,23,1,784
16408,24,3,946
16408,14,3,1157
16409,16,3,1416
16409,27,3,1283
16410,27,1,1283
16410,8,1,588
16410,29,2,1062
16411,16,2,1416
16411,32,1,611
16412,20,1,753
16413,24,3,946
16414,25,2,737
16414,48,1,553
16415,24,3,946
16416,27,3,1283
16416,4,2,516
16416,37,2,1229
16417,9,2,1025
16417,41,3,910
16417,39,1,1068
16418,37,2,1229
16418,38,2,1061
16418,10,2,913
16419,11,3,1047
16420,49,3,1172
16420,12,2,1432
16420,14,2,1157
16421,30,3,549
16421,23,2,784
16421,6,1,1306
16422,13,1,954
16423,47,2,954
16424,36,1,847
16425,14,3,1157
16425,39,1,1068
16426,39,1,1068
16427,38,2,1061
16427,22,1,892
16428,13,2,954
16428,12,2,1432
16429,5,3,1051
16430,31,3,647
16430,23,1,784
16430,24,2,946
16431,12,1,1432
16431,9,1,1025
16431,20,2,753
16432,11,2,1047
16432,43,3,1149
16432,3,1,748
16433,17,1,902
16433,42,1,934
16433,21,2,736
16434,45,2,561
16434,8,3,588
16435,25,3,737
16436,21,3,736
16437,10,2,913
16437,46,1,625
16437,10,2,913
16438,6,1,1306
16438,50,1,998
16438,31,3,647
16439,38,2,1061
16439,31,1,647
16439,34,2,1107
16440,35,2,815
16440,49,1,1172
16441,15,3,439
16441,15,3,439
16441,7,2,332
16442,19,3,718
16442,9,1,1025
16443,28,1,1057
16444,49,2,1172
16444,9,1,1025
16444,16,1,1416
16445,3,1,748
16446,12,3,1432
16446,41,1,910
16447,23,3,784
16447,36,3,847
16447,6,1,1306
16448,25,2,737
16448,4,2,516
16448,23,2,784
16449,5,2,1051
16449,3,3,748
16450,15,3,439
16450,37,2,1229
16450,47,1,954
16451,45,2,561
16451,28,2,1057
16452,46,2,625
16452,30,3,549
16452,2,3,576
16453,15,2,439
16453,18,1,649
16454,27,1,1283
16455,43,2,1149
16456,18,3,649
16456,35,3,815
16456,7,3,332
16457,27,1,1283
16457,35,1,815
16457,3,2,748
16458,26,2,1135
16458,4,1,516
16458,40,2,1066
16459,31,2,647
16459,43,1,1149
16459,4,3,516
16460,23,1,784
16460,35,1,815
16461,23,1,784
16461,8,3,588
16462,32,2,611
16463,8,3,588
16463,22,3,892
16464,36,1,847
16465,20,3,753
16465,45,1,561
16465,20,1,753
16466,29,3,1062
16466,15,2,439
16466,4,2,516
16467,28,2,1057
16467,13,1,954
16468,43,2,1149
16468,43,3,1149
16469,1,1,1038
16469,36,1,847
16469,10,1,913
16470,36,2,847
16470,20,1,753
16471,36,3,847
16472,3,1,748
16473,18,2,649
16473,20,3,753
16474,9,1,1025
16474,11,2,1047
16475,18,3,649
16476,1,2,1038
16477,12,1,1432
16477,13,1,954
16477,31,1,647
16478,46,3,625
16479,15,1,439
16479,8,1,588
16479,27,3,1283
16480,3,3,748
16481,35,1,815
16481,32,1,611
16482,17,2,902
16483,18,1,649
16483,11,2,1047
16484,10,2,913
16484,43,1,1149
16485,8,2,588
16485,37,2,1229
16486,13,3,954
16486,39,1,1068
16486,23,2,784
16487,17,1,902
16487,34,3,1107
16488,50,3,998
16488,35,2,815
16488,50,2,998
16489,14,2,1157
16489,50,3,998
16490,11,2,1047
16490,44,3,1303
16490,8,2,588
16491,6,1,1306
16492,36,1,847
16492,11,2,1047
16493,31,2,647
16494,18,3,649
16495,44,2,1303
16495,26,3,1135
16496,35,2,815
16497,6,2,1306
16498,31,2,647
16499,30,1,549
16499,10,1,913
16500,17,2,902
16500,29,1,1062
16501,15,1,439
16501,5,3,1051
16501,2,1,576
16502,8,3,588
16502,43,3,1149
16503,46,3,625
16503,29,1,1062
16504,6,1,1306
16504,10,1,913
16505,41,2,910
16506,40,1,1066
16506,41,1,910
16506,27,1,1283
16507,11,3,1047
16508,22,3,892
16508,13,3,954
16509,11,2,1047
16509,19,2,718
16510,41,2,910
16511,10,2,913
16511,12,1,1432
16512,29,3,1062
16512,20,3,753
16513,40,1,1066
16514,41,1,910
16515,17,2,902
16516,11,2,1047
16517,24,3,946
16517,23,2,784
16518,19,3,718
16518,25,3,737
16518,33,1,943
16519,34,3,1107
16519,48,2,553
16519,19,2,718
16520,38,1,1061
16520,35,2,815
16521,7,1,332
16522,20,3,753
16523,50,2,998
16523,45,3,561
16524,19,1,718
16524,1,1,1038
16525,28,3,1057
16526,37,1,1229
16526,16,2,1416
16527,20,2,753
16527,33,2,943
16528,41,1,910
16528,14,3,1157
16529,27,2,1283
16529,48,1,553
16530,32,3,611
16530,36,2,847
16531,41,3,910
16532,30,2,549
16532,43,3,1149
16533,44,1,1303
16534,22,3,892
16534,40,3,1066
16534,22,3,892
16535,30,3,549
16535,11,3,1047
16536,19,2,718
16536,33,3,943
16536,34,2,1107
16537,48,3,553
16537,28,1,1057
16538,4,1,516
16538,16,1,1416
16539,19,2,718
16539,37,2,1229
16539,42,3,934
16540,39,1,1068
16540,48,1,553
16540,37,2,1229
16541,40,1,1066
16542,23,2,784
16542,34,3,1107
16543,3,2,748
16544,7,2,332
16544,1,3,1038
16544,50,1,998
16545,44,2,1303
16546,21,2,736
16546,49,1,1172
16547,30,3,549
16548,15,2,439
16548,44,2,1303
16549,8,2,588
16549,46,2,625
16549,20,2,753
16550,41,1,910
16551,15,1,439
16551,3,3,748
16552,35,2,815
16552,6,3,1306
16552,14,2,1157
16553,5,3,1051
16554,49,3,1172
16554,50,2,998
16555,4,1,516
16556,28,1,1057
16557,6,3,1306
16558,4,1,516
16558,44,2,1303
16558,38,1,1061
16559,21,3,736
16559,12,2,1432
16560,38,1,1061
16560,43,1,1149
16561,18,2,649
16562,13,3,954
16563,9,2,1025
16564,45,2,561
16564,30,3,549
16564,17,1,902
16565,31,1,647
16565,40,3,1066
16566,39,3,1068
16566,36,1,847
16566,21,1,736
16567,43,1,1149
16567,15,1,439
16567,42,2,934
16568,15,1,439
16568,29,1,1062
16569,50,3,998
16569,41,2,910
16570,19,2,718
16570,48,1,553
16570,10,2,913
16571,33,3,943
16571,33,1,943
16572,30,2,549
16572,36,1,847
16572,39,1,1068
16573,47,1,954
16574,24,3,946
16574,24,1,946
16575,50,2,998
16576,10,1,913
16576,23,2,784
16576,40,1,1066
16577,40,2,1066
16577,21,2,736
16577,15,3,439
16578,32,2,611
16579,44,3,1303
16579,27,1,1283
16579,13,3,954
16580,7,2,332
16581,30,1,549
16582,42,1,934
16582,49,3,1172
16583,16,3,1416
16583,31,2,647
16584,34,1,1107
16584,35,1,815
16584,36,3,847
16585,33,1,943
16585,26,1,1135
16585,25,2,737
16586,13,1,954
16586,15,2,439
16587,14,2,1157
16587,1,3,1038
16588,6,2,1306
16588,43,3,1149
16589,9,3,1025
16589,1,3,1038
16589,3,1,748
16590,47,3,954
16591,42,1,934
16591,35,1,815
16592,36,2,847
16592,18,3,649
16592,32,3,611
16593,10,1,913
16594,32,1,611
16594,4,1,516
16594,34,2,1107
16595,20,3,753
16596,45,2,561
16597,33,1,943
16597,42,3,934
16597,30,2,549
16598,21,3,736
16598,17,1,902
16599,6,1,1306
16599,18,3,649
16600,21,2,736
16600,36,1,847
16600,17,2,902
16601,15,3,439
16601,21,2,736
16602,21,1,736
16603,1,1,1038
16603,12,3,1432
16603,27,1,1283
16604,8,3,588
16604,23,3,784
16604,19,3,718
16605,42,1,934
16605,22,2,892
16605,22,2,892
16606,11,2,1047
16606,39,1,1068
16607,10,2,913
16608,47,3,954
16608,23,3,784
16608,15,2,439
16609,47,1,954
16609,27,2,1283
16609,41,2,910
16610,11,2,1047
16610,45,2,561
16610,19,3,718
16611,16,1,1416
16611,30,3,549
16611,29,2,1062
16612,16,3,1416
16612,40,1,1066
16613,28,2,1057
16613,47,1,954
16613,31,1,647
16614,38,3,1061
16614,38,3,1061
16615,23,1,784
16615,27,1,1283
16616,34,2,1107
16617,18,2,649
16617,25,2,737
16617,24,2,946
16618,12,1,1432
16618,8,1,588
16619,49,2,1172
16619,26,2,1135
16620,34,3,1107
16621,17,1,902
16621,9,2,1025
16622,49,1,1172
16623,21,3,736
16624,21,2,736
16624,33,1,943
16625,34,1,1107
16625,13,3,954
16626,19,3,718
16626,9,3,1025
16626,40,3,1066
16627,26,2,1135
16627,37,2,1229
16628,47,2,954
16628,16,3,1416
16628,15,1,439
16629,26,2,1135
16629,27,1,1283
16630,30,1,549
16630,19,3,718
16631,32,1,611
16632,33,3,943
16632,41,2,910
16632,45,3,561
16633,31,1,647
16634,35,3,815
16635,19,1,718
16635,3,2,748
16635,24,3,946
16636,17,2,902
16637,2,1,576
16637,11,1,1047
16637,7,3,332
16638,38,2,1061
16639,6,3,1306
16639,21,3,736
16640,21,2,736
16641,36,3,847
16641,28,3,1057
16642,47,1,954
16642,2,1,576
16642,36,1,847
16643,44,1,1303
16643,29,3,1062
16644,33,2,943
16645,12,3,1432
16645,41,2,910
16646,40,2,1066
16646,33,2,943
16647,42,1,934
16647,22,3,892
16647,12,1,1432
16648,26,3,1135
16648,40,3,1066
16648,2,3,576
16649,13,2,954
16649,27,1,1283
16649,49,1,1172
16650,4,2,516
16650,18,1,649
16650,28,2,1057
16651,19,3,718
16652,8,3,588
16652,34,1,1107
16652,19,2,718
16653,20,1,753
16654,38,2,1061
16654,34,1,1107
16655,21,2,736
16655,38,2,1061
16655,6,2,1306
16656,19,3,718
16656,8,1,588
16657,39,2,1068
16657,36,3,847
16657,12,3,1432
16658,15,2,439
16658,1,3,1038
16658,22,1,892
16659,10,3,913
16659,6,1,1306
16659,28,1,1057
16660,19,2,718
16660,4,3,516
16661,20,2,753
16661,34,3,1107
16662,24,1,946
16662,36,1,847
16662,3,1,748
16663,33,3,943
16663,15,1,439
16664,32,1,611
16664,40,1,1066
16664,15,1,439
16665,50,1,998
16665,8,2,588
16666,7,3,332
16666,1,1,1038
16666,45,2,561
16667,26,1,1135
16667,5,1,1051
16667,33,3,943
16668,38,1,1061
16669,18,3,649
16669,48,1,553
16669,17,3,902
16670,24,2,946
16670,48,2,553
16670,45,1,561
16671,43,2,1149
16671,42,3,934
16672,27,2,1283
16672,26,3,1135
16673,48,2,553
16674,16,1,1416
16674,41,2,910
16675,18,3,649
16675,7,1,332
16676,38,2,1061
16676,49,3,1172
16676,34,1,1107
16677,36,2,847
16677,4,3,516
16678,13,1,954
16679,40,3,1066
16679,2,1,576
16679,19,3,718
16680,45,1,561
16680,28,2,1057
16680,4,2,516
16681,9,2,1025
16682,35,3,815
16682,19,1,718
16683,46,3,625
16684,6,3,1306
16684,50,2,998
16685,33,3,943
16685,40,1,1066
16686,33,3,943
16686,45,2,561
16686,40,2,1066
16687,3,1,748
16687,38,2,1061
16687,10,3,913
16688,22,2,892
16689,46,1,625
16690,47,2,954
16690,12,1,1432
16690,35,2,815
16691,42,3,934
16692,3,2,748
16692,5,3,1051
16693,34,2,1107
16693,32,3,611
16693,27,2,1283
16694,48,2,553
16694,17,1,902
16694,33,3,943
16695,6,3,1306
16696,6,3,1306
16696,9,3,1025
16696,25,3,737
16697,5,1,1051
16697,27,1,1283
16697,49,3,1172
16698,41,2,910
16698,33,2,943
16699,1,2,1038
16700,27,2,1283
16700,24,2,946
16701,39,3,1068
16701,48,1,553
16702,36,1,847
16703,3,2,748
16703,50,2,998
16703,31,3,647
16704,45,1,561
16704,7,3,332
16704,2,1,576
16705,11,1,1047
16706,45,1,561
16706,4,1,516
16707,26,1,1135
16708,3,1,748
16709,23,1,784
16709,48,1,553
16710,26,3,1135
16711,6,3,1306
16711,30,3,549
16712,10,3,913
16712,2,1,576
16713,17,3,902
16713,31,2,647
16714,47,3,954
16714,31,3,647
16715,48,2,553
16715,47,3,954
16715,19,3,718
16716,11,3,1047
16716,48,1,553
16716,34,3,1107
16717,12,3,1432
16717,34,1,1107
16717,16,3,1416
16718,42,1,934
16719,10,1,913
16720,1,2,1038
16721,13,2,954
16721,42,3,934
16722,41,2,910
16723,6,2,1306
16723,36,1,847
16724,12,3,1432
16724,27,1,1283
16725,3,3,748
16726,8,3,588
16726,46,1,625
16726,36,1,847
16727,34,3,1107
16728,23,3,784
16728,35,2,815
16729,40,1,1066
16729,34,3,1107
16730,34,3,1107
16730,23,3,784
16731,32,1,611
16731,16,2,1416
16731,23,2,784
16732,16,1,1416
16732,22,3,892
16732,15,1,439
16733,27,2,1283
16733,43,1,1149
16733,33,3,943
16734,10,2,913
16734,9,3,1025
16735,1,2,1038
16736,42,3,934
16736,45,2,561
16737,39,1,1068
16737,23,3,784
16738,31,1,647
16739,46,1,625
16739,17,2,902
16739,45,1,561
16740,37,3,1229
16741,30,1,549
16741,21,1,736
16741,41,2,910
16742,26,1,1135
16742,11,2,1047
16743,20,1,753
16744,3,2,748
16744,26,2,1135
16745,40,1,1066
16745,22,1,892
16746,11,2,1047
16746,14,2,1157
16746,13,2,954
16747,11,1,1047
16748,24,3,946
16749,24,1,946
16750,42,3,934
16750,47,3,954
16750,10,3,913
16751,15,2,439
16752,22,1,892
16752,21,3,736
16752,44,2,1303
16753,4,3,516
16753,48,3,553
16753,50,2,998
16754,22,1,892
16755,3,2,748
16756,23,2,784
16756,8,3,588
16757,6,2,1306
16757,10,1,913
16758,35,3,815
16758,5,2,1051
16758,9,1,1025
16759,22,3,892
16759,48,2,553
16760,19,1,718
16761,18,1,649
16761,17,1,902
16762,29,1,1062
16763,20,1,753
16763,5,3,1051
16763,35,2,815
16764,5,1,1051
16764,24,3,946
16764,42,3,934
16765,12,3,1432
16765,13,3,954
16765,44,2,1303
16766,5,1,1051
16766,2,1,576
16766,19,3,718
16767,25,1,737
16768,7,2,332
16769,36,1,847
16769,16,1,1416
16769,7,3,332
16770,32,1,611
16770,15,3,439
16771,12,1,1432
16771,35,2,815
16771,14,3,1157
16772,42,1,934
16773,18,1,649
16773,37,1,1229
16774,25,2,737
16774,8,1,588
16774,35,2,815
16775,20,1,753
16776,19,3,718
16776,28,2,1057
16777,45,3,561
16778,50,2,998
16778,26,1,1135
16778,34,1,1107
16779,3,2,748
16780,41,2,910
16780,31,1,647
16781,1,1,1038
16782,30,1,549
16782,2,1,576
16783,35,2,815
16783,34,1,1107
16783,45,2,561
16784,24,2,946
16784,16,1,1416
16785,24,2,946
16785,11,3,1047
16786,19,3,718
16786,2,1,576
16787,42,3,934
16787,23,1,784
16788,20,3,753
16789,26,2,1135
16789,22,3,892
16789,3,1,748
16790,1,2,1038
16791,15,3,439
16791,29,3,1062
16791,35,1,815
16792,21,2,736
16793,43,2,1149
16794,42,1,934
16794,46,2,625
16794,11,2,1047
16795,6,1,1306
16795,8,1,588
16795,1,2,1038
16796,9,3,1025
16796,23,3,784
16796,24,3,946
16797,8,1,588
16797,38,2,1061
16797,42,3,934
16798,42,1,934
16798,1,2,1038
16799,35,3,815
16799,30,1,549
16800,36,3,847
16800,16,1,1416
16800,46,3,625
16801,41,3,910
16801,48,2,553
16802,44,2,1303
16803,38,1,1061
16803,39,2,1068
16803,40,2,1066
16804,2,3,576
16804,38,2,1061
16804,1,2,1038
16805,36,1,847
16805,14,1,1157
16806,41,2,910
16807,33,2,943
16807,40,3,1066
16807,45,2,561
16808,47,1,954
16808,24,2,946
16808,7,3,332
16809,33,1,943
16809,39,3,1068
16809,50,3,998
16810,18,1,649
16810,11,1,1047
16810,28,3,1057
16811,25,2,737
16811,17,3,902
16812,21,1,736
16812,47,3,954
16813,45,2,561
16813,43,1,1149
16814,42,1,934
16814,41,1,910
16814,13,3,954
16815,28,3,1057
16816,2,3,576
16817,50,2,998
16817,19,3,718
16817,44,3,1303
16818,43,3,1149
16818,23,1,784
16819,41,1,910
16820,28,2,1057
16821,37,1,1229
16821,27,2,1283
16822,42,2,934
16822,39,2,1068
16822,27,1,1283
16823,20,1,753
16823,15,1,439
16823,32,1,611
16824,27,3,1283
16825,40,1,1066
16825,1,2,1038
16825,29,3,1062
16826,27,1,1283
16826,26,3,1135
16826,38,1,1061
16827,42,1,934
16828,28,1,1057
16828,39,1,1068
16829,20,2,753
16829,48,2,553
16830,32,1,611
16831,47,1,954
16832,5,3,1051
16832,7,2,332
16832,11,2,1047
16833,26,2,1135
16833,3,1,748
16834,20,2,753
16834,28,1,1057
16835,37,1,1229
16835,21,1,736
16835,3,2,748
16836,23,1,784
16836,13,2,954
16836,46,3,625
16837,34,1,1107
16837,27,3,1283
16838,1,1,1038
16838,46,3,625
16838,46,1,625
16839,6,2,1306
16840,46,1,625
16840,37,3,1229
16840,18,2,649
16841,9,3,1025
16842,20,1,753
16842,7,3,332
16843,1,3,1038
16843,47,1,954
16843,15,3,439
16844,1,2,1038
16844,17,3,902
16844,31,3,647
16845,33,1,943
16845,14,3,1157
16846,5,1,1051
16846,27,3,1283
16846,38,2,1061
16847,13,1,954
16847,22,1,892
16848,29,3,1062
16848,29,3,1062
16849,26,1,1135
16850,39,1,1068
16850,44,2,1303
16851,43,2,1149
16852,25,3,737
16853,50,1,998
16853,40,2,1066
16854,2,1,576
16855,20,2,753
16855,16,2,1416
16855,21,3,736
16856,1,1,1038
16857,17,1,902
16858,50,2,998
16858,20,3,753
16859,37,3,1229
16859,28,2,1057
16859,14,1,1157
16860,12,1,1432
16860,23,3,784
16860,49,2,1172
16861,24,2,946
16861,20,1,753
16861,30,1,549
16862,43,3,1149
16862,15,3,439
16863,22,1,892
16863,6,3,1306
16863,14,1,1157
16864,7,1,332
16865,15,1,439
16866,50,3,998
16866,29,3,1062
16866,2,1,576
16867,13,3,954
16867,30,2,549
16868,33,2,943
16868,6,3,1306
16868,14,3,1157
16869,42,2,934
16870,40,3,1066
16870,37,1,1229
16870,28,2,1057
16871,14,3,1157
16871,32,1,611
16872,41,1,910
16873,44,2,1303
16873,22,1,892
16874,5,3,1051
16875,44,2,1303
16876,26,3,1135
16876,3,2,748
16877,40,2,1066
16877,50,2,998
16877,47,3,954
16878,36,2,847
16879,23,1,784
16879,43,1,1149
16880,39,2,1068
16880,42,3,934
16880,16,3,1416
16881,14,3,1157
16881,22,1,892
16882,21,2,736
16882,4,2,516
16882,19,1,718
16883,32,2,611
16883,18,3,649
16884,22,1,892
16884,6,2,1306
16885,32,1,611
16885,4,3,516
16885,4,2,516
16886,22,2,892
16887,18,2,649
16887,5,1,1051
16887,48,1,553
16888,31,1,647
16888,13,2,954
16888,37,1,1229
16889,47,2,954
16890,18,3,649
16890,33,3,943
16890,30,2,549
16891,16,3,1416
16892,24,1,946
16892,31,2,647
16892,44,2,1303
16893,11,1,1047
16894,6,1,1306
16895,40,2,1066
16895,42,1,934
16896,9,3,1025
16896,38,3,1061
16896,21,3,736
16897,39,1,1068
16898,4,1,516
16899,44,3,1303
16900,15,2,439
16901,36,1,847
16902,36,1,847
16903,46,1,625
16903,39,2,1068
16903,4,2,516
16904,16,1,1416
16904,26,2,1135
16905,42,2,934
16905,31,2,647
16906,36,2,847
16906,7,1,332
16907,40,3,1066
16908,41,2,910
16909,41,1,910
16910,3,1,748
16910,32,3,611
16911,33,2,943
16911,50,1,998
16912,32,1,611
16912,35,2,815
16912,47,2,954
16913,35,2,815
16913,39,1,1068
16913,31,1,647
16914,27,1,1283
16915,9,2,1025
16916,35,2,815
16916,39,3,1068
16917,17,2,902
16917,10,1,913
16918,35,2,815
16919,26,3,1135
16919,11,1,1047
16920,19,1,718
16920,34,2,1107
16920,35,3,815
16921,29,2,1062
16921,17,1,902
16922,48,2,553
16923,35,3,815
16924,4,3,516
16925,25,1,737
16926,39,2,1068
16926,3,3,748
16927,22,1,892
16927,26,2,1135
16927,1,2,1038
16928,1,3,1038
16928,28,2,1057
16928,7,3,332
16929,49,2,1172
16930,49,2,1172
16930,28,2,1057
16930,2,3,576
16931,23,3,784
16931,20,2,753
16932,5,3,1051
16932,35,3,815
16933,44,1,1303
16934,5,1,1051
16934,9,1,1025
16934,48,3,553
16935,30,1,549
16936,26,1,1135
16936,13,3,954
16936,48,2,553
16937,16,3,1416
16937,2,3,576
16938,46,3,625
16939,25,3,737
16939,17,3,902
16939,5,3,1051
16940,1,3,1038
16940,17,3,902
16941,8,1,588
16942,12,1,1432
16943,36,3,847
16944,46,3,625
16945,17,3,902
16946,7,2,332
16946,14,2,1157
16946,33,2,943
16947,17,3,902
16947,11,3,1047
16947,17,3,902
16948,42,1,934
16949,16,1,1416
16950,32,2,611
16951,17,1,902
16951,9,1,1025
16952,31,3,647
16952,10,2,913
16952,32,2,611
16953,4,2,516
16954,43,2,1149
16954,48,3,553
16955,3,1,748
16955,41,1,910
16955,48,1,553
16956,35,2,815
16957,2,3,576
16957,50,2,998
16958,33,1,943
16958,13,2,954
16959,13,1,954
16959,48,3,553
16960,33,3,943
16961,23,2,784
16962,40,2,1066
16963,15,1,439
16964,1,2,1038
16964,16,3,1416
16965,40,1,1066
16965,12,3,1432
16965,46,1,625
16966,41,3,910
16966,24,3,946
16966,20,1,753
16967,30,2,549
16967,30,3,549
16968,34,3,1107
16968,21,3,736
16968,46,3,625
16969,34,2,1107
16969,22,1,892
16969,28,2,1057
16970,25,2,737
16970,16,1,1416
16970,27,3,1283
16971,20,3,753
16972,19,2,718
16973,43,3,1149
16973,18,2,649
16973,8,3,588
16974,14,3,1157
16974,38,3,1061
16975,5,2,1051
16976,50,1,998
16976,38,3,1061
16976,3,2,748
16977,27,1,1283
16977,31,1,647
16978,9,2,1025
16979,20,2,753
16979,41,2,910
16979,28,3,1057
16980,19,3,718
16981,29,2,1062
16981,42,3,934
16982,47,2,954
16982,9,1,1025
16983,33,1,943
16983,27,3,1283
16983,7,1,332
16984,43,2,1149
16985,26,1,1135
16985,28,3,1057
16986,40,2,1066
16987,49,3,1172
16987,21,2,736
16988,24,2,946
16988,25,3,737
16988,22,3,892
16989,5,2,1051
16989,45,1,561
16989,12,1,1432
16990,1,3,1038
16991,42,1,934
16991,10,2,913
16992,29,3,1062
16993,38,3,1061
16993,44,1,1303
16994,30,2,549
16994,43,1,1149
16995,22,1,892
16995,40,2,1066
16995,37,1,1229
16996,37,2,1229
16996,6,2,1306
16997,41,1,910
16998,23,2,784
16998,35,2,815
16999,23,1,784
16999,10,3,913
17000,36,1,847
17001,32,1,611
17001,20,1,753
17002,1,1,1038
17003,29,1,1062
17004,41,3,910
17004,5,1,1051
17004,49,2,1172
17005,46,2,625
17005,32,3,611
17005,11,3,1047
17006,22,2,892
17006,47,1,954
17006,10,2,913
17007,25,2,737
17007,6,1,1306
17008,7,2,332
17008,43,1,1149
17008,37,3,1229
17009,32,3,611
17009,49,2,1172
17009,3,1,748
17010,49,3,1172
17011,14,1,1157
17011,41,1,910
17011,9,2,1025
17012,10,3,913
17012,19,1,718
17013,50,1,998
17013,19,3,718
17013,24,2,946
17014,49,2,1172
17014,27,3,1283
17014,40,1,1066
17015,25,1,737
17015,25,2,737
17016,25,3,737
17016,8,2,588
17017,13,2,954
17018,14,1,1157
17018,17,3,902
17019,28,1,1057
17019,32,3,611
17019,19,1,718
17020,49,1,1172
17020,23,3,784
17020,39,3,1068
17021,17,2,902
17021,25,2,737
17021,10,1,913
17022,22,3,892
17022,6,2,1306
17023,37,2,1229
17023,28,2,1057
17024,15,3,439
17025,34,1,1107
17026,7,1,332
17026,5,3,1051
17026,24,1,946
17027,27,3,1283
17027,16,3,1416
17028,15,3,439
17028,33,2,943
17028,14,2,1157
17029,34,1,1107
17030,49,2,1172
17030,7,3,332
17031,29,2,1062
17032,46,3,625
17032,28,3,1057
17033,11,2,1047
17033,31,3,647
17034,22,1,892
17034,46,2,625
17035,25,3,737
17035,15,2,439
17035,38,2,1061
17036,16,1,1416
17036,31,2,647
17037,44,3,1303
17038,44,2,1303
17039,28,2,1057
17039,7,1,332
17040,19,2,718
17040,22,3,892
17041,45,3,561
17042,21,1,736
17043,30,1,549
17043,41,2,910
17043,40,3,1066
17044,40,3,1066
17044,38,3,1061
17045,44,3,1303
17045,34,3,1107
17046,49,2,1172
17046,37,2,1229
17046,20,2,753
17047,32,3,611
17047,33,1,943
17047,12,1,1432
17048,47,3,954
17048,26,2,1135
17049,43,1,1149
17049,10,3,913
17050,36,2,847
17051,37,2,1229
17052,31,2,647
17052,3,3,748
17053,50,2,998
17053,49,2,1172
17053,29,3,1062
17054,4,2,516
17054,33,1,943
17054,30,2,549
17055,41,2,910
17055,44,3,1303
17056,44,2,1303
17056,2,2,576
17056,44,1,1303
17057,25,2,737
17057,50,1,998
17057,36,1,847
17058,22,2,892
17059,50,2,998
17059,47,3,954
17059,34,2,1107
17060,44,2,1303
17060,29,3,1062
17061,42,1,934
17061,11,2,1047
17061,8,2,588
17062,2,2,576
17062,26,3,1135
17062,30,1,549
17063,6,3,1306
17063,8,3,588
17063,10,2,913
17064,2,3,576
17065,17,2,902
17066,14,3,1157
17066,16,3,1416
17067,23,2,784
17067,44,3,1303
17067,8,2,588
17068,44,2,1303
17068,46,2,625
17069,4,1,516
17069,12,1,1432
17069,24,1,946
17070,2,2,576
17070,6,2,1306
17070,38,2,1061
17071,36,2,847
17072,2,1,576
17072,22,1,892
17073,13,1,954
17073,12,1,1432
17074,7,3,332
17074,7,2,332
17074,50,3,998
17075,34,1,1107
17075,17,1,902
17076,28,2,1057
17076,50,3,998
17076,14,1,1157
17077,41,1,910
17077,39,1,1068
17077,24,1,946
17078,23,3,784
17079,16,1,1416
17080,4,2,516
17080,7,3,332
17080,30,2,549
17081,45,2,561
17081,47,2,954
17082,16,3,1416
17083,49,1,1172
17083,34,2,1107
17084,7,2,332
17085,50,1,998
17085,27,1,1283
17085,16,3,1416
17086,40,2,1066
17086,1,2,1038
17086,28,1,1057
17087,23,3,784
17088,36,1,847
17088,27,2,1283
17089,17,1,902
17089,42,2,934
17089,49,3,1172
17090,37,3,1229
17090,12,1,1432
17090,22,2,892
17091,8,2,588
17092,36,2,847
17093,1,3,1038
17093,31,2,647
17093,10,2,913
17094,16,3,1416
17095,13,1,954
17096,35,2,815
17096,25,3,737
17097,14,2,1157
17097,9,1,1025
17098,44,1,1303
17098,6,2,1306
17098,33,3,943
17099,44,3,1303
17100,45,1,561
17100,6,1,1306
17100,42,2,934
17101,6,1,1306
17102,29,2,1062
17102,32,3,611
17103,20,1,753
17103,27,3,1283
17104,11,3,1047
17105,6,3,1306
17105,25,3,737
17106,46,3,625
17107,21,1,736
17108,27,1,1283
17108,13,3,954
17109,27,3,1283
17110,46,2,625
17110,18,1,649
17110,1,3,1038
17111,13,1,954
17112,10,1,913
17112,42,1,934
17113,22,1,892
17113,23,3,784
17113,3,2,748
17114,23,3,784
17115,27,1,1283
17115,13,3,954
17116,21,3,736
17117,6,1,1306
17117,21,3,736
17118,34,1,1107
17118,27,3,1283
17119,36,1,847
17120,39,2,1068
17121,6,1,1306
17121,38,2,1061
17122,36,1,847
17122,47,1,954
17123,9,2,1025
17123,20,1,753
17124,6,2,1306
17124,43,3,1149
17124,40,1,1066
17125,9,3,1025
17126,33,1,943
17126,22,2,892
17127,47,1,954
17127,35,1,815
17127,8,3,588
17128,22,2,892
17128,1,3,1038
17129,4,3,516
17129,11,1,1047
17129,23,3,784
17130,35,2,815
17131,47,3,954
17132,34,2,1107
17132,31,2,647
17132,8,1,588
17133,39,2,1068
17134,15,2,439
17135,43,2,1149
17135,36,2,847
17136,17,1,902
17136,12,3,1432
17136,27,3,1283
17137,20,1,753
17138,4,1,516
17138,24,3,946
17138,17,2,902
17139,43,1,1149
17140,9,2,1025
17140,19,3,718
17141,24,1,946
17141,14,1,1157
17142,19,1,718
17142,35,3,815
17142,22,3,892
17143,14,3,1157
17144,11,2,1047
17144,33,3,943
17144,1,2,1038
17145,33,3,943
17145,8,1,588
17145,12,2,1432
17146,49,1,1172
17146,14,1,1157
17147,10,2,913
17147,17,3,902
17147,14,3,1157
17148,39,1,1068
17149,41,2,910
17149,4,2,516
17150,9,2,1025
17151,16,2,1416
17152,18,3,649
17152,37,2,1229
17152,12,2,1432
17153,20,2,753
17153,25,2,737
17154,6,2,1306
17155,18,3,649
17156,2,1,576
17157,6,1,1306
17157,19,2,718
17157,40,3,1066
17158,38,3,1061
17158,49,1,1172
17158,5,3,1051
17159,19,1,718
17159,25,2,737
17160,14,2,1157
17160,5,1,1051
17160,20,1,753
17161,28,1,1057
17162,37,2,1229
17162,29,3,1062
17163,15,3,439
17163,2,3,576
17163,21,3,736
17164,20,1,753
17165,7,3,332
17165,17,2,902
17166,13,3,954
17167,23,1,784
17168,36,2,847
17168,1,3,1038
17168,35,3,815
17169,50,2,998
17169,23,3,784
17170,37,1,1229
17171,49,3,1172
17171,20,2,753
17172,44,3,1303
17173,7,2,332
17173,17,3,902
17174,21,2,736
17175,42,2,934
17176,49,3,1172
17176,2,1,576
17177,33,1,943
17177,40,3,1066
17177,6,1,1306
17178,38,2,1061
17179,9,2,1025
17179,25,1,737
17179,44,1,1303
17180,17,3,902
17181,32,1,611
17181,16,3,1416
17181,50,1,998
17182,39,2,1068
17182,18,1,649
17183,30,3,549
17183,22,2,892
17183,28,2,1057
17184,36,3,847
17184,46,1,625
17184,4,2,516
17185,38,1,1061
17185,10,2,913
17186,8,3,588
17186,34,3,1107
17187,37,1,1229
17187,2,3,576
17188,33,2,943
17188,21,1,736
17189,33,3,943
17190,10,3,913
17190,35,1,815
17190,46,2,625
17191,7,1,332
17191,34,2,1107
17191,4,3,516
17192,21,2,736
17192,6,1,1306
17193,32,2,611
17193,41,1,910
17193,21,1,736
17194,48,2,553
17195,29,1,1062
17195,45,1,561
17195,7,1,332
17196,28,2,1057
17196,33,1,943
17196,47,3,954
17197,33,1,943
17197,36,1,847
17198,39,3,1068
17198,50,2,998
17198,49,3,1172
17199,46,1,625
17199,24,1,946
17200,44,1,1303
17200,43,1,1149
17201,41,3,910
17201,4,1,516
17201,44,3,1303
17202,41,3,910
17202,22,1,892
17202,1,3,1038
17203,24,2,946
17203,12,1,1432
17204,45,1,561
17204,1,1,1038
17205,25,2,737
17205,17,2,902
17205,33,2,943
17206,28,1,1057
17206,40,1,1066
17206,33,1,943
17207,33,3,943
17207,35,2,815
17207,39,3,1068
17208,37,1,1229
17208,17,3,902
17208,2,3,576
17209,43,3,1149
17209,42,1,934
17210,12,3,1432
17210,36,3,847
17210,42,3,934
17211,38,1,1061
17211,38,2,1061
17211,19,1,718
17212,31,2,647
17212,48,2,553
17212,25,3,737
17213,37,3,1229
17213,21,3,736
17213,18,1,649
17214,32,1,611
17214,46,1,625
17215,19,2,718
17215,16,2,1416
17216,16,1,1416
17216,33,3,943
17216,13,2,954
17217,50,1,998
17218,33,2,943
17219,31,2,647
17219,49,2,1172
17219,42,2,934
17220,28,1,1057
17220,13,2,954
17221,15,3,439
17222,4,2,516
17222,36,3,847
17222,29,2,1062
17223,19,3,718
17223,45,3,561
17224,4,1,516
17225,15,1,439
17225,29,3,1062
17225,46,2,625
17226,43,3,1149
17226,1,1,1038
17226,3,2,748
17227,30,2,549
17228,23,3,784
17228,36,3,847
17229,30,2,549
17229,43,2,1149
17230,29,2,1062
17231,15,1,439
17231,10,2,913
17231,33,1,943
17232,20,3,753
17232,35,2,815
17232,44,3,1303
17233,50,2,998
17233,36,3,847
17234,25,2,737
17234,39,2,1068
17234,23,2,784
17235,13,1,954
17235,25,1,737
17236,18,3,649
17236,5,2,1051
17236,4,1,516
17237,24,3,946
17238,33,3,943
17238,29,2,1062
17239,32,3,611
17240,48,1,553
17240,12,2,1432
17240,25,3,737
17241,26,3,1135
17241,38,3,1061
17241,6,1,1306
17242,19,3,718
17243,31,1,647
17243,37,1,1229
17244,47,1,954
17245,16,1,1416
17245,24,3,946
17246,3,2,748
17247,12,1,1432
17247,2,1,576
17248,15,1,439
17249,19,2,718
17249,5,1,1051
17250,8,3,588
17250,43,1,1149
17250,27,3,1283
17251,23,1,784
17251,22,2,892
17251,45,1,561
17252,14,1,1157
17252,9,3,1025
17252,36,3,847
17253,32,3,611
17254,19,2,718
17254,24,3,946
17255,15,1,439
17255,19,3,718
17256,30,1,549
17256,27,3,1283
17256,1,3,1038
17257,6,1,1306
17258,4,2,516
17258,23,1,784
17258,50,1,998
17259,23,1,784
17259,36,2,847
17260,39,1,1068
17260,44,3,1303
17260,30,2,549
17261,27,2,1283
17261,40,3,1066
17261,36,3,847
17262,28,1,1057
17262,4,1,516
17262,33,3,943
17263,30,3,549
17263,15,2,439
17263,16,3,1416
17264,31,3,647
17264,37,2,1229
17264,16,3,1416
17265,32,1,611
17265,12,1,1432
17266,31,3,647
17266,44,3,1303
17267,40,2,1066
17267,16,2,1416
17268,41,2,910
17268,46,2,625
17269,19,3,718
17269,21,1,736
17269,20,3,753
17270,27,2,1283
17271,1,3,1038
17271,33,1,943
17272,41,2,910
17273,29,2,1062
17273,6,2,1306
17274,20,1,753
17274,48,2,553
17275,29,1,1062
17276,22,1,892
17276,19,2,718
17277,30,1,549
17277,50,1,998
17277,47,3,954
17278,44,1,1303
17278,2,1,576
17278,28,1,1057
17279,45,2,561
17279,28,3,1057
17279,25,3,737
17280,40,3,1066
17281,14,3,1157
17282,16,2,1416
17282,17,3,902
17283,42,1,934
17284,26,3,1135
17284,19,1,718
17285,2,2,576
17286,3,1,748
17287,26,3,1135
17287,35,1,815
17288,19,1,718
17289,9,2,1025
17290,23,3,784
17290,21,2,736
17291,24,2,946
17292,18,1,649
17292,18,2,649
17293,2,1,576
17293,27,2,1283
17293,23,3,784
17294,47,3,954
17294,38,3,1061
17295,41,2,910
17295,47,1,954
17296,42,2,934
17297,2,3,576
17297,6,3,1306
17298,30,1,549
17298,14,2,1157
17299,9,1,1025
17299,21,3,736
17300,35,1,815
17300,37,1,1229
17301,7,1,332
17301,8,2,588
17302,15,1,439
17302,2,1,576
17302,38,3,1061
17303,44,3,1303
17303,44,3,1303
17304,19,2,718
17304,45,1,561
17304,43,2,1149
17305,9,1,1025
17305,44,3,1303
17306,7,3,332
17306,40,2,1066
17307,26,1,1135
17308,26,3,1135
17308,37,3,1229
17308,17,3,902
17309,16,3,1416
17309,26,2,1135
17309,35,2,815
17310,50,3,998
17310,27,3,1283
17310,20,2,753
17311,31,1,647
17312,9,2,1025
17312,13,1,954
17313,16,1,1416
17313,32,2,611
17314,50,1,998
17314,27,2,1283
17315,29,1,1062
17316,11,2,1047
17317,8,1,588
17317,19,1,718
17318,29,3,1062
17319,5,3,1051
17319,24,1,946
17320,17,1,902
17321,1,2,1038
17321,45,3,561
17322,19,2,718
17322,44,1,1303
17322,44,1,1303
17323,17,3,902
17324,4,3,516
17324,45,1,561
17324,41,3,910
17325,2,3,576
17326,43,3,1149
17326,34,1,1107
17326,45,1,561
17327,10,1,913
17327,47,3,954
17327,7,3,332
17328,19,2,718
17329,28,2,1057
17329,32,3,611
17329,24,3,946
17330,7,1,332
17330,40,1,1066
17330,50,3,998
17331,2,1,576
17331,26,3,1135
17332,33,1,943
17332,18,2,649
17332,10,1,913
17333,15,1,439
17333,14,1,1157
17333,13,2,954
17334,39,2,1068
17334,39,3,1068
17335,19,2,718
17335,49,3,1172
17335,12,1,1432
17336,41,1,910
17336,9,2,1025
17336,29,2,1062
17337,45,1,561
17338,30,1,549
17338,36,1,847
17339,46,1,625
17340,39,2,1068
17340,40,3,1066
17340,37,2,1229
17341,24,3,946
17342,16,2,1416
17342,41,2,910
17343,45,2,561
17343,16,2,1416
17344,42,2,934
17345,25,1,737
17345,12,3,1432
17345,23,2,784
17346,29,3,1062
17346,22,1,892
17346,8,1,588
17347,22,1,892
17348,12,2,1432
17348,19,2,718
17348,14,2,1157
17349,12,2,1432
17350,10,3,913
17351,41,1,910
17352,11,1,1047
17352,22,3,892
17353,3,3,748
17353,34,1,1107
17353,32,3,611
17354,29,3,1062
17354,3,2,748
17354,47,2,954
17355,49,2,1172
17355,9,1,1025
17356,17,2,902
17356,44,2,1303
17357,40,2,1066
17358,25,1,737
17358,35,2,815
17359,32,3,611
17359,50,3,998
17360,21,3,736
17361,47,1,954
17362,19,1,718
17362,29,3,1062
17363,20,3,753
17363,28,1,1057
17364,21,1,736
17365,30,1,549
17366,14,3,1157
17366,18,3,649
17367,20,1,753
17367,26,1,1135
17367,25,1,737
17368,7,1,332
17368,48,2,553
17368,38,2,1061
17369,46,3,625
17370,42,1,934
17370,30,3,549
17371,5,3,1051
17371,14,1,1157
17371,32,3,611
17372,42,1,934
17372,21,2,736
17372,13,1,954
17373,1,1,1038
17373,35,2,815
17374,23,2,784
17374,10,1,913
17374,50,1,998
17375,8,3,588
17375,14,3,1157
17375,8,1,588
17376,44,1,1303
17376,26,3,1135
17377,35,2,815
17377,35,1,815
17377,42,3,934
17378,31,2,647
17378,2,2,576
17379,34,2,1107
17380,16,2,1416
17381,3,3,748
17381,47,2,954
17382,16,2,1416
17383,33,2,943
17384,46,3,625
17384,2,2,576
17384,46,2,625
17385,39,2,1068
17386,17,3,902
17386,31,3,647
17387,2,2,576
17388,3,3,748
17389,50,2,998
17389,39,3,1068
17390,12,1,1432
17390,25,3,737
17391,37,1,1229
17392,14,3,1157
17392,26,3,1135
17393,20,1,753
17393,46,3,625
17394,37,3,1229
17394,11,3,1047
17394,10,1,913
17395,46,2,625
17396,14,2,1157
17397,35,3,815
17397,24,3,946
17397,48,2,553
17398,8,3,588
17398,18,1,649
17399,12,1,1432
17399,11,2,1047
17400,30,1,549
17400,50,1,998
17401,38,2,1061
17401,36,2,847
17401,38,1,1061
17402,41,2,910
17402,30,3,549
17402,7,1,332
17403,39,1,1068
17403,45,3,561
17403,33,2,943
17404,19,2,718
17405,26,1,1135
17405,23,3,784
17406,4,3,516
17406,40,1,1066
17406,17,2,902
17407,8,1,588
17407,13,2,954
17408,31,3,647
17408,21,1,736
17409,32,2,611
17410,25,2,737
17410,46,1,625
17411,7,3,332
17411,22,2,892
17411,15,3,439
17412,25,2,737
17413,11,1,1047
17414,14,2,1157
17415,38,2,1061
17415,17,3,902
17416,48,2,553
17417,3,1,748
17417,38,2,1061
17418,22,3,892
17419,27,3,1283
17419,17,1,902
17420,44,1,1303
17420,34,3,1107
17421,1,3,1038
17422,40,1,1066
17422,24,1,946
17422,18,1,649
17423,32,2,611
17424,13,2,954
17424,6,3,1306
17425,3,1,748
17426,45,3,561
17426,41,3,910
17427,27,3,1283
17428,15,1,439
17428,50,1,998
17429,12,3,1432
17430,50,2,998
17431,8,1,588
17431,36,1,847
17431,12,3,1432
17432,34,3,1107
17433,50,1,998
17434,8,2,588
17435,49,1,1172
17436,9,2,1025
17436,26,2,1135
17437,6,1,1306
17438,7,3,332
17438,26,3,1135
17438,26,2,1135
17439,38,1,1061
17439,28,3,1057
17440,8,2,588
17440,4,2,516
17440,24,1,946
17441,14,2,1157
17441,35,3,815
17442,24,2,946
17442,43,2,1149
17443,9,3,1025
17443,30,1,549
17444,43,3,1149
17444,10,3,913
17445,5,1,1051
17445,7,1,332
17445,47,2,954
17446,40,3,1066
17447,48,3,553
17447,19,3,718
17448,5,2,1051
17449,37,3,1229
17449,34,3,1107
17449,38,1,1061
17450,17,1,902
17450,27,2,1283
17450,37,2,1229
17451,39,3,1068
17451,35,2,815
17452,25,3,737
17452,10,3,913
17453,16,3,1416
17453,3,2,748
17453,25,2,737
17454,18,2,649
17455,31,1,647
17456,44,2,1303
17456,16,3,1416
17457,12,1,1432
17457,31,1,647
17458,39,1,1068
17458,30,3,549
17459,8,1,588
17459,41,2,910
17459,42,3,934
17460,28,2,1057
17460,29,1,1062
17460,46,3,625
17461,38,3,1061
17461,31,1,647
17462,16,3,1416
17463,39,2,1068
17463,42,3,934
17464,15,1,439
17464,5,3,1051
17464,19,2,718
17465,7,3,332
17466,12,3,1432
17466,35,2,815
17467,47,2,954
17468,34,3,1107
17468,47,1,954
17468,28,1,1057
17469,29,2,1062
17470,25,3,737
17470,8,3,588
17471,48,3,553
17471,2,2,576
17472,14,2,1157
17472,17,3,902
17473,41,3,910
17473,30,2,549
17473,43,3,1149
17474,21,1,736
17474,17,1,902
17475,6,3,1306
17475,25,2,737
17475,31,1,647
17476,48,3,553
17476,50,1,998
17476,7,2,332
17477,12,2,1432
17477,17,3,902
17477,11,3,1047
17478,6,1,1306
17479,41,2,910
17479,15,2,439
17480,41,3,910
17480,10,2,913
17480,20,3,753
17481,23,2,784
17481,17,3,902
17481,3,2,748
17482,27,1,1283
17482,23,3,784
17483,46,3,625
17483,43,3,1149
17484,13,3,954
17484,27,1,1283
17484,17,2,902
17485,34,2,1107
17485,10,2,913
17485,13,3,954
17486,11,2,1047
17486,38,2,1061
17486,14,1,1157
17487,18,3,649
17488,26,2,1135
17489,36,3,847
17489,19,2,718
17489,25,2,737
17490,36,3,847
17491,36,3,847
17491,42,3,934
17492,4,3,516
17492,16,3,1416
17493,23,2,784
17493,2,1,576
17493,29,2,1062
17494,21,3,736
17494,40,1,1066
17495,37,2,1229
17495,15,2,439
17495,36,3,847
17496,49,1,1172
17496,41,2,910
17497,7,2,332
17498,48,3,553
17498,48,2,553
17499,28,1,1057
17500,41,2,910
17500,13,3,954
17501,23,3,784
17501,3,2,748
17501,24,1,946
17502,14,2,1157
17503,12,3,1432
17503,37,3,1229
17504,35,2,815
17504,38,2,1061
17505,7,2,332
17505,28,1,1057
17505,1,2,1038
17506,3,3,748
17506,11,3,1047
17506,35,2,815
17507,48,3,553
17508,21,1,736
17508,20,3,753
17508,22,3,892
17509,5,1,1051
17509,12,3,1432
17510,38,3,1061
17511,2,3,576
17511,31,3,647
17511,36,1,847
17512,47,1,954
17512,22,3,892
17512,32,3,611
17513,42,3,934
17513,28,3,1057
17514,31,1,647
17514,31,2,647
17515,42,1,934
17515,13,2,954
17515,29,3,1062
17516,38,2,1061
17516,21,3,736
17517,50,2,998
17517,10,3,913
17517,43,1,1149
17518,27,1,1283
17519,37,3,1229
17519,17,1,902
17519,39,2,1068
17520,7,1,332
17520,20,2,753
17520,4,2,516
17521,7,1,332
17522,23,3,784
17522,36,3,847
17522,8,3,588
17523,39,3,1068
17523,29,2,1062
17523,22,1,892
17524,10,1,913
17524,45,2,561
17525,3,2,748
17525,12,3,1432
17525,15,2,439
17526,37,2,1229
17527,15,3,439
17528,10,3,913
17529,23,2,784
17530,50,2,998
17530,7,1,332
17531,15,3,439
17532,20,1,753
17532,13,3,954
17533,11,2,1047
17533,36,1,847
17534,50,2,998
17535,9,3,1025
17535,42,1,934
17536,7,3,332
17536,32,2,611
17537,39,3,1068
17537,1,2,1038
17538,35,2,815
17538,45,1,561
17539,32,3,611
17539,33,2,943
17540,25,3,737
17540,3,3,748
17540,26,2,1135
17541,24,2,946
17541,48,1,553
17542,46,3,625
17542,27,3,1283
17542,16,3,1416
17543,15,3,439
17544,27,1,1283
17544,9,1,1025
17544,14,3,1157
17545,28,3,1057
17545,24,1,946
17546,26,1,1135
17546,6,1,1306
17546,22,1,892
17547,16,2,1416
17547,12,1,1432
17547,10,2,913
17548,27,2,1283
17548,32,2,611
17549,25,3,737
17549,42,3,934
17549,9,1,1025
17550,6,3,1306
17550,47,1,954
17550,37,3,1229
17551,7,3,332
17551,20,2,753
17551,14,1,1157
17552,33,3,943
17553,36,2,847
17553,3,1,748
17553,17,2,902
17554,17,1,902
17554,13,3,954
17555,11,1,1047
17555,48,2,553
17556,46,3,625
17556,9,3,1025
17556,23,1,784
17557,24,2,946
17557,14,1,1157
17558,15,3,439
17559,41,3,910
17560,31,1,647
17560,48,3,553
17561,3,2,748
17562,7,1,332
17562,49,2,1172
17563,5,1,1051
17563,13,1,954
17564,24,2,946
17565,47,2,954
17565,1,2,1038
17566,30,1,549
17566,39,2,1068
17567,38,2,1061
17568,10,1,913
17569,43,1,1149
17569,47,1,954
17569,49,1,1172
17570,28,3,1057
17570,26,2,1135
17571,3,1,748
17571,22,3,892
17572,16,1,1416
17573,8,3,588
17573,26,1,1135
17574,38,3,1061
17574,14,1,1157
17575,10,2,913
17576,31,1,647
17576,31,3,647
17577,20,1,753
17577,44,1,1303
17577,2,3,576
17578,29,1,1062
17578,10,2,913
17578,15,2,439
17579,27,1,1283
17579,13,2,954
17580,40,1,1066
17581,33,3,943
17582,18,2,649
17582,15,1,439
17583,11,1,1047
17584,9,3,1025
17585,50,3,998
17585,25,2,737
17585,13,2,954
17586,25,2,737
17587,36,2,847
17588,9,2,1025
17588,22,1,892
17589,45,1,561
17590,18,3,649
17591,9,3,1025
17591,34,2,1107
17591,31,2,647
17592,23,1,784
17593,33,3,943
17593,42,2,934
17593,46,1,625
17594,13,1,954
17594,30,3,549
17595,35,1,815
17595,6,2,1306
17595,26,3,1135
17596,1,1,1038
17596,23,3,784
17596,9,3,1025
17597,11,2,1047
17598,39,3,1068
17599,10,3,913
17600,26,2,1135
17600,20,1,753
17601,7,1,332
17602,23,3,784
17602,36,3,847
17603,36,1,847
17603,43,3,1149
17603,48,1,553
17604,22,2,892
17605,8,2,588
17606,34,2,1107
17606,41,2,910
17607,22,3,892
17607,12,1,1432
17608,38,1,1061
17608,40,2,1066
17609,25,2,737
17609,42,3,934
17609,23,1,784
17610,25,2,737
17610,17,2,902
17610,28,2,1057
17611,9,3,1025
17611,35,3,815
17612,19,2,718
17612,17,2,902
17613,37,2,1229
17613,13,2,954
17614,27,1,1283
17615,37,2,1229
17615,39,1,1068
17616,40,1,1066
17617,12,1,1432
17617,5,1,1051
17618,27,1,1283
17618,2,2,576
17619,45,2,561
17619,15,2,439
17619,45,3,561
17620,46,3,625
17620,40,1,1066
17620,19,2,718
17621,27,3,1283
17621,23,1,784
17622,19,3,718
17622,5,1,1051
17623,19,1,718
17623,21,2,736
17624,3,1,748
17624,41,1,910
17625,25,1,737
17625,31,3,647
17625,23,2,784
17626,9,2,1025
17626,42,2,934
17627,21,1,736
17627,27,1,1283
17628,25,2,737
17628,19,3,718
17628,12,2,1432
17629,41,1,910
17630,37,1,1229
17630,7,3,332
17631,23,1,784
17631,31,3,647
17632,27,1,1283
17632,31,3,647
17633,13,3,954
17634,24,2,946
17635,39,2,1068
17636,10,3,913
17636,31,3,647
17636,47,1,954
17637,28,2,1057
17637,35,3,815
17637,41,3,910
17638,43,2,1149
17638,13,1,954
17638,39,3,1068
17639,44,3,1303
17639,23,3,784
17640,50,3,998
17641,45,1,561
17641,33,2,943
17642,28,1,1057
17642,4,2,516
17643,17,2,902
17644,47,3,954
17645,11,1,1047
17645,34,2,1107
17645,5,3,1051
17646,28,3,1057
17647,17,2,902
17647,16,3,1416
17648,22,2,892
17649,1,3,1038
17650,50,3,998
17651,2,1,576
17651,8,3,588
17652,38,2,1061
17653,44,3,1303
17654,18,2,649
17655,37,3,1229
17655,25,1,737
17655,41,3,910
17656,4,1,516
17657,12,2,1432
17657,12,2,1432
17658,30,2,549
17658,12,3,1432
17658,28,1,1057
17659,43,3,1149
17659,18,1,649
17660,46,2,625
17660,22,2,892
17661,21,2,736
17661,26,2,1135
17662,46,2,625
17662,26,1,1135
17663,15,1,439
17663,46,2,625
17664,11,3,1047
17665,45,2,561
17666,6,3,1306
17667,47,3,954
17667,34,2,1107
17668,3,2,748
17668,12,2,1432
17668,21,2,736
17669,19,3,718
17670,16,2,1416
17671,42,3,934
17672,12,1,1432
17672,7,1,332
17673,26,1,1135
17673,8,2,588
17673,37,2,1229
17674,33,1,943
17675,42,1,934
17675,28,2,1057
17676,15,1,439
17676,38,1,1061
17676,16,2,1416
17677,21,3,736
17677,39,3,1068
17677,40,2,1066
17678,39,1,1068
17678,21,1,736
17678,9,3,1025
17679,30,3,549
17680,29,1,1062
17680,37,1,1229
17680,5,3,1051
17681,41,2,910
17681,7,1,332
17682,26,1,1135
17682,48,2,553
17683,11,1,1047
17683,22,3,892
17684,10,1,913
17684,22,2,892
17684,22,3,892
17685,10,1,913
17685,29,2,1062
17685,37,3,1229
17686,7,1,332
17686,12,1,1432
17687,24,1,946
17688,26,3,1135
17688,1,1,1038
17689,11,1,1047
17689,48,1,553
17689,15,1,439
17690,19,1,718
17690,18,1,649
17691,28,1,1057
17691,6,2,1306
17692,7,3,332
17693,8,3,588
17693,24,3,946
17693,29,1,1062
17694,16,1,1416
17694,9,2,1025
17694,16,3,1416
17695,35,3,815
17695,20,1,753
17695,27,3,1283
17696,21,2,736
17696,10,3,913
17697,26,1,1135
17697,50,3,998
17697,31,3,647
17698,35,1,815
17699,50,2,998
17699,37,1,1229
17700,26,3,1135
17701,44,2,1303
17701,26,2,1135
17701,45,3,561
17702,24,3,946
17702,45,2,561
17703,45,1,561
17704,29,3,1062
17705,23,2,784
17705,27,2,1283
17705,23,2,784
17706,21,1,736
17706,1,3,1038
17706,48,2,553
17707,39,2,1068
17708,22,3,892
17708,37,3,1229
17709,3,3,748
17709,43,3,1149
17709,16,1,1416
17710,22,1,892
17711,43,1,1149
17711,8,1,588
17711,34,2,1107
17712,19,1,718
17713,2,1,576
17713,41,3,910
17714,2,3,576
17714,33,1,943
17714,5,1,1051
17715,42,1,934
17715,30,3,549
17715,11,1,1047
17716,36,3,847
17716,22,2,892
17717,6,3,1306
17717,48,2,553
17717,13,3,954
17718,9,1,1025
17718,2,3,576
17719,13,1,954
17719,38,1,1061
17720,17,2,902
17720,36,2,847
17721,33,1,943
17722,10,1,913
17722,22,2,892
17722,12,3,1432
17723,25,1,737
17723,7,1,332
17723,35,3,815
17724,21,2,736
17724,36,2,847
17725,17,3,902
17725,8,1,588
17725,37,2,1229
17726,23,3,784
17727,45,1,561
17727,46,1,625
17727,40,1,1066
17728,34,2,1107
17729,13,1,954
17729,46,2,625
17730,46,3,625
17731,32,2,611
17731,30,1,549
17731,14,3,1157
17732,4,1,516
17733,39,2,1068
17733,49,1,1172
17733,4,2,516
17734,1,1,1038
17734,1,1,1038
17734,24,3,946
17735,15,1,439
17735,5,2,1051
17735,9,2,1025
17736,46,1,625
17736,44,3,1303
17736,21,3,736
17737,32,2,611
17738,24,3,946
17738,14,3,1157
17738,6,1,1306
17739,20,3,753
17740,15,3,439
17740,27,3,1283
17741,49,2,1172
17742,8,2,588
17743,12,1,1432
17744,36,3,847
17745,40,2,1066
17745,46,1,625
17746,16,2,1416
17746,37,2,1229
17747,47,3,954
17747,39,1,1068
17748,34,1,1107
17748,39,2,1068
17749,23,2,784
17749,7,3,332
17749,15,1,439
17750,17,1,902
17750,20,2,753
17751,21,1,736
17751,21,3,736
17751,20,2,753
17752,33,1,943
17753,49,2,1172
17754,12,3,1432
17755,13,2,954
17756,14,1,1157
17756,48,3,553
17757,11,3,1047
17757,2,2,576
17757,15,2,439
17758,48,3,553
17758,3,2,748
17759,16,3,1416
17760,33,1,943
17760,35,3,815
17761,3,1,748
17762,36,3,847
17762,12,1,1432
17762,47,3,954
17763,47,2,954
17764,13,1,954
17765,28,3,1057
17765,39,1,1068
17765,32,1,611
17766,42,3,934
17766,28,3,1057
17767,19,1,718
17767,24,1,946
17767,7,1,332
17768,42,3,934
17768,33,1,943
17769,3,1,748
17770,44,3,1303
17770,24,2,946
17770,44,2,1303
17771,40,2,1066
17771,25,3,737
17772,23,3,784
17773,50,2,998
17774,41,2,910
17774,6,1,1306
17775,34,2,1107
17775,9,1,1025
17775,4,1,516
17776,47,3,954
17777,6,2,1306
17777,32,2,611
17777,30,1,549
17778,16,2,1416
17778,35,2,815
17779,7,3,332
17779,11,1,1047
17780,10,3,913
17781,39,3,1068
17781,48,1,553
17781,31,2,647
17782,15,3,439
17783,19,3,718
17783,41,1,910
17784,42,3,934
17784,15,3,439
17784,33,1,943
17785,30,3,549
17785,15,1,439
17786,9,2,1025
17786,15,2,439
17786,1,3,1038
17787,39,3,1068
17787,46,2,625
17787,2,3,576
17788,22,3,892
17789,50,3,998
17790,22,1,892
17790,21,1,736
17790,20,1,753
17791,40,1,1066
17791,30,1,549
17791,1,2,1038
17792,48,2,553
17792,18,3,649
17792,16,2,1416
17793,41,3,910
17793,49,3,1172
17794,22,2,892
17795,11,3,1047
17795,28,3,1057
17795,42,3,934
17796,9,3,1025
17796,19,1,718
17797,36,1,847
17797,31,1,647
17798,20,3,753
17798,46,1,625
17798,5,3,1051
17799,4,1,516
17800,25,2,737
17800,3,3,748
17801,50,3,998
17801,23,1,784
17802,36,2,847
17803,47,2,954
17804,13,2,954
17805,44,3,1303
17806,10,3,913
17806,33,3,943
17806,18,1,649
17807,17,2,902
17807,41,2,910
17808,16,1,1416
17809,44,3,1303
17809,40,3,1066
17809,1,3,1038
17810,24,3,946
17810,40,3,1066
17811,21,1,736
17812,2,3,576
17813,15,3,439
17813,23,1,784
17814,6,1,1306
17815,4,2,516
17815,45,1,561
17815,22,3,892
17816,32,3,611
17816,29,3,1062
17816,4,2,516
17817,15,3,439
17817,20,3,753
17817,8,3,588
17818,33,1,943
17819,31,1,647
17819,30,2,549
17820,4,3,516
17821,39,2,1068
17822,34,2,1107
17822,12,2,1432
17823,31,3,647
17824,49,3,1172
17825,14,2,1157
17825,42,3,934
17826,9,2,1025
17826,28,1,1057
17826,50,2,998
17827,2,2,576
17828,45,1,561
17829,49,1,1172
17830,35,1,815
17831,16,1,1416
17831,11,3,1047
17831,31,1,647
17832,24,2,946
17832,40,3,1066
17832,20,2,753
17833,17,1,902
17833,37,3,1229
17834,6,2,1306
17835,44,2,1303
17836,38,1,1061
17837,14,3,1157
17837,2,3,576
17838,50,2,998
17839,41,2,910
17839,29,2,1062
17839,46,2,625
17840,35,3,815
17841,34,1,1107
17841,19,2,718
17841,23,1,784
17842,20,2,753
17842,49,3,1172
17842,47,1,954
17843,42,3,934
17843,23,3,784
17844,29,1,1062
17845,31,3,647
17845,36,1,847
17846,26,1,1135
17846,47,3,954
17847,50,1,998
17847,20,2,753
17848,35,2,815
17848,48,3,553
17849,35,2,815
17850,17,3,902
17850,50,3,998
17850,47,2,954
17851,6,2,1306
17851,37,3,1229
17852,5,1,1051
17853,26,3,1135
17853,47,2,954
17854,31,1,647
17854,24,2,946
17854,30,3,549
17855,26,3,1135
17855,47,2,954
17855,47,1,954
17856,3,1,748
17856,38,2,1061
17856,38,2,1061
17857,19,2,718
17857,35,2,815
17857,16,1,1416
17858,40,3,1066
17858,36,3,847
17858,37,1,1229
17859,41,3,910
17860,17,2,902
17860,44,1,1303
17861,1,2,1038
17862,4,3,516
17862,29,1,1062
17863,5,3,1051
17864,9,3,1025
17864,9,2,1025
17865,3,2,748
17865,21,3,736
17866,44,1,1303
17867,7,2,332
17867,45,1,561
17867,12,2,1432
17868,3,3,748
17868,7,2,332
17868,39,3,1068
17869,13,3,954
17869,8,1,588
17869,10,2,913
17870,2,1,576
17871,44,3,1303
17871,20,3,753
17871,4,1,516
17872,28,3,1057
17872,38,3,1061
17873,49,1,1172
17874,6,3,1306
17874,20,1,753
17874,28,1,1057
17875,3,1,748
17875,27,2,1283
17876,20,2,753
17876,19,2,718
17877,29,3,1062
17878,38,2,1061
17878,49,3,1172
17879,37,3,1229
17880,41,3,910
17880,46,2,625
17881,9,3,1025
17881,47,2,954
17881,26,2,1135
17882,36,3,847
17882,2,1,576
17882,43,3,1149
17883,19,1,718
17884,41,2,910
17884,10,2,913
17884,48,2,553
17885,15,3,439
17886,38,2,1061
17886,35,2,815
17887,11,1,1047
17888,37,1,1229
17888,43,3,1149
17889,25,2,737
17890,18,1,649
17890,16,3,1416
17890,37,2,1229
17891,5,3,1051
17891,26,3,1135
17891,4,1,516
17892,5,3,1051
17892,32,3,611
17893,39,1,1068
17893,43,2,1149
17893,13,2,954
17894,1,1,1038
17895,12,2,1432
17895,22,3,892
17896,41,1,910
17896,30,2,549
17896,4,2,516
17897,49,1,1172
17898,3,3,748
17898,9,1,1025
17899,6,3,1306
17899,20,3,753
17899,49,1,1172
17900,4,1,516
17900,47,1,954
17900,15,2,439
17901,16,1,1416
17902,40,3,1066
17902,16,2,1416
17903,24,1,946
17903,10,2,913
17904,21,1,736
17904,27,2,1283
17904,46,3,625
17905,48,3,553
17906,11,1,1047
17906,26,3,1135
17906,15,2,439
17907,40,2,1066
17907,32,2,611
17907,39,1,1068
17908,24,2,946
17908,38,3,1061
17909,16,1,1416
17909,24,1,946
17909,23,3,784
17910,2,3,576
17910,26,2,1135
17910,11,1,1047
17911,39,2,1068
17911,44,2,1303
17912,39,2,1068
17912,24,3,946
17912,32,2,611
17913,4,3,516
17913,25,1,737
17914,7,3,332
17914,37,1,1229
17915,43,3,1149
17916,17,2,902
17916,2,3,576
17917,7,1,332
17917,37,3,1229
17917,27,2,1283
17918,2,2,576
17918,6,1,1306
17919,34,1,1107
17919,38,1,1061
17919,24,3,946
17920,30,1,549
17921,2,2,576
17921,40,3,1066
17922,47,3,954
17922,50,3,998
17923,41,2,910
17924,48,2,553
17924,8,1,588
17925,23,2,784
17925,8,1,588
17926,20,1,753
17926,24,1,946
17927,11,2,1047
17928,30,3,549
17928,45,1,561
17929,50,3,998
17930,23,2,784
17930,8,3,588
17931,45,2,561
17931,47,3,954
17932,4,1,516
17932,32,1,611
17933,30,3,549
17934,44,3,1303
17934,3,3,748
17934,21,1,736
17935,45,2,561
17935,24,3,946
17936,12,3,1432
17937,6,2,1306
17937,2,3,576
17938,43,1,1149
17939,18,2,649
17939,46,2,625
17940,23,1,784
17940,29,2,1062
17940,40,2,1066
17941,40,2,1066
17941,24,1,946
17942,33,1,943
17942,36,2,847
17942,7,2,332
17943,7,1,332
17943,15,2,439
17943,36,2,847
17944,46,3,625
17944,6,1,1306
17944,29,3,1062
17945,8,3,588
17945,28,1,1057
17946,30,3,549
17946,19,1,718
17946,3,3,748
17947,2,1,576
17947,9,2,1025
17948,24,2,946
17948,49,1,1172
17949,24,1,946
17949,7,1,332
17950,27,1,1283
17951,48,1,553
17952,17,3,902
17952,19,1,718
17953,2,1,576
17954,28,1,1057
17954,4,3,516
17955,37,1,1229
17955,11,3,1047
17955,23,3,784
17956,19,3,718
17956,22,1,892
17957,42,3,934
17957,20,1,753
17957,20,1,753
17958,6,3,1306
17958,6,1,1306
17959,17,2,902
17959,4,3,516
17959,26,1,1135
17960,13,1,954
17960,14,3,1157
17960,19,1,718
17961,41,1,910
17961,35,2,815
17962,37,2,1229
17962,49,1,1172
17963,7,2,332
17963,17,3,902
17964,39,3,1068
17965,36,1,847
17966,36,1,847
17967,15,2,439
17967,17,2,902
17967,21,3,736
17968,22,3,892
17968,12,1,1432
17968,34,1,1107
17969,31,3,647
17969,15,3,439
17969,50,1,998
17970,9,1,1025
17970,28,2,1057
17970,14,2,1157
17971,20,1,753
17971,8,3,588
17971,7,2,332
17972,38,3,1061
17973,13,1,954
17973,11,3,1047
17974,35,2,815
17974,22,1,892
17974,32,3,611
17975,11,3,1047
17975,20,3,753
17975,15,3,439
17976,3,1,748
17977,27,1,1283
17977,49,2,1172
17978,8,2,588
17978,3,3,748
17978,24,1,946
17979,33,1,943
17979,40,3,1066
17980,47,3,954
17980,11,3,1047
17980,41,3,910
17981,7,1,332
17981,21,3,736
17982,30,1,549
17982,35,3,815
17983,16,1,1416
17983,4,3,516
17983,50,3,998
17984,31,2,647
17984,45,1,561
17985,38,3,1061
17986,50,3,998
17986,43,3,1149
17986,40,2,1066
17987,23,2,784
17987,36,1,847
17987,34,3,1107
17988,32,3,611
17988,50,2,998
17988,38,3,1061
17989,3,1,748
17989,2,2,576
17990,11,3,1047
17990,15,1,439
17991,22,3,892
17991,15,3,439
17991,17,2,902
17992,9,2,1025
17992,17,3,902
17993,5,2,1051
17993,44,2,1303
17994,39,2,1068
17994,16,3,1416
17995,44,3,1303
17995,30,2,549
17996,34,1,1107
17996,2,2,576
17997,37,3,1229
17997,6,1,1306
17997,21,3,736
17998,20,3,753
17998,12,2,1432
17998,12,2,1432
17999,29,1,1062
17999,17,2,902
17999,9,3,1025
18000,26,1,1135
18001,19,1,718
18002,27,2,1283
18002,18,3,649
18003,15,3,439
18003,31,1,647
18004,20,2,753
18004,47,2,954
18005,49,1,1172
18005,43,1,1149
18006,6,1,1306
18007,37,1,1229
18007,36,1,847
18008,25,3,737
18009,45,1,561
18010,17,2,902
18010,29,2,1062
18011,45,2,561
18011,14,2,1157
18011,20,3,753
18012,38,1,1061
18012,7,2,332
18012,41,1,910
18013,49,2,1172
18014,20,3,753
18014,48,2,553
18015,19,1,718
18016,40,3,1066
18017,21,1,736
18017,37,3,1229
18017,44,3,1303
18018,37,1,1229
18019,39,1,1068
18019,27,1,1283
18020,44,3,1303
18021,33,2,943
18021,37,3,1229
18022,36,3,847
18023,5,2,1051
18024,1,3,1038
18024,39,2,1068
18025,30,3,549
18025,30,2,549
18025,28,3,1057
18026,16,1,1416
18026,36,1,847
18026,37,3,1229
18027,3,2,748
18027,47,2,954
18027,10,2,913
18028,29,2,1062
18028,27,2,1283
18028,50,2,998
18029,29,3,1062
18029,25,2,737
18030,11,2,1047
18030,14,2,1157
18030,2,3,576
18031,18,3,649
18031,4,2,516
18031,31,1,647
18032,38,3,1061
18032,35,2,815
18032,44,1,1303
18033,31,2,647
18033,46,3,625
18034,46,2,625
18034,36,2,847
18035,32,2,611
18035,7,1,332
18035,23,1,784
18036,23,3,784
18036,42,3,934
18037,37,1,1229
18038,4,3,516
18039,14,3,1157
18039,40,1,1066
18039,38,2,1061
18040,35,3,815
18041,50,1,998
18041,24,2,946
18042,35,3,815
18042,17,3,902
18042,48,1,553
18043,13,2,954
18043,42,3,934
18043,17,3,902
18044,33,3,943
18044,20,2,753
18045,12,3,1432
18045,30,2,549
18046,35,3,815
18046,47,3,954
18046,46,3,625
18047,32,3,611
18048,37,3,1229
18048,8,3,588
18049,38,2,1061
18050,14,2,1157
18050,26,3,1135
18050,23,2,784
18051,5,2,1051
18052,21,1,736
18053,35,2,815
18053,21,1,736
18054,27,3,1283
18054,2,3,576
18055,8,1,588
18055,2,1,576
18056,29,2,1062
18057,7,3,332
18058,18,1,649
18059,3,3,748
18059,32,3,611
18060,17,2,902
18060,35,2,815
18060,50,1,998
18061,16,1,1416
18061,41,3,910
18062,19,2,718
18062,49,3,1172
18062,24,2,946
18063,8,3,588
18063,15,2,439
18064,41,3,910
18064,50,3,998
18064,34,1,1107
18065,5,3,1051
18066,13,2,954
18066,20,2,753
18067,25,1,737
18067,40,1,1066
18067,34,2,1107
18068,20,1,753
18069,33,1,943
18069,37,1,1229
18070,33,3,943
18071,25,3,737
18071,26,2,1135
18071,42,1,934
18072,23,2,784
18073,45,1,561
18073,1,2,1038
18074,12,1,1432
18075,24,1,946
18075,20,1,753
18075,49,2,1172
18076,18,1,649
18077,21,1,736
18077,50,2,998
18078,50,1,998
18078,41,1,910
18078,27,2,1283
18079,24,1,946
18079,30,2,549
18080,33,3,943
18080,34,2,1107
18081,10,3,913
18081,14,3,1157
18082,43,1,1149
18082,2,3,576
18083,50,2,998
18084,48,2,553
18085,41,3,910
18085,22,1,892
18086,10,2,913
18087,45,3,561
18087,6,3,1306
18087,27,3,1283
18088,48,1,553
18089,28,3,1057
18089,33,1,943
18090,49,3,1172
18090,29,1,1062
18090,2,1,576
18091,5,2,1051
18091,6,1,1306
18092,42,1,934
18092,15,1,439
18093,49,3,1172
18094,14,1,1157
18094,28,1,1057
18094,20,1,753
18095,49,1,1172
18095,3,1,748
18095,39,2,1068
18096,19,1,718
18096,22,3,892
18097,22,2,892
18098,36,2,847
18098,2,1,576
18098,20,1,753
18099,44,2,1303
18100,22,3,892
18100,31,2,647
18100,5,1,1051
18101,45,1,561
18102,42,2,934
18102,28,1,1057
18102,32,1,611
18103,12,3,1432
18103,20,1,753
18104,48,3,553
18104,46,1,625
18105,11,2,1047
18105,1,2,1038
18105,46,3,625
18106,37,1,1229
18107,21,3,736
18107,12,2,1432
18107,43,1,1149
18108,27,2,1283
18109,49,3,1172
18109,13,2,954
18109,20,1,753
18110,19,1,718
18110,17,3,902
18110,28,1,1057
18111,41,3,910
18112,11,3,1047
18113,41,2,910
18114,6,1,1306
18115,11,2,1047
18116,6,1,1306
18117,19,1,718
18117,15,3,439
18118,34,1,1107
18119,17,1,902
18120,4,3,516
18120,36,2,847
18120,24,3,946
18121,45,3,561
18121,30,1,549
18122,20,3,753
18123,46,2,625
18123,25,3,737
18123,26,2,1135
18124,19,3,718
18124,11,2,1047
18124,21,1,736
18125,48,2,553
18126,31,1,647
18126,20,1,753
18126,12,3,1432
18127,14,2,1157
18127,4,3,516
18127,36,2,847
18128,44,3,1303
18128,5,3,1051
18128,23,1,784
18129,9,3,1025
18130,42,3,934
18130,2,3,576
18131,32,1,611
18131,29,2,1062
18131,4,3,516
18132,15,2,439
18133,50,2,998
18133,18,3,649
18134,36,3,847
18134,19,1,718
18135,15,3,439
18136,10,3,913
18137,38,1,1061
18137,22,3,892
18138,6,1,1306
18138,12,3,1432
18138,7,3,332
18139,31,2,647
18139,40,3,1066
18140,40,3,1066
18140,38,1,1061
18141,24,3,946
18141,39,1,1068
18141,30,1,549
18142,49,3,1172
18143,45,3,561
18143,28,2,1057
18143,33,1,943
18144,20,2,753
18144,40,3,1066
18145,2,1,576
18145,14,3,1157
18146,34,3,1107
18147,28,1,1057
18147,15,3,439
18147,11,3,1047
18148,36,2,847
18148,22,1,892
18149,9,3,1025
18150,31,3,647
18150,8,2,588
18151,43,2,1149
18152,42,1,934
18152,36,1,847
18152,22,3,892
18153,47,3,954
18153,15,2,439
18153,42,2,934
18154,18,2,649
18154,23,1,784
18154,20,2,753
18155,25,3,737
18155,35,1,815
18156,32,3,611
18157,46,3,625
18158,38,3,1061
18158,28,3,1057
18158,50,1,998
18159,14,3,1157
18159,28,1,1057
18160,20,3,753
18161,46,2,625
18162,11,1,1047
18162,13,1,954
18162,3,1,748
18163,28,2,1057
18164,23,2,784
18164,15,2,439
18165,4,2,516
18165,31,3,647
18165,25,3,737
18166,13,1,954
18167,10,3,913
18168,12,1,1432
18169,6,2,1306
18169,28,3,1057
18170,48,2,553
18170,5,3,1051
18171,45,1,561
18171,8,3,588
18172,4,3,516
18172,21,2,736
18173,36,1,847
18174,31,2,647
18174,34,1,1107
18175,11,3,1047
18175,30,3,549
18175,38,3,1061
18176,11,3,1047
18176,47,3,954
18176,27,1,1283
18177,10,3,913
18177,36,1,847
18178,50,1,998
18179,11,3,1047
18179,37,2,1229
18179,22,3,892
18180,27,3,1283
18180,23,2,784
18181,13,3,954
18181,2,3,576
18182,31,3,647
18182,12,3,1432
18183,13,2,954
18184,43,2,1149
18184,4,3,516
18184,34,1,1107
18185,43,1,1149
18185,30,3,549
18185,15,3,439
18186,15,2,439
18186,4,2,516
18187,26,2,1135
18187,21,1,736
18188,3,3,748
18188,48,3,553
18188,49,2,1172
18189,30,1,549
18189,44,1,1303
18189,21,1,736
18190,9,3,1025
18190,26,2,1135
18190,7,3,332
18191,22,2,892
18191,45,1,561
18192,34,2,1107
18193,27,3,1283
18193,17,1,902
18194,26,2,1135
18194,38,2,1061
18194,37,3,1229
18195,1,2,1038
18196,45,1,561
18196,48,2,553
18196,18,3,649
18197,22,1,892
18198,38,1,1061
18199,45,1,561
18199,36,1,847
18200,20,3,753
18201,19,1,718
18201,23,3,784
18201,39,2,1068
18202,50,2,998
18202,46,2,625
18203,23,2,784
18204,21,2,736
18204,43,1,1149
18205,13,2,954
18206,31,1,647
18206,29,2,1062
18206,46,1,625
18207,39,3,1068
18208,19,3,718
18208,11,2,1047
18208,17,2,902
18209,42,2,934
18210,10,1,913
18210,12,1,1432
18210,31,1,647
18211,24,2,946
18212,47,2,954
18213,4,1,516
18213,48,2,553
18214,12,1,1432
18214,22,2,892
18214,2,1,576
18215,33,3,943
18216,5,3,1051
18216,28,3,1057
18216,48,2,553
18217,34,1,1107
18217,19,3,718
18218,25,1,737
18218,7,1,332
18219,27,1,1283
18220,42,3,934
18220,44,3,1303
18221,48,3,553
18221,8,3,588
18221,31,1,647
18222,42,1,934
18222,10,2,913
18223,24,3,946
18224,38,2,1061
18224,31,3,647
18224,28,2,1057
18225,28,2,1057
18225,42,3,934
18226,43,3,1149
18227,5,3,1051
18227,33,3,943
18227,3,3,748
18228,27,3,1283
18229,30,1,549
18229,7,1,332
18230,36,3,847
18231,27,2,1283
18231,37,2,1229
18231,45,3,561
18232,43,2,1149
18232,50,1,998
18233,9,2,1025
18234,34,2,1107
18235,16,1,1416
18236,20,1,753
18236,26,2,1135
18236,19,3,718
18237,31,3,647
18237,37,2,1229
18238,8,3,588
18239,22,3,892
18239,22,3,892
18240,15,1,439
18240,39,3,1068
18240,5,3,1051
18241,24,2,946
18241,24,1,946
18241,19,2,718
18242,23,3,784
18242,13,2,954
18242,34,3,1107
18243,49,1,1172
18244,23,3,784
18245,49,2,1172
18246,36,1,847
18246,33,3,943
18247,44,3,1303
18247,43,2,1149
18248,45,3,561
18249,22,1,892
18249,44,1,1303
18250,14,3,1157
18251,9,2,1025
18252,43,1,1149
18252,36,2,847
18253,8,3,588
18254,24,2,946
18255,33,1,943
18255,34,2,1107
18255,4,1,516
18256,13,3,954
18257,14,3,1157
18258,18,3,649
18259,28,2,1057
18259,15,3,439
18260,33,1,943
18260,14,2,1157
18261,6,1,1306
18261,4,1,516
18261,21,1,736
18262,26,3,1135
18262,43,1,1149
18262,12,1,1432
18263,12,3,1432
18263,29,2,1062
18264,33,3,943
18264,32,1,611
18265,3,1,748
18265,15,2,439
18265,15,1,439
18266,31,1,647
18267,31,3,647
18268,22,2,892
18269,37,3,1229
18270,47,3,954
18270,26,2,1135
18271,28,2,1057
18272,39,1,1068
18273,30,1,549
18274,27,2,1283
18274,48,3,553
18275,40,3,1066
18275,14,2,1157
18275,26,1,1135
18276,7,1,332
18277,48,3,553
18278,27,3,1283
18278,8,2,588
18279,18,2,649
18279,42,2,934
18280,19,3,718
18280,50,1,998
18280,1,2,1038
18281,17,1,902
18281,38,1,1061
18282,50,2,998
18282,5,2,1051
18282,31,3,647
18283,25,1,737
18283,44,3,1303
18284,33,3,943
18284,46,2,625
18284,24,1,946
18285,23,2,784
18285,3,3,748
18286,8,3,588
18286,43,1,1149
18287,26,1,1135
18288,46,2,625
18288,11,1,1047
18289,1,2,1038
18289,31,1,647
18289,16,1,1416
18290,40,1,1066
18291,2,2,576
18291,32,3,611
18292,18,3,649
18292,32,3,611
18293,44,1,1303
18293,14,1,1157
18294,3,1,748
18295,5,2,1051
18295,34,2,1107
18296,19,3,718
18297,10,2,913
18298,6,1,1306
18298,13,3,954
18299,11,1,1047
18299,24,3,946
18300,37,1,1229
18300,38,2,1061
18300,31,1,647
18301,37,2,1229
18301,36,3,847
18302,48,3,553
18302,6,3,1306
18303,25,3,737
18303,44,3,1303
18304,10,1,913
18304,27,1,1283
18305,44,2,1303
18306,18,2,649
18306,8,3,588
18307,18,1,649
18308,28,3,1057
18308,26,2,1135
18309,46,3,625
18309,34,1,1107
18309,18,3,649
18310,12,3,1432
18310,35,3,815
18311,13,2,954
18311,41,1,910
18312,39,2,1068
18313,10,1,913
18314,14,1,1157
18314,13,3,954
18315,14,2,1157
18315,47,1,954
18316,32,1,611
18317,48,3,553
18318,29,3,1062
18318,2,3,576
18318,30,3,549
18319,34,1,1107
18320,44,1,1303
18320,13,3,954
18321,29,1,1062
18322,3,3,748
18323,19,2,718
18323,30,3,549
18323,7,3,332
18324,26,3,1135
18325,13,2,954
18326,33,2,943
18326,33,2,943
18327,34,1,1107
18327,49,2,1172
18327,22,1,892
18328,4,2,516
18328,49,1,1172
18328,39,2,1068
18329,44,2,1303
18329,7,3,332
18329,49,1,1172
18330,19,2,718
18330,50,2,998
18330,8,3,588
18331,14,3,1157
18331,45,1,561
18332,26,2,1135
18333,50,1,998
18334,38,1,1061
18334,15,1,439
18334,39,3,1068
18335,5,3,1051
18335,45,3,561
18336,19,2,718
18337,3,1,748
18337,50,3,998
18338,46,2,625
18338,17,3,902
18338,34,2,1107
18339,40,3,1066
18340,3,1,748
18340,29,3,1062
18340,42,2,934
18341,36,2,847
18341,22,3,892
18341,41,2,910
18342,20,2,753
18342,26,1,1135
18342,34,1,1107
18343,48,1,553
18343,17,3,902
18344,15,2,439
18345,3,2,748
18346,15,1,439
18346,48,1,553
18347,8,3,588
18348,46,3,625
18349,49,3,1172
18350,27,2,1283
18350,50,2,998
18351,48,3,553
18351,25,2,737
18352,29,3,1062
18352,13,1,954
18352,48,2,553
18353,38,1,1061
18353,35,3,815
18354,26,3,1135
18355,19,2,718
18356,30,3,549
18356,15,1,439
18357,42,1,934
18358,7,3,332
18358,7,3,332
18358,16,2,1416
18359,41,2,910
18359,14,2,1157
18359,48,1,553
18360,12,2,1432
18361,48,3,553
18361,3,2,748
18361,16,1,1416
18362,3,2,748
18363,39,2,1068
18364,22,1,892
18364,45,1,561
18365,42,3,934
18365,47,3,954
18366,42,2,934
18366,30,1,549
18366,43,1,1149
18367,34,1,1107
18367,43,1,1149
18367,21,1,736
18368,49,2,1172
18368,32,1,611
18368,47,3,954
18369,26,3,1135
18369,21,3,736
18369,47,2,954
18370,12,3,1432
18370,30,3,549
18370,15,2,439
18371,24,2,946
18372,33,3,943
18373,21,3,736
18374,23,3,784
18374,2,2,576
18375,46,2,625
18375,41,3,910
18375,33,2,943
18376,26,2,1135
18376,49,2,1172
18377,42,3,934
18378,34,3,1107
18378,26,3,1135
18378,22,3,892
18379,38,2,1061
18380,37,2,1229
18380,18,3,649
18380,14,2,1157
18381,42,2,934
18382,29,3,1062
18382,3,1,748
18383,23,1,784
18383,26,2,1135
18383,13,1,954
18384,20,3,753
18384,34,3,1107
18384,8,2,588
18385,40,1,1066
18385,5,2,1051
18385,23,2,784
18386,8,2,588
18387,23,1,784
18388,47,3,954
18389,44,2,1303
18389,36,1,847
18389,48,1,553
18390,30,3,549
18390,2,2,576
18391,35,3,815
18391,17,3,902
18391,11,1,1047
18392,48,3,553
18392,30,2,549
18393,41,2,910
18393,3,2,748
18394,33,2,943
18394,39,3,1068
18394,26,1,1135
18395,1,2,1038
18395,40,1,1066
18396,48,3,553
18396,4,1,516
18397,38,3,1061
18398,6,2,1306
18399,10,1,913
18399,50,2,998
18400,13,2,954
18400,12,2,1432
18400,41,1,910
18401,31,3,647
18401,33,2,943
18401,20,1,753
18402,30,3,549
18403,46,3,625
18404,29,2,1062
18404,31,1,647
18405,46,3,625
18405,1,3,1038
18405,40,1,1066
18406,43,2,1149
18407,34,1,1107
18407,11,1,1047
18408,5,1,1051
18408,10,1,913
18409,16,2,1416
18410,28,3,1057
18410,25,2,737
18411,49,2,1172
18411,3,1,748
18411,14,1,1157
18412,35,1,815
18412,7,3,332
18412,20,2,753
18413,47,2,954
18413,28,2,1057
18413,27,2,1283
18414,14,3,1157
18414,42,3,934
18415,12,1,1432
18415,38,2,1061
18415,3,2,748
18416,38,1,1061
18416,8,3,588
18417,16,3,1416
18418,46,2,625
18418,3,2,748
18419,35,2,815
18419,13,1,954
18420,19,1,718
18421,45,3,561
18421,11,1,1047
18422,11,3,1047
18422,25,3,737
18422,15,1,439
18423,40,1,1066
18423,2,2,576
18423,41,1,910
18424,28,1,1057
18425,44,2,1303
18426,45,1,561
18426,25,2,737
18426,43,1,1149
18427,32,3,611
18427,24,2,946
18427,35,1,815
18428,7,3,332
18429,1,1,1038
18430,47,1,954
18430,14,3,1157
18430,17,1,902
18431,24,1,946
18432,40,1,1066
18433,45,2,561
18433,31,3,647
18433,49,1,1172
18434,42,1,934
18434,40,3,1066
18435,34,1,1107
18436,29,3,1062
18437,22,1,892
18438,37,3,1229
18439,32,3,611
18439,38,1,1061
18439,39,3,1068
18440,15,1,439
18441,41,2,910
18442,45,3,561
18442,40,2,1066
18443,18,2,649
18443,44,3,1303
18443,21,1,736
18444,39,1,1068
18444,23,3,784
18444,47,1,954
18445,26,3,1135
18446,15,1,439
18447,42,3,934
18447,32,2,611
18447,33,1,943
18448,27,2,1283
18448,40,1,1066
18449,40,1,1066
18449,6,1,1306
18449,46,1,625
18450,17,3,902
18450,21,1,736
18450,10,2,913
18451,32,1,611
18451,29,3,1062
18451,38,1,1061
18452,32,2,611
18452,8,1,588
18453,31,2,647
18453,44,2,1303
18453,49,3,1172
18454,32,3,611
18454,8,2,588
18455,3,3,748
18455,2,2,576
18455,36,1,847
18456,28,3,1057
18456,11,3,1047
18457,9,1,1025
18457,31,2,647
18457,3,1,748
18458,25,1,737
18458,8,3,588
18459,4,1,516
18460,17,2,902
18461,19,3,718
18462,33,3,943
18463,50,3,998
18463,24,2,946
18463,7,2,332
18464,48,2,553
18464,1,3,1038
18465,20,3,753
18466,40,3,1066
18466,16,3,1416
18466,23,1,784
18467,49,2,1172
18467,14,1,1157
18467,41,2,910
18468,50,3,998
18469,1,3,1038
18469,16,3,1416
18470,50,3,998
18470,46,2,625
18471,42,2,934
18472,32,2,611
18472,40,2,1066
18473,4,3,516
18474,37,1,1229
18475,15,3,439
18475,50,2,998
18475,41,3,910
18476,26,1,1135
18477,43,2,1149
18477,35,2,815
18477,6,2,1306
18478,11,2,1047
18478,7,3,332
18478,24,3,946
18479,17,2,902
18479,5,1,1051
18479,21,1,736
18480,12,3,1432
18480,46,2,625
18480,44,2,1303
18481,48,3,553
18481,2,3,576
18481,21,3,736
18482,50,1,998
18483,6,1,1306
18483,34,2,1107
18484,22,3,892
18485,39,1,1068
18485,39,1,1068
18486,19,2,718
18487,26,2,1135
18487,48,2,553
18488,21,3,736
18488,30,2,549
18488,12,2,1432
18489,50,3,998
18489,33,2,943
18489,9,2,1025
18490,11,1,1047
18490,13,2,954
18490,46,2,625
18491,5,2,1051
18491,3,1,748
18492,20,3,753
18493,22,1,892
18494,42,2,934
18494,20,3,753
18495,8,2,588
18496,47,2,954
18496,17,3,902
18497,39,2,1068
18497,47,3,954
18497,15,1,439
18498,22,3,892
18498,48,2,553
18499,9,2,1025
18500,33,1,943
18500,17,3,902
18501,38,3,1061
18502,47,1,954
18502,7,3,332
18502,15,2,439
18503,43,2,1149
18504,7,2,332
18505,49,1,1172
18506,39,1,1068
18507,48,2,553
18508,25,2,737
18509,32,2,611
18509,44,1,1303
18509,41,2,910
18510,15,3,439
18510,37,2,1229
18510,5,1,1051
18511,11,1,1047
18512,27,3,1283
18513,42,2,934
18513,41,1,910
18513,10,1,913
18514,25,2,737
18515,25,2,737
18516,50,2,998
18516,28,1,1057
18517,6,2,1306
18517,14,3,1157
18517,6,1,1306
18518,50,3,998
18518,35,2,815
18519,14,3,1157
18519,25,3,737
18519,18,1,649
18520,18,1,649
18520,20,3,753
18521,44,1,1303
18522,15,2,439
18523,6,1,1306
18523,31,2,647
18524,1,1,1038
18525,34,1,1107
18526,3,3,748
18527,20,1,753
18527,10,2,913
18527,5,3,1051
18528,35,2,815
18529,14,3,1157
18530,2,2,576
18530,30,1,549
18531,35,2,815
18532,46,1,625
18532,4,3,516
18533,18,1,649
18534,21,1,736
18534,11,3,1047
18534,44,1,1303
18535,33,1,943
18535,26,2,1135
18536,43,2,1149
18536,23,1,784
18537,45,1,561
18537,46,1,625
18537,41,3,910
18538,15,2,439
18539,1,1,1038
18540,21,2,736
18540,4,2,516
18541,42,3,934
18541,6,3,1306
18541,30,2,549
18542,17,3,902
18542,8,2,588
18542,28,3,1057
18543,30,1,549
18543,11,1,1047
18543,28,3,1057
18544,22,2,892
18545,30,3,549
18546,12,1,1432
18547,29,1,1062
18547,45,3,561
18548,43,1,1149
18548,1,3,1038
18548,13,2,954
18549,20,1,753
18549,9,3,1025
18549,33,3,943
18550,40,1,1066
18551,11,2,1047
18551,6,3,1306
18551,16,1,1416
18552,12,3,1432
18552,20,1,753
18553,17,3,902
18553,19,2,718
18554,50,1,998
18555,40,1,1066
18555,5,1,1051
18555,33,1,943
18556,16,1,1416
18557,29,3,1062
18558,1,3,1038
18558,3,2,748
18558,30,1,549
18559,27,3,1283
18559,35,1,815
18560,43,3,1149
18560,16,1,1416
18561,26,2,1135
18562,42,1,934
18563,30,2,549
18563,21,3,736
18564,27,2,1283
18565,19,3,718
18566,16,3,1416
18566,8,1,588
18567,45,2,561
18567,5,2,1051
18568,40,2,1066
18568,31,3,647
18569,18,1,649
18569,12,3,1432
18569,15,2,439
18570,19,3,718
18570,44,3,1303
18570,45,2,561
18571,36,3,847
18572,37,1,1229
18573,43,3,1149
18573,30,1,549
18573,48,3,553
18574,39,1,1068
18574,5,2,1051
18574,46,3,625
18575,44,3,1303
18575,45,2,561
18576,32,2,611
18576,30,1,549
18577,3,3,748
18577,10,1,913
18577,27,3,1283
18578,34,1,1107
18579,13,1,954
18580,45,2,561
18580,32,1,611
18581,15,2,439
18581,14,2,1157
18581,15,3,439
18582,29,3,1062
18582,36,2,847
18583,48,1,553
18583,40,1,1066
18583,4,3,516
18584,11,1,1047
18584,34,3,1107
18585,11,1,1047
18585,8,3,588
18585,21,3,736
18586,24,1,946
18586,47,2,954
18586,47,1,954
18587,26,3,1135
18588,28,2,1057
18589,35,2,815
18589,18,3,649
18589,1,3,1038
18590,5,2,1051
18590,24,1,946
18590,21,2,736
18591,10,2,913
18592,21,2,736
18592,26,1,1135
18592,47,2,954
18593,26,1,1135
18594,25,3,737
18594,42,3,934
18595,45,3,561
18595,50,3,998
18595,25,3,737
18596,26,3,1135
18596,9,3,1025
18596,44,2,1303
18597,36,2,847
18597,30,3,549
18598,21,1,736
18598,50,3,998
18598,31,2,647
18599,16,2,1416
18600,7,1,332
18601,1,2,1038
18601,41,3,910
18602,45,3,561
18603,45,3,561
18603,5,3,1051
18604,27,2,1283
18605,30,3,549
18605,20,2,753
18606,29,3,1062
18606,11,2,1047
18607,8,3,588
18607,41,3,910
18608,28,3,1057
18608,43,1,1149
18608,24,3,946
18609,46,2,625
18610,18,1,649
18610,44,3,1303
18610,45,3,561
18611,46,1,625
18611,12,3,1432
18611,14,3,1157
18612,30,2,549
18613,12,3,1432
18613,43,1,1149
18613,14,3,1157
18614,49,2,1172
18615,32,2,611
18615,33,2,943
18615,5,1,1051
18616,27,2,1283
18616,46,3,625
18617,12,1,1432
18618,21,3,736
18618,49,1,1172
18618,3,1,748
18619,13,1,954
18619,29,3,1062
18620,32,2,611
18620,22,2,892
18620,26,2,1135
18621,42,1,934
18621,9,1,1025
18621,42,2,934
18622,49,2,1172
18622,4,1,516
18623,44,2,1303
18623,2,3,576
18624,38,1,1061
18624,5,2,1051
18624,30,2,549
18625,48,1,553
18625,39,3,1068
18626,4,3,516
18627,19,1,718
18627,6,3,1306
18627,49,3,1172
18628,12,3,1432
18628,27,2,1283
18628,29,3,1062
18629,39,2,1068
18629,41,3,910
18630,29,2,1062
18630,41,3,910
18631,41,1,910
18632,37,2,1229
18632,33,3,943
18633,49,3,1172
18633,46,2,625
18633,41,3,910
18634,44,1,1303
18635,35,2,815
18636,37,3,1229
18636,24,2,946
18636,42,1,934
18637,47,3,954
18637,30,2,549
18637,48,2,553
18638,20,2,753
18638,30,3,549
18638,46,1,625
18639,1,3,1038
18639,11,1,1047
18639,7,1,332
18640,25,1,737
18640,48,2,553
18640,38,2,1061
18641,45,1,561
18642,22,2,892
18642,24,2,946
18642,1,1,1038
18643,14,1,1157
18643,13,2,954
18643,9,3,1025
18644,38,2,1061
18645,15,1,439
18645,7,1,332
18645,13,2,954
18646,21,1,736
18646,13,1,954
18647,8,1,588
18647,41,2,910
18647,4,1,516
18648,29,1,1062
18649,21,3,736
18650,50,1,998
18650,33,2,943
18650,1,1,1038
18651,7,3,332
18651,37,2,1229
18652,9,1,1025
18652,2,3,576
18652,39,1,1068
18653,11,1,1047
18653,4,1,516
18653,32,3,611
18654,29,2,1062
18654,22,2,892
18655,46,1,625
18656,45,1,561
18656,4,3,516
18657,18,1,649
18657,3,3,748
18657,36,2,847
18658,24,2,946
18658,42,3,934
18658,47,3,954
18659,45,1,561
18659,6,3,1306
18659,9,2,1025
18660,16,3,1416
18660,9,1,1025
18661,46,1,625
18661,48,2,553
18661,29,1,1062
18662,48,2,553
18662,15,2,439
18663,10,1,913
18663,20,2,753
18664,25,3,737
18664,28,2,1057
18665,44,1,1303
18665,47,2,954
18666,22,2,892
18666,18,2,649
18667,21,2,736
18667,8,3,588
18667,21,1,736
18668,47,2,954
18669,47,3,954
18669,15,3,439
18669,21,3,736
18670,21,3,736
18670,46,2,625
18671,44,3,1303
18672,44,2,1303
18672,48,2,553
18673,34,2,1107
18674,3,1,748
18674,29,2,1062
18674,17,3,902
18675,32,1,611
18676,25,3,737
18676,40,2,1066
18676,41,2,910
18677,13,1,954
18677,10,3,913
18678,49,3,1172
18678,29,3,1062
18678,47,1,954
18679,23,1,784
18679,13,2,954
18680,1,3,1038
18680,38,3,1061
18680,33,2,943
18681,3,3,748
18682,2,3,576
18683,3,1,748
18683,7,2,332
18683,12,3,1432
18684,14,1,1157
18684,47,1,954
18684,45,2,561
18685,22,3,892
18685,31,3,647
18686,37,2,1229
18686,2,1,576
18687,30,1,549
18687,39,2,1068
18687,23,3,784
18688,41,2,910
18688,38,2,1061
18689,14,1,1157
18690,10,3,913
18690,22,2,892
18690,28,1,1057
18691,40,3,1066
18691,1,1,1038
18691,19,3,718
18692,13,3,954
18692,28,3,1057
18693,22,3,892
18693,38,3,1061
18693,20,1,753
18694,9,1,1025
18694,17,1,902
18695,46,3,625
18695,50,1,998
18696,49,3,1172
18696,36,2,847
18696,24,1,946
18697,15,1,439
18697,49,2,1172
18697,21,2,736
18698,26,3,1135
18698,20,3,753
18698,41,1,910
18699,42,1,934
18699,50,3,998
18700,12,3,1432
18701,12,2,1432
18702,45,3,561
18702,49,2,1172
18703,1,2,1038
18703,12,3,1432
18703,10,1,913
18704,18,3,649
18705,35,1,815
18705,2,1,576
18706,11,2,1047
18706,49,3,1172
18706,34,2,1107
18707,21,2,736
18708,40,2,1066
18708,31,2,647
18709,38,3,1061
18709,45,2,561
18709,31,3,647
18710,9,2,1025
18710,28,1,1057
18711,37,1,1229
18711,29,3,1062
18712,27,2,1283
18713,22,3,892
18713,4,3,516
18713,43,2,1149
18714,22,3,892
18714,47,1,954
18714,24,2,946
18715,3,2,748
18715,24,3,946
18716,9,2,1025
18716,23,2,784
18716,35,2,815
18717,17,3,902
18718,4,2,516
18718,6,2,1306
18718,25,2,737
18719,43,1,1149
18719,7,1,332
18720,35,3,815
18720,30,2,549
18720,19,2,718
18721,47,1,954
18722,5,1,1051
18722,45,1,561
18723,50,1,998
18723,5,1,1051
18723,19,3,718
18724,21,2,736
18725,44,3,1303
18725,32,1,611
18725,40,3,1066
18726,16,2,1416
18726,10,2,913
18726,14,3,1157
18727,35,2,815
18728,5,3,1051
18728,2,2,576
18729,6,3,1306
18729,50,1,998
18729,39,1,1068
18730,14,3,1157
18730,5,2,1051
18731,7,3,332
18731,16,3,1416
18732,26,3,1135
18732,15,1,439
18732,33,3,943
18733,24,1,946
18734,17,2,902
18735,46,3,625
18735,44,2,1303
18736,20,2,753
18736,37,3,1229
18736,33,2,943
18737,34,1,1107
18737,44,1,1303
18738,8,3,588
18738,30,3,549
18739,33,1,943
18739,47,2,954
18740,3,2,748
18740,40,2,1066
18740,32,2,611
18741,31,3,647
18742,27,3,1283
18742,28,1,1057
18742,9,1,1025
18743,36,3,847
18743,41,2,910
18743,20,1,753
18744,37,2,1229
18744,36,1,847
18744,12,1,1432
18745,50,1,998
18745,48,3,553
18746,29,2,1062
18746,3,3,748
18746,31,3,647
18747,22,2,892
18748,33,1,943
18748,24,3,946
18748,47,3,954
18749,6,2,1306
18749,41,1,910
18750,16,1,1416
18751,19,2,718
18751,24,2,946
18752,13,2,954
18753,6,1,1306
18753,5,1,1051
18753,8,1,588
18754,5,1,1051
18755,48,3,553
18756,41,3,910
18756,46,1,625
18756,44,2,1303
18757,23,1,784
18758,44,1,1303
18758,17,3,902
18758,45,1,561
18759,9,2,1025
18760,32,3,611
18761,6,3,1306
18762,14,1,1157
18762,36,2,847
18762,17,3,902
18763,15,1,439
18763,44,1,1303
18763,8,1,588
18764,1,2,1038
18764,32,3,611
18765,50,2,998
18766,17,3,902
18767,29,1,1062
18768,39,2,1068
18768,49,1,1172
18768,9,2,1025
18769,22,3,892
18769,47,2,954
18769,17,3,902
18770,46,2,625
18771,38,3,1061
18771,42,1,934
18772,6,1,1306
18773,5,1,1051
18773,50,2,998
18774,44,3,1303
18775,3,2,748
18775,33,2,943
18775,44,3,1303
18776,10,1,913
18777,23,1,784
18778,21,3,736
18779,1,1,1038
18780,35,2,815
18780,42,1,934
18780,19,2,718
18781,6,3,1306
18781,21,3,736
18782,11,2,1047
18783,25,1,737
18784,28,1,1057
18784,45,2,561
18785,6,3,1306
18785,45,1,561
18786,48,1,553
18786,31,3,647
18786,39,1,1068
18787,48,3,553
18787,37,2,1229
18787,32,3,611
18788,37,1,1229
18789,23,3,784
18789,6,3,1306
18790,23,1,784
18791,12,1,1432
18791,50,3,998
18792,22,1,892
18792,34,1,1107
18793,7,3,332
18793,14,3,1157
18794,19,3,718
18794,3,3,748
18795,14,3,1157
18795,36,1,847
18796,11,2,1047
18796,34,3,1107
18796,48,1,553
18797,3,1,748
18797,42,3,934
18797,26,3,1135
18798,39,2,1068
18799,2,1,576
18799,12,3,1432
18800,15,3,439
18800,36,2,847
18801,28,3,1057
18802,10,1,913
18802,19,2,718
18802,39,3,1068
18803,9,1,1025
18804,42,2,934
18805,6,3,1306
18805,20,2,753
18806,1,1,1038
18806,23,1,784
18806,35,3,815
18807,40,1,1066
18807,16,3,1416
18807,10,3,913
18808,27,1,1283
18808,8,2,588
18809,28,1,1057
18809,36,3,847
18810,36,3,847
18810,26,3,1135
18810,22,1,892
18811,18,3,649
18811,2,1,576
18812,4,3,516
18812,25,2,737
18812,23,2,784
18813,39,1,1068
18814,11,2,1047
18815,17,1,902
18815,34,2,1107
18815,40,3,1066
18816,21,2,736
18817,20,1,753
18818,35,2,815
18818,39,1,1068
18818,49,2,1172
18819,40,1,1066
18819,43,1,1149
18819,6,2,1306
18820,47,1,954
18820,15,1,439
18821,30,3,549
18821,41,1,910
18821,10,3,913
18822,40,2,1066
18823,6,1,1306
18823,47,2,954
18823,40,2,1066
18824,22,1,892
18824,32,3,611
18825,29,2,1062
18825,39,1,1068
18825,26,3,1135
18826,45,1,561
18827,9,2,1025
18828,26,3,1135
18829,6,1,1306
18829,43,1,1149
18829,39,2,1068
18830,33,2,943
18830,7,3,332
18830,26,2,1135
18831,19,3,718
18831,16,3,1416
18832,32,1,611
18833,21,1,736
18833,15,1,439
18834,30,3,549
18834,47,3,954
18835,2,2,576
18835,33,1,943
18835,17,1,902
18836,49,1,1172
18836,11,2,1047
18836,20,1,753
18837,10,2,913
18837,41,3,910
18838,36,3,847
18838,39,2,1068
18839,38,1,1061
18839,31,1,647
18840,28,1,1057
18841,1,1,1038
18842,2,2,576
18842,19,2,718
18842,14,1,1157
18843,14,3,1157
18844,41,1,910
18844,28,1,1057
18845,32,2,611
18846,12,3,1432
18847,25,2,737
18848,32,2,611
18849,14,1,1157
18849,29,2,1062
18850,19,1,718
18850,27,2,1283
18850,44,2,1303
18851,24,2,946
18851,35,1,815
18852,23,1,784
18852,44,3,1303
18852,1,2,1038
18853,24,3,946
18854,19,2,718
18854,43,1,1149
18855,21,3,736
18855,27,2,1283
18856,9,3,1025
18856,27,3,1283
18856,36,2,847
18857,29,2,1062
18858,45,2,561
18858,24,1,946
18859,48,2,553
18859,22,2,892
18860,38,1,1061
18860,15,2,439
18860,35,2,815
18861,48,1,553
18861,21,2,736
18861,40,3,1066
18862,35,3,815
18862,7,2,332
18863,9,3,1025
18863,10,3,913
18863,17,2,902
18864,25,2,737
18865,19,1,718
18865,10,2,913
18865,1,3,1038
18866,26,3,1135
18867,22,3,892
18868,2,3,576
18868,3,1,748
18868,22,2,892
18869,24,3,946
18869,12,2,1432
18870,32,1,611
18870,5,2,1051
18870,10,1,913
18871,44,1,1303
18871,21,2,736
18872,6,2,1306
18873,30,2,549
18874,28,2,1057
18875,3,2,748
18875,46,1,625
18875,28,3,1057
18876,26,1,1135
18876,5,3,1051
18876,48,3,553
18877,44,2,1303
18877,32,1,611
18877,9,3,1025
18878,49,2,1172
18878,31,1,647
18879,12,1,1432
18879,50,2,998
18880,35,1,815
18880,44,1,1303
18880,48,3,553
18881,13,1,954
18881,2,3,576
18882,19,1,718
18882,33,2,943
18883,29,1,1062
18883,6,1,1306
18884,8,3,588
18885,49,3,1172
18886,30,1,549
18886,32,3,611
18886,41,2,910
18887,25,2,737
18888,29,1,1062
18889,35,2,815
18889,20,2,753
18890,46,1,625
18890,26,1,1135
18890,23,1,784
18891,30,3,549
18892,40,3,1066
18892,24,3,946
18893,27,2,1283
18894,15,1,439
18894,33,1,943
18894,35,1,815
18895,12,2,1432
18895,44,2,1303
18895,45,3,561
18896,14,1,1157
18896,24,2,946
18897,24,1,946
18897,1,3,1038
18897,35,2,815
18898,31,3,647
18899,20,3,753
18899,1,1,1038
18899,15,2,439
18900,18,2,649
18900,9,3,1025
18900,48,3,553
18901,28,1,1057
18902,20,1,753
18903,41,2,910
18904,30,1,549
18905,38,3,1061
18906,5,3,1051
18906,43,2,1149
18906,23,1,784
18907,44,1,1303
18907,25,2,737
18907,42,2,934
18908,44,2,1303
18909,31,2,647
18909,7,1,332
18910,7,3,332
18911,23,3,784
18912,10,3,913
18913,41,3,910
18913,11,3,1047
18914,35,3,815
18915,42,3,934
18916,3,3,748
18916,27,1,1283
18916,16,3,1416
18917,26,3,1135
18918,11,3,1047
18918,47,3,954
18919,26,3,1135
18919,3,3,748
18919,12,2,1432
18920,22,1,892
18920,46,2,625
18921,43,2,1149
18922,2,3,576
18922,21,2,736
18923,7,2,332
18923,25,3,737
18924,44,3,1303
18925,49,1,1172
18926,45,1,561
18926,12,3,1432
18927,43,1,1149
18927,46,2,625
18928,42,1,934
18928,15,3,439
18929,7,2,332
18929,49,2,1172
18929,3,2,748
18930,6,2,1306
18931,12,3,1432
18931,24,3,946
18932,26,3,1135
18933,29,3,1062
18933,18,2,649
18934,44,3,1303
18934,13,3,954
18935,38,3,1061
18936,29,1,1062
18936,47,1,954
18937,50,2,998
18937,12,2,1432
18937,32,3,611
18938,21,1,736
18938,47,3,954
18939,13,3,954
18940,19,2,718
18940,4,1,516
18941,28,3,1057
18942,44,2,1303
18943,47,1,954
18944,46,3,625
18944,1,2,1038
18944,24,1,946
18945,45,2,561
18945,43,2,1149
18945,10,2,913
18946,19,1,718
18946,11,2,1047
18946,35,2,815
18947,27,2,1283
18947,22,1,892
18948,2,2,576
18948,26,2,1135
18949,14,3,1157
18950,25,1,737
18950,38,1,1061
18950,31,1,647
18951,14,3,1157
18951,25,2,737
18951,14,2,1157
18952,29,3,1062
18953,11,2,1047
18953,34,2,1107
18953,45,1,561
18954,49,1,1172
18955,47,3,954
18956,21,2,736
18957,8,1,588
18957,4,2,516
18957,17,2,902
18958,2,1,576
18959,49,1,1172
18960,44,3,1303
18960,36,1,847
18961,11,2,1047
18962,45,2,561
18962,12,3,1432
18962,23,3,784
18963,1,1,1038
18964,9,1,1025
18964,2,1,576
18964,50,1,998
18965,40,3,1066
18965,4,3,516
18966,45,3,561
18966,45,1,561
18967,24,2,946
18968,1,1,1038
18969,7,1,332
18970,38,3,1061
18970,31,1,647
18971,19,1,718
18971,41,2,910
18971,42,1,934
18972,31,3,647
18972,17,3,902
18972,4,3,516
18973,24,1,946
18973,27,3,1283
18974,38,1,1061
18974,46,1,625
18975,40,3,1066
18975,14,1,1157
18975,47,1,954
18976,32,1,611
18977,19,3,718
18978,26,3,1135
18978,17,2,902
18978,6,1,1306
18979,24,3,946
18979,21,2,736
18979,11,3,1047
18980,29,1,1062
18980,41,1,910
18981,6,3,1306
18982,21,1,736
18982,28,2,1057
18983,15,3,439
18983,7,1,332
18984,6,2,1306
18985,20,3,753
18986,48,3,553
18986,32,1,611
18986,30,3,549
18987,6,1,1306
18987,48,2,553
18987,10,3,913
18988,49,1,1172
18989,39,2,1068
18989,46,3,625
18990,8,2,588
18990,14,3,1157
18991,34,2,1107
18992,12,3,1432
18992,27,3,1283
18993,47,2,954
18993,46,3,625
18993,28,3,1057
18994,32,1,611
18994,40,3,1066
18994,39,3,1068
18995,7,3,332
18996,37,1,1229
18997,28,3,1057
18998,12,2,1432
18998,20,1,753
18999,38,3,1061
18999,43,1,1149
18999,21,2,736
19000,31,1,647
19000,8,3,588
19001,25,1,737
19001,15,1,439
19001,20,1,753
19002,4,3,516
19002,29,3,1062
19003,35,1,815
19003,1,2,1038
19004,41,2,910
19004,38,2,1061
19004,41,3,910
19005,29,2,1062
19005,8,1,588
19005,34,3,1107
19006,43,2,1149
19006,30,3,549
19006,44,2,1303
19007,15,3,439
19007,8,2,588
19007,6,1,1306
19008,25,2,737
19009,41,2,910
19010,5,1,1051
19010,9,2,1025
19010,39,2,1068
19011,36,3,847
19011,46,3,625
19012,7,3,332
19013,16,1,1416
19013,2,2,576
19013,13,3,954
19014,37,2,1229
19014,13,3,954
19015,45,2,561
19015,4,2,516
19015,21,2,736
19016,48,1,553
19016,46,2,625
19017,39,1,1068
19018,8,1,588
19018,21,1,736
19018,46,1,625
19019,21,2,736
19020,25,1,737
19021,33,1,943
19022,32,1,611
19022,42,2,934
19023,20,2,753
19024,50,3,998
19024,5,3,1051
19025,11,1,1047
19025,36,2,847
19025,47,1,954
19026,41,3,910
19027,24,3,946
19027,21,1,736
19027,27,3,1283
19028,3,2,748
19029,17,2,902
19029,3,2,748
19030,14,1,1157
19030,45,2,561
19030,34,2,1107
19031,16,2,1416
19031,41,2,910
19032,45,2,561
19032,38,1,1061
19033,41,3,910
19033,4,1,516
19033,44,1,1303
19034,41,2,910
19034,11,2,1047
19034,7,1,332
19035,27,2,1283
19035,2,2,576
19036,4,1,516
19036,40,3,1066
19036,38,2,1061
19037,42,2,934
19037,31,1,647
19037,32,3,611
19038,36,3,847
19038,36,2,847
19038,5,1,1051
19039,39,3,1068
19039,42,2,934
19040,39,2,1068
19041,4,3,516
19041,35,1,815
19041,26,2,1135
19042,17,3,902
19043,33,1,943
19044,37,3,1229
19044,28,1,1057
19044,45,3,561
19045,16,1,1416
19045,45,3,561
19046,4,2,516
19046,31,3,647
19046,17,3,902
19047,49,3,1172
19047,36,1,847
19047,45,2,561
19048,15,1,439
19048,30,1,549
19049,4,3,516
19050,25,2,737
19051,12,1,1432
19051,29,3,1062
19052,29,1,1062
19052,30,2,549
19052,16,1,1416
19053,1,3,1038
19054,38,2,1061
19054,16,3,1416
19054,43,2,1149
19055,31,2,647
19056,23,1,784
19056,34,2,1107
19057,31,3,647
19057,23,3,784
19058,37,2,1229
19059,46,2,625
19060,38,1,1061
19060,35,1,815
19060,31,3,647
19061,16,2,1416
19061,46,3,625
19061,10,2,913
19062,13,2,954
19062,15,2,439
19063,21,1,736
19063,29,2,1062
19064,28,3,1057
19065,42,2,934
19065,7,1,332
19066,27,2,1283
19066,37,2,1229
19066,48,1,553
19067,11,3,1047
19067,14,1,1157
19068,41,2,910
19068,6,1,1306
19068,4,3,516
19069,26,1,1135
19069,19,1,718
19070,43,2,1149
19070,40,2,1066
19071,24,2,946
19071,3,1,748
19071,22,1,892
19072,30,3,549
19072,29,2,1062
19072,11,3,1047
19073,4,2,516
19074,24,1,946
19074,7,1,332
19075,24,1,946
19075,36,2,847
19076,42,1,934
19077,5,2,1051
19077,40,3,1066
19078,9,1,1025
19078,47,3,954
19079,43,1,1149
19079,3,1,748
19079,46,1,625
19080,12,1,1432
19081,25,3,737
19082,16,1,1416
19082,38,2,1061
19083,1,3,1038
19084,27,3,1283
19085,36,2,847
19085,5,1,1051
19086,21,1,736
19086,38,3,1061
19086,35,1,815
19087,5,2,1051
19088,14,3,1157
19089,49,3,1172
19089,10,3,913
19089,35,3,815
19090,3,1,748
19090,29,3,1062
19091,7,1,332
19091,25,3,737
19091,15,2,439
19092,9,3,1025
19093,16,3,1416
19093,46,2,625
19093,20,1,753
19094,44,2,1303
19094,15,2,439
19094,23,3,784
19095,5,3,1051
19096,15,3,439
19096,50,1,998
19096,33,3,943
19097,23,3,784
19097,15,2,439
19097,24,1,946
19098,42,2,934
19098,46,3,625
19098,48,3,553
19099,1,1,1038
19099,31,2,647
19099,18,1,649
19100,14,2,1157
19100,28,3,1057
19100,29,2,1062
19101,36,2,847
19101,21,1,736
19101,13,2,954
19102,5,2,1051
19103,36,1,847
19103,35,3,815
19103,23,1,784
19104,16,1,1416
19104,48,3,553
19105,14,3,1157
19106,45,2,561
19106,24,2,946
19107,46,1,625
19108,4,2,516
19108,18,3,649
19108,24,1,946
19109,46,2,625
19109,22,3,892
19110,50,1,998
19111,49,2,1172
19111,42,2,934
19112,10,1,913
19113,23,2,784
19114,3,1,748
19114,38,2,1061
19114,17,2,902
19115,20,2,753
19115,39,1,1068
19116,28,3,1057
19116,17,3,902
19116,48,3,553
19117,13,3,954
19117,16,3,1416
19118,12,3,1432
19118,1,2,1038
19118,31,1,647
19119,21,3,736
19119,13,3,954
19119,20,2,753
19120,46,1,625
19120,1,2,1038
19121,14,2,1157
19121,42,2,934
19121,25,1,737
19122,47,2,954
19122,27,1,1283
19122,12,3,1432
19123,43,3,1149
19124,18,3,649
19124,2,2,576
19125,39,2,1068
19126,4,2,516
19126,41,3,910
19127,32,3,611
19127,47,3,954
19128,13,1,954
19128,14,3,1157
19128,17,1,902
19129,3,1,748
19129,4,3,516
19129,43,1,1149
19130,3,2,748
19130,7,2,332
19130,16,2,1416
19131,3,2,748
19132,21,1,736
19133,25,3,737
19134,7,3,332
19135,8,1,588
19135,47,1,954
19136,6,3,1306
19136,42,1,934
19136,7,2,332
19137,50,3,998
19138,17,3,902
19138,9,2,1025
19138,15,3,439
19139,12,2,1432
19139,19,2,718
19140,4,1,516
19140,17,3,902
19140,45,1,561
19141,3,3,748
19142,21,3,736
19143,38,1,1061
19143,22,2,892
19144,1,1,1038
19145,39,1,1068
19146,2,2,576
19146,27,2,1283
19147,10,3,913
19148,36,1,847
19148,23,2,784
19148,48,3,553
19149,31,1,647
19150,50,1,998
19150,9,2,1025
19150,12,1,1432
19151,24,3,946
19151,5,2,1051
19151,45,2,561
19152,22,1,892
19152,46,1,625
19152,45,1,561
19153,44,2,1303
19153,50,2,998
19153,5,1,1051
19154,22,3,892
19154,20,2,753
19154,30,3,549
19155,21,2,736
19156,21,3,736
19156,4,1,516
19156,24,3,946
19157,31,1,647
19157,4,2,516
19158,6,1,1306
19159,33,1,943
19159,50,1,998
19159,44,1,1303
19160,4,2,516
19160,27,1,1283
19161,17,1,902
19161,34,1,1107
19162,14,1,1157
19162,12,2,1432
19163,44,1,1303
19164,34,1,1107
19165,3,1,748
19165,49,1,1172
19166,34,1,1107
19166,9,1,1025
19166,15,2,439
19167,29,3,1062
19167,47,3,954
19168,3,3,748
19168,42,1,934
19169,8,1,588
19169,33,1,943
19170,13,3,954
19171,23,1,784
19171,50,2,998
19172,42,2,934
19172,48,3,553
19173,2,3,576
19173,10,3,913
19174,14,2,1157
19174,40,1,1066
19174,37,2,1229
19175,8,3,588
19176,22,1,892
19176,16,3,1416
19177,12,1,1432
19177,11,3,1047
19178,49,2,1172
19178,27,2,1283
19178,7,3,332
19179,6,1,1306
19180,29,1,1062
19180,20,2,753
19181,5,1,1051
19182,34,2,1107
19182,27,1,1283
19183,34,2,1107
19183,3,1,748
19184,37,2,1229
19185,40,1,1066
19185,33,2,943
19186,5,1,1051
19186,45,2,561
19187,15,3,439
19187,13,3,954
19188,8,1,588
19188,23,1,784
19188,11,3,1047
19189,7,1,332
19190,49,2,1172
19190,15,3,439
19191,34,1,1107
19191,50,1,998
19192,24,3,946
19192,10,2,913
19192,10,2,913
19193,15,2,439
19194,40,1,1066
19194,15,1,439
19195,32,2,611
19195,5,3,1051
19195,4,2,516
19196,33,2,943
19197,29,2,1062
19197,12,1,1432
19197,10,3,913
19198,6,2,1306
19198,34,1,1107
19198,32,3,611
19199,18,2,649
19199,34,1,1107
19200,7,3,332
19200,31,1,647
19200,17,2,902
19201,27,1,1283
19201,46,1,625
19202,13,2,954
19202,9,1,1025
19203,20,2,753
19203,22,3,892
19204,15,3,439
19205,22,1,892
19205,35,1,815
19206,37,3,1229
19206,48,1,553
19207,3,2,748
19208,43,3,1149
19209,11,2,1047
19210,25,2,737
19211,4,1,516
19211,41,2,910
19211,42,3,934
19212,7,2,332
19212,15,1,439
19212,49,1,1172
19213,38,3,1061
19213,13,2,954
19213,42,2,934
19214,27,3,1283
19214,16,2,1416
19215,23,1,784
19215,22,2,892
19216,24,3,946
19217,9,1,1025
19218,34,1,1107
19218,19,3,718
19218,22,1,892
19219,46,2,625
19219,28,1,1057
19220,39,3,1068
19221,48,3,553
19222,6,2,1306
19222,32,3,611
19223,28,1,1057
19223,18,2,649
19223,23,1,784
19224,23,3,784
19224,46,3,625
19225,6,3,1306
19225,34,3,1107
19225,19,3,718
19226,25,2,737
19226,27,3,1283
19227,32,2,611
19227,19,3,718
19228,31,1,647
19229,20,1,753
19229,36,2,847
19230,32,1,611
19231,49,1,1172
19232,14,3,1157
19232,25,3,737
19233,22,1,892
19233,29,1,1062
19233,50,2,998
19234,40,3,1066
19234,39,2,1068
19235,17,3,902
19236,49,1,1172
19236,50,1,998
19236,2,3,576
19237,37,3,1229
19237,13,3,954
19237,48,3,553
19238,9,2,1025
19239,3,1,748
19239,18,3,649
19240,50,3,998
19241,1,3,1038
19241,46,2,625
19241,38,1,1061
19242,45,2,561
19243,40,1,1066
19243,26,1,1135
19243,42,2,934
19244,29,3,1062
19244,5,3,1051
19245,48,1,553
19245,49,3,1172
19245,5,2,1051
19246,37,1,1229
19246,26,3,1135
19247,10,1,913
19247,1,2,1038
19247,23,3,784
19248,30,1,549
19248,41,2,910
19248,31,2,647
19249,18,2,649
19250,12,3,1432
19251,48,2,553
19251,29,2,1062
19251,44,1,1303
19252,35,2,815
19252,42,1,934
19252,26,2,1135
19253,25,1,737
19253,37,3,1229
19254,39,2,1068
19254,37,1,1229
19255,7,2,332
19255,49,1,1172
19256,31,1,647
19257,25,1,737
19257,26,1,1135
19257,2,1,576
19258,35,3,815
19258,38,1,1061
19258,1,3,1038
19259,22,1,892
19259,8,2,588
19260,49,1,1172
19261,1,3,1038
19261,20,3,753
19261,46,1,625
19262,27,3,1283
19262,32,2,611
19262,15,1,439
19263,4,1,516
19263,48,1,553
19264,34,1,1107
19265,38,3,1061
19265,2,2,576
19266,23,2,784
19266,40,1,1066
19267,40,3,1066
19268,13,2,954
19269,28,3,1057
19270,16,1,1416
19271,12,3,1432
19271,1,1,1038
19272,21,3,736
19273,23,3,784
19274,22,1,892
19274,3,3,748
19274,11,2,1047
19275,25,2,737
19276,29,2,1062
19276,2,3,576
19277,8,3,588
19277,12,2,1432
19278,36,3,847
19279,22,3,892
19279,48,2,553
19279,2,2,576
19280,8,3,588
19281,40,1,1066
19282,8,2,588
19282,30,2,549
19283,22,2,892
19283,15,2,439
19284,20,2,753
19284,38,3,1061
19284,43,1,1149
19285,27,2,1283
19285,38,3,1061
19286,36,2,847
19287,9,2,1025
19287,39,1,1068
19288,50,3,998
19289,34,2,1107
19289,43,1,1149
19290,1,2,1038
19291,36,1,847
19292,30,3,549
19292,49,2,1172
19292,9,3,1025
19293,11,2,1047
19293,39,3,1068
19293,25,2,737
19294,34,3,1107
19295,47,1,954
19296,31,1,647
19297,8,3,588
19298,13,2,954
19298,5,3,1051
19298,43,2,1149
19299,43,1,1149
19300,24,2,946
19301,26,3,1135
19301,30,3,549
19302,5,2,1051
19302,19,2,718
19303,48,3,553
19303,6,2,1306
19304,18,2,649
19305,41,2,910
19305,15,3,439
19305,24,3,946
19306,35,3,815
19306,18,3,649
19306,22,3,892
19307,8,1,588
19308,33,3,943
19309,45,2,561
19309,46,2,625
19309,5,1,1051
19310,31,2,647
19310,1,3,1038
19310,25,1,737
19311,37,3,1229
19312,45,3,561
19313,18,3,649
19313,18,2,649
19314,39,2,1068
19314,44,3,1303
19314,16,1,1416
19315,8,3,588
19315,45,2,561
19316,14,2,1157
19316,32,2,611
19316,27,2,1283
19317,31,3,647
19317,35,2,815
19318,16,2,1416
19318,28,1,1057
19318,4,2,516
19319,1,3,1038
19319,11,3,1047
19320,45,2,561
19320,23,2,784
19321,10,3,913
19321,21,3,736
19321,13,1,954
19322,40,2,1066
19323,34,1,1107
19324,29,3,1062
19324,6,1,1306
19324,37,3,1229
19325,7,2,332
19325,33,2,943
19326,3,2,748
19327,50,2,998
19327,23,3,784
19327,22,2,892
19328,40,1,1066
19328,30,3,549
19328,27,3,1283
19329,33,3,943
19329,45,2,561
19330,7,1,332
19330,35,1,815
19331,40,1,1066
19331,10,1,913
19332,17,3,902
19332,13,2,954
19332,9,3,1025
19333,50,1,998
19333,41,2,910
19334,26,2,1135
19335,34,2,1107
19335,38,1,1061
19335,18,3,649
19336,16,1,1416
19336,28,1,1057
19337,44,2,1303
19337,11,2,1047
19338,34,1,1107
19338,39,1,1068
19338,41,2,910
19339,40,2,1066
19339,7,3,332
19339,28,1,1057
19340,34,1,1107
19341,42,3,934
19341,11,2,1047
19342,7,2,332
19343,18,1,649
19343,14,2,1157
19344,14,3,1157
19345,18,1,649
19346,45,1,561
19347,29,3,1062
19347,13,3,954
19347,35,3,815
19348,19,2,718
19348,9,2,1025
19349,41,3,910
19350,14,1,1157
19350,41,3,910
19350,7,3,332
19351,15,2,439
19351,23,1,784
19352,48,1,553
19353,15,3,439
19353,28,3,1057
19353,44,3,1303
19354,24,1,946
19354,2,2,576
19355,48,2,553
19356,38,3,1061
19356,23,3,784
19356,32,2,611
19357,26,3,1135
19358,13,1,954
19358,43,1,1149
19359,37,3,1229
19360,5,3,1051
19360,14,2,1157
19361,33,2,943
19361,18,1,649
19361,16,3,1416
19362,12,3,1432
19362,35,2,815
19363,44,3,1303
19364,26,3,1135
19364,36,3,847
19365,2,3,576
19365,42,3,934
19365,12,2,1432
19366,22,1,892
19366,46,1,625
19366,23,1,784
19367,23,2,784
19367,31,2,647
19367,28,2,1057
19368,4,1,516
19368,20,1,753
19368,49,2,1172
19369,45,1,561
19369,24,2,946
19370,7,2,332
19371,2,2,576
19371,48,3,553
19371,37,2,1229
19372,33,1,943
19372,29,2,1062
19372,39,3,1068
19373,16,3,1416
19374,3,2,748
19374,36,1,847
19375,25,1,737
19376,29,3,1062
19376,10,1,913
19376,21,1,736
19377,31,3,647
19377,20,1,753
19377,25,1,737
19378,8,1,588
19379,29,1,1062
19379,16,3,1416
19379,7,1,332
19380,39,1,1068
19381,28,2,1057
19381,26,2,1135
19381,25,3,737
19382,43,3,1149
19382,15,3,439
19383,30,2,549
19383,31,3,647
19383,18,3,649
19384,47,3,954
19384,30,2,549
19384,30,3,549
19385,11,3,1047
19385,30,3,549
19385,32,1,611
19386,46,1,625
19386,12,3,1432
19386,1,3,1038
19387,6,3,1306
19387,34,3,1107
19387,11,1,1047
19388,11,2,1047
19388,35,3,815
19389,34,2,1107
19389,47,2,954
19389,28,3,1057
19390,37,1,1229
19391,30,3,549
19391,8,2,588
19392,20,3,753
19392,39,2,1068
19392,35,2,815
19393,38,3,1061
19393,33,2,943
19393,13,3,954
19394,22,3,892
19395,45,2,561
19396,16,1,1416
19396,23,1,784
19396,14,3,1157
19397,49,1,1172
19397,44,2,1303
19397,12,3,1432
19398,26,2,1135
19398,4,1,516
19399,45,2,561
19400,13,1,954
19401,38,1,1061
19401,9,1,1025
19402,6,1,1306
19402,46,2,625
19402,6,1,1306
19403,2,1,576
19403,3,2,748
19404,26,3,1135
19404,22,2,892
19404,3,1,748
19405,15,3,439
19405,27,1,1283
19406,1,1,1038
19406,8,2,588
19407,37,3,1229
19408,30,2,549
19408,20,2,753
19409,24,1,946
19409,47,2,954
19410,24,1,946
19410,42,1,934
19411,19,2,718
19412,14,1,1157
19412,34,1,1107
19413,23,2,784
19413,35,1,815
19413,1,2,1038
19414,26,1,1135
19414,38,2,1061
19414,18,3,649
19415,30,3,549
19415,22,1,892
19415,15,2,439
19416,7,2,332
19416,45,3,561
19417,18,2,649
19417,30,2,549
19418,18,1,649
19418,41,1,910
19418,41,3,910
19419,21,1,736
19419,34,2,1107
19420,26,3,1135
19420,12,1,1432
19421,37,2,1229
19422,30,2,549
19422,30,1,549
19422,48,3,553
19423,42,3,934
19424,19,3,718
19424,25,2,737
19425,36,2,847
19425,9,2,1025
19425,24,1,946
19426,25,2,737
19427,43,3,1149
19427,15,2,439
19428,28,3,1057
19428,2,2,576
19429,5,1,1051
19430,44,2,1303
19430,23,2,784
19431,9,1,1025
19432,50,1,998
19432,46,3,625
19433,6,3,1306
19433,32,3,611
19433,50,1,998
19434,38,1,1061
19434,2,1,576
19435,33,2,943
19435,1,3,1038
19436,36,2,847
19437,15,3,439
19437,35,2,815
19438,49,3,1172
19438,48,1,553
19439,18,1,649
19439,42,2,934
19439,44,1,1303
19440,16,2,1416
19441,11,3,1047
19442,11,3,1047
19443,48,2,553
19443,40,2,1066
19444,15,1,439
19444,27,2,1283
19445,47,3,954
19445,27,1,1283
19446,46,3,625
19447,1,1,1038
19447,43,1,1149
19448,41,2,910
19448,40,1,1066
19449,5,1,1051
19449,21,2,736
19450,27,1,1283
19451,37,2,1229
19451,11,1,1047
19451,6,1,1306
19452,4,3,516
19452,2,2,576
19453,49,2,1172
19454,20,3,753
19455,24,1,946
19455,41,1,910
19456,36,3,847
19457,36,1,847
19457,48,1,553
19457,12,1,1432
19458,16,2,1416
19458,36,3,847
19458,47,3,954
19459,38,2,1061
19459,6,3,1306
19460,12,2,1432
19460,4,2,516
19461,45,2,561
19462,42,1,934
19463,4,2,516
19463,2,1,576
19464,18,1,649
19464,36,1,847
19464,6,2,1306
19465,47,2,954
19465,12,2,1432
19465,46,3,625
19466,48,3,553
19467,17,2,902
19468,34,2,1107
19468,35,1,815
19468,8,1,588
19469,50,1,998
19470,14,3,1157
19470,18,2,649
19471,26,1,1135
19472,38,1,1061
19472,45,2,561
19473,26,1,1135
19473,37,1,1229
19474,9,2,1025
19475,39,2,1068
19475,19,1,718
19475,32,3,611
19476,4,1,516
19477,44,2,1303
19478,14,3,1157
19479,15,1,439
19480,2,2,576
19480,37,2,1229
19481,43,2,1149
19482,5,3,1051
19482,38,1,1061
19483,49,2,1172
19484,25,1,737
19484,48,1,553
19484,47,2,954
19485,20,3,753
19485,4,1,516
19485,20,1,753
19486,41,3,910
19486,43,2,1149
19486,25,1,737
19487,2,2,576
19487,18,1,649
19488,1,3,1038
19489,5,2,1051
19489,11,1,1047
19489,10,1,913
19490,1,2,1038
19490,38,2,1061
19491,35,1,815
19491,50,2,998
19492,33,3,943
19492,29,1,1062
19492,42,2,934
19493,47,1,954
19493,2,2,576
19493,30,2,549
19494,27,2,1283
19494,13,1,954
19495,34,3,1107
19496,19,2,718
19497,9,3,1025
19498,21,1,736
19499,6,2,1306
19500,27,2,1283
19500,37,2,1229
19500,25,2,737
19501,29,1,1062
19501,48,3,553
19502,45,1,561
19502,20,1,753
19502,33,1,943
19503,22,3,892
19504,5,3,1051
19504,17,3,902
19505,25,1,737
19505,25,3,737
19506,25,2,737
19506,10,1,913
19507,39,1,1068
19507,8,3,588
19508,3,2,748
19508,30,3,549
19508,13,2,954
19509,26,3,1135
19510,42,3,934
19510,33,3,943
19510,22,2,892
19511,25,3,737
19512,48,2,553
19512,10,3,913
19513,22,2,892
19513,15,1,439
19513,7,2,332
19514,50,3,998
19515,28,2,1057
19515,6,3,1306
19515,30,3,549
19516,14,3,1157
19516,4,2,516
19516,37,2,1229
19517,14,2,1157
19517,29,3,1062
19518,50,3,998
19518,50,3,998
19519,45,3,561
19520,6,2,1306
19521,43,2,1149
19522,36,1,847
19523,45,1,561
19523,38,2,1061
19524,7,3,332
19524,40,2,1066
19525,49,2,1172
19526,13,2,954
19526,25,1,737
19527,43,1,1149
19528,43,2,1149
19528,18,3,649
19528,31,2,647
19529,12,3,1432
19529,29,2,1062
19530,44,3,1303
19530,28,3,1057
19531,12,3,1432
19531,3,1,748
19532,18,1,649
19532,9,1,1025
19533,42,2,934
19533,47,1,954
19534,34,1,1107
19535,16,3,1416
19535,19,3,718
19536,10,1,913
19537,41,3,910
19538,46,2,625
19538,18,3,649
19538,18,1,649
19539,32,1,611
19540,42,2,934
19540,27,2,1283
19540,42,2,934
19541,10,2,913
19542,49,2,1172
19542,39,2,1068
19543,17,3,902
19543,26,3,1135
19544,17,2,902
19545,19,2,718
19545,41,3,910
19545,17,3,902
19546,22,2,892
19546,49,1,1172
19546,50,2,998
19547,8,3,588
19547,40,3,1066
19548,25,1,737
19549,1,2,1038
19549,23,3,784
19549,47,1,954
19550,44,2,1303
19550,8,2,588
19550,30,1,549
19551,35,1,815
19551,47,3,954
19552,45,2,561
19552,21,2,736
19552,38,3,1061
19553,38,1,1061
19553,11,3,1047
19554,25,1,737
19554,50,2,998
19555,30,1,549
19556,24,3,946
19556,48,2,553
19556,46,3,625
19557,48,3,553
19558,48,1,553
19559,11,2,1047
19559,22,1,892
19559,25,2,737
19560,31,3,647
19560,34,1,1107
19561,6,2,1306
19562,8,1,588
19562,36,3,847
19563,44,1,1303
19563,42,2,934
19564,43,2,1149
19564,14,3,1157
19565,36,3,847
19565,17,3,902
19565,38,3,1061
19566,29,3,1062
19566,25,2,737
19566,43,2,1149
19567,3,3,748
19567,35,2,815
19568,42,3,934
19568,34,1,1107
19568,5,3,1051
19569,30,1,549
19570,43,1,1149
19571,12,2,1432
19571,19,1,718
19571,43,2,1149
19572,35,3,815
19573,26,3,1135
19573,41,2,910
19573,35,1,815
19574,43,3,1149
19574,28,3,1057
19575,33,1,943
19575,6,1,1306
19576,1,1,1038
19576,49,1,1172
19576,30,1,549
19577,8,2,588
19578,43,2,1149
19578,32,3,611
19578,47,2,954
19579,10,2,913
19579,43,3,1149
19579,44,1,1303
19580,48,2,553
19580,40,2,1066
19580,20,3,753
19581,32,1,611
19582,45,1,561
19582,4,2,516
19582,16,3,1416
19583,28,1,1057
19584,10,1,913
19585,24,2,946
19585,12,3,1432
19585,41,2,910
19586,12,1,1432
19586,47,3,954
19586,29,3,1062
19587,12,1,1432
19587,19,3,718
19588,11,2,1047
19588,24,2,946
19588,15,1,439
19589,3,1,748
19589,39,2,1068
19590,7,3,332
19590,30,1,549
19590,9,1,1025
19591,23,3,784
19591,44,3,1303
19592,23,3,784
19593,32,3,611
19593,2,2,576
19593,25,2,737
19594,34,2,1107
19595,22,1,892
19595,48,2,553
19596,6,1,1306
19596,30,1,549
19597,5,2,1051
19597,25,1,737
19598,10,3,913
19598,45,1,561
19598,30,1,549
19599,43,1,1149
19599,14,2,1157
19600,20,1,753
19600,21,1,736
19601,31,3,647
19601,12,1,1432
19602,14,3,1157
19603,18,1,649
19603,36,3,847
19603,33,3,943
19604,24,3,946
19604,19,1,718
19604,3,1,748
19605,4,3,516
19605,22,3,892
19606,33,3,943
19607,48,1,553
19607,40,3,1066
19607,7,2,332
19608,37,2,1229
19608,38,1,1061
19608,13,2,954
19609,23,1,784
19610,19,2,718
19610,44,3,1303
19611,7,2,332
19612,2,2,576
19613,41,3,910
19613,4,2,516
19613,34,3,1107
19614,12,2,1432
19614,39,3,1068
19614,5,2,1051
19615,36,1,847
19616,10,3,913
19616,40,2,1066
19616,15,1,439
19617,48,3,553
19617,24,2,946
19617,49,2,1172
19618,44,1,1303
19619,35,3,815
19619,5,3,1051
19619,46,3,625
19620,8,2,588
19620,41,3,910
19620,36,3,847
19621,41,1,910
19621,5,1,1051
19621,5,1,1051
19622,30,3,549
19622,49,1,1172
19622,39,1,1068
19623,18,3,649
19624,25,2,737
19624,10,1,913
19625,8,2,588
19626,30,3,549
19626,35,3,815
19627,33,1,943
19628,8,3,588
19629,8,3,588
19630,32,1,611
19630,14,2,1157
19631,28,2,1057
19631,9,1,1025
19631,10,2,913
19632,30,3,549
19632,12,1,1432
19632,13,3,954
19633,39,1,1068
19633,40,1,1066
19634,5,3,1051
19635,26,2,1135
19635,6,1,1306
19636,3,2,748
19636,20,2,753
19636,15,3,439
19637,13,2,954
19637,22,3,892
19637,49,3,1172
19638,20,2,753
19638,30,1,549
19638,14,2,1157
19639,35,3,815
19639,45,2,561
19639,30,3,549
19640,22,2,892
19640,8,2,588
19641,15,3,439
19642,4,3,516
19643,22,3,892
19643,12,2,1432
19644,10,3,913
19644,21,1,736
19644,2,3,576
19645,35,1,815
19645,24,1,946
19646,16,3,1416
19646,45,3,561
19646,44,1,1303
19647,23,3,784
19647,18,1,649
19648,29,3,1062
19649,12,1,1432
19650,21,2,736
19650,50,3,998
19650,38,2,1061
19651,3,1,748
19652,18,1,649
19652,10,2,913
19652,44,1,1303
19653,18,3,649
19653,32,2,611
19654,7,2,332
19654,27,2,1283
19655,33,1,943
19656,6,2,1306
19656,8,3,588
19657,7,3,332
19657,22,3,892
19657,30,3,549
19658,28,3,1057
19659,27,1,1283
19659,10,2,913
19660,41,2,910
19660,6,3,1306
19660,29,2,1062
19661,48,1,553
19662,37,2,1229
19662,20,2,753
19663,11,1,1047
19663,10,3,913
19664,24,2,946
19664,39,1,1068
19665,34,1,1107
19665,48,1,553
19665,45,3,561
19666,37,1,1229
19667,33,1,943
19667,3,1,748
19667,6,3,1306
19668,10,2,913
19669,9,1,1025
19669,13,2,954
19669,39,2,1068
19670,40,2,1066
19670,3,3,748
19670,13,3,954
19671,19,1,718
19672,1,3,1038
19672,49,2,1172
19672,47,2,954
19673,16,3,1416
19673,4,2,516
19674,44,2,1303
19675,45,1,561
19675,17,2,902
19676,14,2,1157
19676,33,1,943
19676,28,3,1057
19677,1,1,1038
19677,28,1,1057
19677,8,1,588
19678,8,2,588
19678,22,1,892
19679,22,1,892
19680,26,1,1135
19680,25,3,737
19681,16,1,1416
19681,49,2,1172
19681,28,3,1057
19682,25,1,737
19682,44,3,1303
19682,34,2,1107
19683,13,1,954
19683,48,3,553
19683,10,3,913
19684,29,3,1062
19685,49,3,1172
19685,48,2,553
19685,37,3,1229
19686,35,2,815
19686,1,1,1038
19687,31,1,647
19687,40,1,1066
19687,4,2,516
19688,36,3,847
19688,42,1,934
19688,14,1,1157
19689,13,2,954
19689,29,3,1062
19690,40,3,1066
19691,32,2,611
19692,16,1,1416
19692,9,1,1025
19692,38,3,1061
19693,45,2,561
19693,25,2,737
19694,17,2,902
19695,8,3,588
19695,44,3,1303
19696,7,1,332
19697,34,2,1107
19697,43,3,1149
19698,18,3,649
19698,24,3,946
19699,34,3,1107
19699,45,1,561
19700,26,2,1135
19701,42,3,934
19702,37,3,1229
19703,31,3,647
19704,16,1,1416
19705,37,3,1229
19706,33,3,943
19707,27,3,1283
19707,9,1,1025
19707,30,1,549
19708,10,3,913
19709,23,3,784
19709,23,2,784
19709,16,1,1416
19710,46,3,625
19711,39,2,1068
19711,3,3,748
19712,34,3,1107
19713,22,2,892
19713,39,2,1068
19714,42,2,934
19714,30,1,549
19714,39,3,1068
19715,44,1,1303
19715,31,3,647
19715,18,1,649
19716,29,3,1062
19716,7,2,332
19716,32,2,611
19717,4,3,516
19718,41,1,910
19718,12,1,1432
19718,44,3,1303
19719,18,2,649
19720,5,3,1051
19720,49,2,1172
19721,34,1,1107
19721,50,3,998
19722,1,2,1038
19722,39,1,1068
19722,9,3,1025
19723,27,1,1283
19723,24,1,946
19724,47,1,954
19725,16,1,1416
19725,2,3,576
19725,21,1,736
19726,42,3,934
19726,33,1,943
19727,50,2,998
19727,26,2,1135
19727,3,3,748
19728,7,1,332
19728,48,2,553
19728,32,1,611
19729,1,1,1038
19730,12,3,1432
19731,28,2,1057
19731,5,3,1051
19732,15,2,439
19732,7,3,332
19733,15,1,439
19734,17,3,902
19734,18,3,649
19734,28,1,1057
19735,1,2,1038
19735,48,1,553
19736,8,3,588
19737,18,2,649
19738,42,2,934
19739,17,3,902
19739,19,2,718
19740,40,2,1066
19740,18,2,649
19741,28,2,1057
19742,39,1,1068
19742,21,2,736
19742,20,1,753
19743,20,3,753
19744,18,1,649
19744,26,3,1135
19744,50,1,998
19745,20,2,753
19745,13,3,954
19746,36,3,847
19746,3,1,748
19746,11,3,1047
19747,13,2,954
19748,10,2,913
19749,44,1,1303
19749,12,1,1432
19749,2,3,576
19750,4,3,516
19750,26,2,1135
19750,35,3,815
19751,46,3,625
19751,19,1,718
19752,40,3,1066
19752,10,2,913
19752,11,3,1047
19753,1,3,1038
19753,30,2,549
19753,10,1,913
19754,15,2,439
19755,24,2,946
19756,46,2,625
19757,21,2,736
19757,36,2,847
19757,36,2,847
19758,8,1,588
19758,44,2,1303
19758,50,1,998
19759,12,3,1432
19759,25,2,737
19760,36,2,847
19761,9,3,1025
19761,6,1,1306
19762,38,1,1061
19762,25,3,737
19763,34,2,1107
19763,9,2,1025
19763,43,2,1149
19764,36,3,847
19764,4,3,516
19764,5,2,1051
19765,24,2,946
19766,29,1,1062
19767,33,1,943
19767,15,1,439
19767,19,2,718
19768,45,3,561
19769,43,1,1149
19769,31,2,647
19769,45,2,561
19770,4,2,516
19771,44,1,1303
19771,49,1,1172
19772,47,2,954
19772,27,1,1283
19772,1,1,1038
19773,38,3,1061
19773,29,1,1062
19773,13,1,954
19774,34,1,1107
19775,27,3,1283
19775,4,3,516
19775,40,1,1066
19776,43,2,1149
19777,42,1,934
19777,6,3,1306
19778,4,2,516
19778,16,1,1416
19778,48,3,553
19779,23,1,784
19780,37,3,1229
19780,43,1,1149
19781,28,1,1057
19782,13,2,954
19783,34,1,1107
19783,38,3,1061
19783,18,2,649
19784,6,3,1306
19784,22,2,892
19785,10,1,913
19786,1,2,1038
19786,23,3,784
19787,45,1,561
19788,25,3,737
19788,18,2,649
19788,28,2,1057
19789,25,2,737
19790,11,1,1047
19790,40,1,1066
19790,36,2,847
19791,45,2,561
19791,36,1,847
19791,16,2,1416
19792,48,3,553
19793,40,2,1066
19793,34,2,1107
19794,47,1,954
19794,36,1,847
19795,32,1,611
19795,28,1,1057
19795,1,2,1038
19796,2,1,576
19797,10,3,913
19797,28,3,1057
19798,9,3,1025
19798,27,1,1283
19799,47,3,954
19800,43,1,1149
19800,29,2,1062
19800,6,3,1306
19801,17,3,902
19801,35,1,815
19801,7,1,332
19802,18,2,649
19802,5,2,1051
19802,19,3,718
19803,15,1,439
19803,22,3,892
19804,36,1,847
19805,12,2,1432
19805,43,2,1149
19806,43,3,1149
19806,14,1,1157
19806,23,1,784
19807,20,1,753
19807,47,3,954
19808,30,1,549
19808,12,1,1432
19809,3,3,748
19810,9,3,1025
19810,33,2,943
19810,25,1,737
19811,50,2,998
19811,3,3,748
19811,27,2,1283
19812,23,1,784
19812,19,1,718
19812,7,1,332
19813,42,2,934
19813,35,2,815
19813,20,1,753
19814,7,2,332
19814,20,1,753
19815,47,3,954
19815,21,2,736
19815,20,3,753
19816,40,3,1066
19816,41,1,910
19817,20,3,753
19817,40,1,1066
19818,16,3,1416
19819,38,1,1061
19819,10,2,913
19819,9,3,1025
19820,43,1,1149
19820,38,1,1061
19821,24,3,946
19821,18,2,649
19822,13,1,954
19822,48,3,553
19823,42,3,934
19824,50,2,998
19824,43,3,1149
19825,41,2,910
19826,28,3,1057
19826,26,1,1135
19827,7,3,332
19827,42,3,934
19828,11,2,1047
19828,30,1,549
19829,20,3,753
19830,23,2,784
19831,28,1,1057
19832,28,3,1057
19832,47,2,954
19832,44,3,1303
19833,8,1,588
19833,36,1,847
19833,29,3,1062
19834,33,3,943
19834,6,2,1306
19835,50,1,998
19835,6,2,1306
19836,48,2,553
19837,43,3,1149
19837,44,3,1303
19838,10,3,913
19838,11,3,1047
19838,25,1,737
19839,29,1,1062
19840,42,1,934
19840,20,1,753
19841,19,2,718
19841,46,1,625
19841,39,1,1068
19842,15,3,439
19842,5,2,1051
19842,44,3,1303
19843,14,2,1157
19843,12,1,1432
19843,48,1,553
19844,40,3,1066
19844,14,1,1157
19845,9,3,1025
19845,7,3,332
19845,25,2,737
19846,8,3,588
19846,26,3,1135
19847,27,3,1283
19847,39,3,1068
19847,6,2,1306
19848,45,1,561
19848,12,3,1432
19848,24,2,946
19849,34,1,1107
19850,30,2,549
19851,38,2,1061
19852,48,1,553
19852,31,2,647
19852,39,3,1068
19853,43,3,1149
19853,33,2,943
19854,34,3,1107
19854,35,2,815
19854,11,3,1047
19855,45,2,561
19856,25,3,737
19856,11,1,1047
19856,24,1,946
19857,21,3,736
19858,7,3,332
19858,3,3,748
19858,9,1,1025
19859,8,1,588
19859,42,1,934
19860,33,3,943
19861,12,3,1432
19861,41,2,910
19862,41,3,910
19862,25,3,737
19862,35,3,815
19863,36,2,847
19863,4,2,516
19864,46,2,625
19864,11,2,1047
19865,4,1,516
19865,25,3,737
19866,45,1,561
19866,3,3,748
19867,14,1,1157
19867,1,3,1038
19868,41,2,910
19869,16,2,1416
19869,37,2,1229
19869,5,2,1051
19870,21,3,736
19870,14,2,1157
19870,47,1,954
19871,18,2,649
19871,33,1,943
19871,42,3,934
19872,45,1,561
19872,23,1,784
19873,43,1,1149
19873,12,2,1432
19873,1,3,1038
19874,2,3,576
19874,3,3,748
19875,39,2,1068
19876,33,2,943
19876,26,2,1135
19876,1,3,1038
19877,23,2,784
19877,11,2,1047
19877,25,2,737
19878,10,2,913
19878,22,3,892
19878,8,2,588
19879,24,2,946
19879,33,2,943
19879,38,2,1061
19880,14,3,1157
19880,14,2,1157
19881,28,1,1057
19881,41,2,910
19882,1,1,1038
19883,11,2,1047
19883,39,1,1068
19883,48,2,553
19884,1,1,1038
19884,6,2,1306
19884,29,1,1062
19885,41,2,910
19885,5,1,1051
19886,1,2,1038
19887,45,2,561
19887,10,3,913
19888,16,3,1416
19888,6,2,1306
19889,41,1,910
19889,13,1,954
19889,29,3,1062
19890,26,1,1135
19891,21,1,736
19891,32,1,611
19891,28,1,1057
19892,15,1,439
19892,10,2,913
19892,46,2,625
19893,36,3,847
19893,28,2,1057
19894,50,2,998
19895,45,3,561
19896,26,2,1135
19896,31,2,647
19896,14,3,1157
19897,10,2,913
19897,41,2,910
19898,29,1,1062
19898,7,2,332
19898,28,3,1057
19899,35,1,815
19899,47,1,954
19899,27,1,1283
19900,10,3,913
19901,24,2,946
19901,50,3,998
19902,16,3,1416
19903,44,3,1303
19904,42,1,934
19904,45,2,561
19905,18,2,649
19905,43,3,1149
19906,32,1,611
19907,15,3,439
19907,30,1,549
19908,17,1,902
19909,2,1,576
19910,42,2,934
19911,6,3,1306
19911,14,2,1157
19912,13,3,954
19912,2,1,576
19912,15,3,439
19913,25,2,737
19914,48,3,553
19914,46,3,625
19915,36,1,847
19915,21,3,736
19916,15,3,439
19916,39,1,1068
19917,18,1,649
19917,41,2,910
19918,27,2,1283
19918,17,2,902
19919,4,2,516
19919,48,3,553
19920,5,2,1051
19920,44,2,1303
19920,23,1,784
19921,28,2,1057
19921,19,3,718
19922,50,1,998
19923,7,1,332
19923,37,2,1229
19924,6,3,1306
19924,31,2,647
19925,5,1,1051
19926,34,1,1107
19927,28,1,1057
19927,43,3,1149
19928,24,1,946
19929,21,2,736
19930,5,3,1051
19931,1,1,1038
19931,7,2,332
19932,45,1,561
19932,18,2,649
19933,31,2,647
19934,14,3,1157
19935,46,1,625
19935,12,1,1432
19935,41,3,910
19936,28,1,1057
19937,22,1,892
19937,16,3,1416
19937,21,3,736
19938,31,2,647
19939,3,2,748
19940,20,1,753
19940,41,3,910
19940,46,2,625
19941,4,2,516
19941,20,2,753
19942,23,2,784
19942,2,1,576
19943,37,2,1229
19943,35,1,815
19944,15,1,439
19945,45,1,561
19946,43,3,1149
19947,17,3,902
19948,24,1,946
19949,39,2,1068
19949,22,3,892
19949,13,2,954
19950,50,2,998
19951,17,3,902
19952,19,1,718
19952,4,2,516
19952,20,3,753
19953,9,3,1025
19954,39,3,1068
19955,11,1,1047
19955,3,2,748
19956,5,3,1051
19956,29,1,1062
19956,17,3,902
19957,49,1,1172
19958,6,2,1306
19958,23,2,784
19958,41,3,910
19959,9,1,1025
19959,38,1,1061
19959,32,1,611
19960,10,3,913
19960,45,1,561
19960,20,2,753
19961,14,3,1157
19961,35,2,815
19961,26,1,1135
19962,17,3,902
19962,14,2,1157
19962,24,2,946
19963,25,3,737
19964,17,1,902
19965,22,1,892
19965,39,3,1068
19966,6,2,1306
19967,3,3,748
19967,14,3,1157
19968,11,1,1047
19968,26,2,1135
19968,50,3,998
19969,20,2,753
19969,4,2,516
19970,35,3,815
19970,5,3,1051
19971,9,3,1025
19972,16,3,1416
19972,40,1,1066
19972,13,1,954
19973,42,1,934
19973,37,2,1229
19974,14,1,1157
19974,5,1,1051
19974,34,3,1107
19975,34,2,1107
19975,6,2,1306
19976,14,1,1157
19976,27,3,1283
19976,38,2,1061
19977,12,1,1432
19977,10,2,913
19978,10,3,913
19978,24,3,946
19979,40,3,1066
19979,45,2,561
19979,40,2,1066
19980,9,1,1025
19981,1,3,1038
19981,27,2,1283
19981,39,1,1068
19982,44,1,1303
19983,8,1,588
19984,27,1,1283
19985,29,1,1062
19985,23,2,784
19986,42,3,934
19987,33,2,943
19987,17,3,902
19987,34,2,1107
19988,6,1,1306
19989,20,3,753
19989,11,2,1047
19989,39,3,1068
19990,30,3,549
19991,8,2,588
19992,35,2,815
19992,43,1,1149
19992,23,2,784
19993,24,1,946
19993,2,3,576
19993,20,1,753
19994,2,2,576
19994,15,1,439
19995,3,3,748
19995,1,1,1038
19995,31,3,647
19996,37,1,1229
19997,17,1,902
19997,46,3,625
19998,37,3,1229
19998,43,1,1149
19999,30,1,549
20000,43,2,1149
20000,31,1,647
20000,50,3,998
